사고번호,사고일시,요일,시군구,사고내용,사망자수,중상자수,경상자수,부상신고자수,사고유형,법규위반,노면상태,기상상태,도로형태,가해운전자 차종,가해운전자 성별,가해운전자 연령,가해운전자 상해정도,피해운전자 차종,피해운전자 성별,피해운전자 연령,피해운전자 상해정도
2012011800100289,2012년 1월 18일 14시,수요일,대전광역시 서구 가수원동,중상사고,0,3,4,0,차대차 - 추돌 - 진행중,안전운전불이행,건조,맑음,단일로 - 기타,승용,여,48세,상해없음,승용,남,42세,중상
2012011800100434,2012년 1월 18일 18시,수요일,대전광역시 동구 가오동,경상사고,0,0,2,0,차대차 - 측면직각충돌,안전운전불이행,건조,맑음,단일로 - 기타,승용,남,52세,상해없음,승용,여,54세,경상
2012011800100435,2012년 1월 18일 18시,수요일,대전광역시 동구 가양동,경상사고,0,0,1,0,차대사람 - 길가장자리구역통행중,안전운전불이행,건조,맑음,교차로 - 교차로부근,승용,남,57세,상해없음,보행자,여,46세,경상
2012011800100436,2012년 1월 18일 18시,수요일,대전광역시 대덕구 중리동,경상사고,0,0,1,0,차대차 - 추돌 - 주정차중,기타,건조,맑음,단일로 - 기타,승용,남,54세,상해없음,이륜,남,31세,상해없음
2012011800100437,2012년 1월 18일 18시,수요일,대전광역시 대덕구 연축동,중상사고,0,1,0,0,차대사람 - 횡단중,보행자보호의무위반,건조,맑음,교차로 - 교차로부근,화물,남,43세,상해없음,보행자,남,54세,중상
2012011800100507,2012년 1월 18일 20시,수요일,대전광역시 대덕구 법동,중상사고,0,1,2,0,차대차 - 추돌 - 진행중,안전운전불이행,건조,맑음,교차로 - 교차로부근,승용,남,37세,상해없음,승합,남,55세,경상
2012011800100532,2012년 1월 18일 21시,수요일,대전광역시 서구 탄방동,중상사고,0,1,0,0,차대차 - 기타,안전거리미확보,건조,맑음,단일로 - 기타,승용,남,52세,상해없음,승용,여,24세,중상
2012011800100560,2012년 1월 18일 22시,수요일,대전광역시 중구 선화동,경상사고,0,0,3,0,차대차 - 정면충돌,신호위반,건조,맑음,단일로 - 기타,승용,남,44세,상해없음,승용,남,20세,경상
2012011800100561,2012년 1월 18일 22시,수요일,대전광역시 동구 가양동,중상사고,0,1,0,0,차대사람 - 횡단중,신호위반,건조,맑음,교차로 - 교차로부근,승용,남,38세,상해없음,보행자,여,51세,중상
2012011900100020,2012년 1월 19일 00시,목요일,대전광역시 중구 태평동,경상사고,0,0,1,0,차대차 - 추돌 - 주정차중,안전운전불이행,건조,맑음,단일로 - 기타,승용,남,32세,상해없음,승용,남,47세,경상
2012011900100021,2012년 1월 19일 00시,목요일,대전광역시 대덕구 석봉동,중상사고,0,1,0,0,차대차 - 측면직각충돌,신호위반,건조,맑음,교차로 - 교차로안,승용,남,25세,기타불명,승용,남,56세,중상
2012011900100048,2012년 1월 19일 02시,목요일,대전광역시 서구 월평동,경상사고,0,0,2,0,차대차 - 추돌 - 주정차중,중앙선침범,습기,비,교차로 - 교차로부근,승용,남,23세,상해없음,승용,남,38세,상해없음
2012011900100056,2012년 1월 19일 03시,목요일,대전광역시 서구 용문동,경상사고,0,0,1,0,차대차 - 추돌 - 진행중,안전거리미확보,건조,맑음,교차로 - 교차로부근,승용,남,24세,상해없음,승용,남,43세,경상
2012011900100132,2012년 1월 19일 07시,목요일,대전광역시 서구 도마동,경상사고,0,0,1,0,차대차 - 측면직각충돌,중앙선침범,습기,흐림,단일로 - 기타,승용,여,40세,상해없음,승용,남,58세,경상
2012011900100162,2012년 1월 19일 08시,목요일,대전광역시 서구 변동,경상사고,0,0,1,0,차대차 - 기타,교차로운행방법위반,습기,비,교차로 - 교차로안,화물,남,60세,상해없음,승용,남,46세,경상
2012011900100181,2012년 1월 19일 09시,목요일,대전광역시 동구 용전동,경상사고,0,0,1,0,차대차 - 측면직각충돌,중앙선침범,습기,비,교차로 - 교차로부근,이륜,남,20세,상해없음,승용,여,46세,경상
2012011900100257,2012년 1월 19일 12시,목요일,대전광역시 중구 문화동,중상사고,0,1,0,0,차대사람 - 횡단중,안전운전불이행,건조,맑음,교차로 - 교차로안,승용,남,57세,상해없음,보행자,남,80세,중상
2012011900100258,2012년 1월 19일 12시,목요일,대전광역시 동구 성남동,중상사고,0,2,1,0,차대차 - 측면직각충돌,신호위반,건조,맑음,교차로 - 교차로안,화물,남,61세,상해없음,승용,남,45세,경상
2012011900100351,2012년 1월 19일 15시,목요일,대전광역시 중구 태평동,경상사고,0,0,1,0,차대차 - 측면직각충돌,안전운전불이행,습기,비,단일로 - 기타,승용,여,53세,상해없음,승용,남,55세,경상
2012011900100385,2012년 1월 19일 16시,목요일,대전광역시 서구 월평동,중상사고,0,1,3,0,차대차 - 측면직각충돌,안전운전불이행,습기,흐림,단일로 - 교량,승용,남,22세,경상,승용,남,37세,경상
2012011900100474,2012년 1월 19일 18시,목요일,대전광역시 동구 판암동,중상사고,0,1,0,0,차대사람 - 횡단중,보행자보호의무위반,습기,비,단일로 - 횡단보도상,승용,남,65세,상해없음,보행자,남,52세,중상
2012011900100475,2012년 1월 19일 18시,목요일,대전광역시 동구 판암동,경상사고,0,0,1,0,차대차 - 측면직각충돌,안전운전불이행,습기,비,교차로 - 교차로부근,승용,남,61세,상해없음,승용,남,58세,경상
2012011900100476,2012년 1월 19일 18시,목요일,대전광역시 유성구 원내동,중상사고,0,1,0,0,차대차 - 기타,교차로운행방법위반,습기,비,교차로 - 교차로안,승합,남,46세,상해없음,승용,남,57세,중상
2012011900100537,2012년 1월 19일 19시,목요일,대전광역시 동구 용전동,경상사고,0,0,1,0,차대차 - 측면직각충돌,안전운전불이행,건조,맑음,단일로 - 기타,승용,남,57세,상해없음,원동기,남,27세,경상
2012011900100538,2012년 1월 19일 19시,목요일,대전광역시 서구 가수원동,경상사고,0,0,1,0,차대차 - 측면직각충돌,중앙선침범,건조,맑음,단일로 - 기타,승용,여,48세,상해없음,이륜,남,20세,경상
2012012000100035,2012년 1월 20일 00시,금요일,대전광역시 서구 정림동,중상사고,0,2,0,0,차대차 - 측면직각충돌,안전운전불이행,건조,맑음,교차로 - 교차로안,승용,남,24세,상해없음,승용,남,43세,중상
2012012000100036,2012년 1월 20일 00시,금요일,대전광역시 유성구 궁동,중상사고,0,1,0,0,차대사람 - 기타,안전운전불이행,건조,흐림,교차로 - 교차로부근,승용,남,23세,상해없음,보행자,남,49세,중상
2012012000100077,2012년 1월 20일 02시,금요일,대전광역시 서구 만년동,경상사고,0,0,1,0,차대차 - 기타,신호위반,습기,흐림,단일로 - 기타,승용,남,25세,상해없음,승용,남,68세,경상
2012012000100119,2012년 1월 20일 05시,금요일,대전광역시 서구 내동,부상신고사고,0,0,0,1,차대사람 - 기타,안전운전불이행,건조,맑음,교차로 - 교차로부근,승용,남,47세,상해없음,보행자,여,19세,부상신고
2012012000100137,2012년 1월 20일 06시,금요일,대전광역시 동구 구도동,사망사고,1,0,0,0,차대차 - 측면직각충돌,신호위반,습기,비,교차로 - 교차로안,승합,남,57세,상해없음,승합,남,59세,사망
2012012000100207,2012년 1월 20일 09시,금요일,대전광역시 중구 안영동,경상사고,0,0,3,0,차대차 - 측면직각충돌,안전운전불이행,건조,맑음,단일로 - 기타,승용,남,46세,상해없음,승용,여,55세,경상
2012012000100208,2012년 1월 20일 09시,금요일,대전광역시 대덕구 오정동,중상사고,0,1,3,0,차대차 - 측면직각충돌,안전운전불이행,습기,흐림,단일로 - 기타,승용,남,32세,상해없음,승합,남,51세,상해없음
2012012000100240,2012년 1월 20일 10시,금요일,대전광역시 서구 탄방동,경상사고,0,0,1,0,차대차 - 기타,기타,건조,맑음,단일로 - 기타,승용,남,49세,상해없음,자전거,남,49세,경상
2012012000100366,2012년 1월 20일 14시,금요일,대전광역시 서구 용문동,경상사고,0,0,1,0,차대차 - 추돌 - 주정차중,안전운전불이행,건조,맑음,단일로 - 기타,승용,남,35세,상해없음,승용,남,44세,경상
2012012000100434,2012년 1월 20일 16시,금요일,대전광역시 서구 탄방동,중상사고,0,1,0,0,차대차 - 기타,안전운전불이행,건조,맑음,단일로 - 기타,화물,남,64세,상해없음,이륜,남,62세,중상
2012012000100466,2012년 1월 20일 17시,금요일,대전광역시 서구 정림동,중상사고,0,1,0,0,차대차 - 기타,안전운전불이행,건조,맑음,단일로 - 기타,승용,남,47세,상해없음,이륜,남,55세,중상
2012012000100533,2012년 1월 20일 18시,금요일,대전광역시 중구 오류동,중상사고,0,1,0,0,차대사람 - 횡단중,신호위반,건조,맑음,단일로 - 기타,승용,여,30세,상해없음,보행자,여,30세,중상
2012012000100534,2012년 1월 20일 18시,금요일,대전광역시 대덕구 신탄진동,중상사고,0,1,0,0,차대사람 - 길가장자리구역통행중,안전운전불이행,건조,맑음,교차로 - 교차로안,승용,여,40세,상해없음,보행자,남,68세,중상
2012012000100583,2012년 1월 20일 19시,금요일,대전광역시 유성구 봉산동,경상사고,0,0,1,0,차대사람 - 횡단중,안전운전불이행,건조,맑음,단일로 - 횡단보도부근,승용,남,69세,상해없음,보행자,남,2세,경상
2012012000100676,2012년 1월 20일 22시,금요일,대전광역시 유성구 봉명동,중상사고,0,1,0,0,차대사람 - 횡단중,보행자보호의무위반,건조,맑음,단일로 - 횡단보도상,이륜,남,56세,상해없음,보행자,여,21세,중상
2012012000100700,2012년 1월 20일 23시,금요일,대전광역시 중구 선화동,경상사고,0,0,1,0,차대차 - 측면직각충돌,중앙선침범,습기,흐림,단일로 - 기타,승용,남,45세,상해없음,승용,여,44세,경상
2012012100100021,2012년 1월 21일 00시,토요일,대전광역시 동구 가오동,중상사고,0,1,1,0,차대차 - 측면직각충돌,신호위반,건조,맑음,교차로 - 교차로안,화물,남,27세,상해없음,승용,남,49세,중상
2012012100100069,2012년 1월 21일 02시,토요일,대전광역시 서구 둔산동,중상사고,0,1,2,0,차대차 - 추돌 - 주정차중,안전운전불이행,건조,맑음,교차로 - 교차로부근,승용,남,29세,상해없음,승용,남,51세,경상
2012012100100089,2012년 1월 21일 03시,토요일,대전광역시 대덕구 송촌동,부상신고사고,0,0,0,1,차대차 - 측면직각충돌,신호위반,건조,맑음,교차로 - 교차로안,승용,남,51세,상해없음,승용,남,22세,상해없음
2012012100100113,2012년 1월 21일 05시,토요일,대전광역시 중구 중촌동,중상사고,0,1,0,0,차대사람 - 횡단중,안전운전불이행,습기,비,단일로 - 기타,승용,남,33세,상해없음,보행자,남,29세,중상
2012012100100114,2012년 1월 21일 05시,토요일,대전광역시 중구 중촌동,중상사고,0,2,0,0,차대차 - 추돌 - 주정차중,안전운전불이행,습기,비,미분류 - 미분류,승용,남,53세,상해없음,승용,남,47세,중상
2012012100100136,2012년 1월 21일 06시,토요일,대전광역시 중구 대사동,중상사고,0,1,0,0,차대사람 - 보도통행중,보행자보호의무위반,건조,맑음,단일로 - 횡단보도상,승용,기타불명,기타불명,기타불명,보행자,여,53세,중상
2012012100100137,2012년 1월 21일 06시,토요일,대전광역시 동구 정동,중상사고,0,1,1,0,차대차 - 측면직각충돌,중앙선침범,건조,맑음,단일로 - 기타,승용,남,26세,상해없음,원동기,남,17세,중상
2012012100100213,2012년 1월 21일 10시,토요일,대전광역시 유성구 화암동,중상사고,0,1,0,0,차대사람 - 기타,보행자보호의무위반,습기,비,단일로 - 횡단보도상,승합,남,38세,상해없음,보행자,여,66세,중상
2012012100100232,2012년 1월 21일 11시,토요일,대전광역시 동구 용전동,중상사고,0,1,0,0,차대차 - 측면직각충돌,신호위반,건조,맑음,단일로 - 횡단보도상,화물,남,48세,상해없음,원동기,여,50세,중상
2012012100100233,2012년 1월 21일 11시,토요일,대전광역시 서구 탄방동,경상사고,0,0,1,0,차대차 - 추돌 - 진행중,안전거리미확보,습기,비,단일로 - 터널,승용,기타불명,기타불명,기타불명,승용,남,70세,경상
2012012100100469,2012년 1월 21일 19시,토요일,대전광역시 중구 산성동,경상사고,0,0,5,0,차대차 - 정면충돌,중앙선침범,건조,맑음,교차로 - 교차로부근,승용,남,38세,상해없음,승용,여,44세,경상
2012012100100494,2012년 1월 21일 20시,토요일,대전광역시 동구 용전동,경상사고,0,0,1,0,차대차 - 측면직각충돌,중앙선침범,습기,흐림,단일로 - 기타,승용,남,61세,상해없음,승용,남,45세,경상
2012012100100518,2012년 1월 21일 21시,토요일,대전광역시 중구 산성동,경상사고,0,0,1,0,차대차 - 기타,안전운전불이행,건조,맑음,단일로 - 기타,승용,남,57세,상해없음,승용,남,35세,경상
2012012100100519,2012년 1월 21일 21시,토요일,대전광역시 대덕구 송촌동,경상사고,0,0,1,0,차대사람 - 기타,안전운전불이행,건조,맑음,단일로 - 기타,승용,남,47세,상해없음,보행자,여,24세,경상
2012012100100567,2012년 1월 21일 23시,토요일,대전광역시 서구 갈마동,경상사고,0,0,1,0,차대사람 - 기타,안전운전불이행,건조,맑음,단일로 - 기타,승용,남,43세,상해없음,보행자,남,4세,경상
2012012200100021,2012년 1월 22일 00시,일요일,대전광역시 서구 탄방동,경상사고,0,0,2,0,차대차 - 추돌 - 진행중,안전운전불이행,건조,맑음,단일로 - 기타,승용,남,50세,상해없음,승용,남,43세,경상
2012012200100022,2012년 1월 22일 00시,일요일,대전광역시 서구 둔산동,중상사고,0,1,0,0,차대차 - 측면직각충돌,신호위반,건조,맑음,단일로 - 기타,화물,남,28세,상해없음,이륜,남,31세,중상
2012012200100072,2012년 1월 22일 04시,일요일,대전광역시 대덕구 오정동,중상사고,0,1,0,0,차대사람 - 기타,안전운전불이행,건조,맑음,단일로 - 기타,승용,남,63세,상해없음,보행자,여,74세,중상
2012012200100145,2012년 1월 22일 10시,일요일,대전광역시 유성구 덕명동,경상사고,0,0,2,0,차대차 - 기타,교차로운행방법위반,건조,맑음,교차로 - 교차로안,승용,기타불명,기타불명,기타불명,승용,남,62세,경상
2012012200100172,2012년 1월 22일 12시,일요일,대전광역시 서구 변동,경상사고,0,0,2,0,차대차 - 측면직각충돌,중앙선침범,건조,맑음,단일로 - 기타,승용,여,28세,상해없음,승용,남,46세,경상
2012012200100232,2012년 1월 22일 15시,일요일,대전광역시 유성구 노은동,경상사고,0,0,3,0,차대차 - 기타,신호위반,건조,맑음,교차로 - 교차로안,승용,남,49세,상해없음,승용,남,53세,경상
2012012200100291,2012년 1월 22일 18시,일요일,대전광역시 중구 태평동,경상사고,0,0,1,0,차대차 - 측면직각충돌,신호위반,건조,맑음,교차로 - 교차로안,승용,남,57세,상해없음,이륜,남,29세,경상
2012012200100292,2012년 1월 22일 18시,일요일,대전광역시 유성구 지족동,경상사고,0,0,1,0,차대차 - 측면직각충돌,신호위반,건조,맑음,교차로 - 교차로안,승용,여,28세,상해없음,승용,남,43세,경상
2012012200100317,2012년 1월 22일 19시,일요일,대전광역시 동구 용전동,경상사고,0,0,1,0,차대사람 - 횡단중,보행자보호의무위반,건조,맑음,교차로 - 교차로안,승용,기타불명,기타불명,기타불명,보행자,여,16세,경상
2012012200100332,2012년 1월 22일 20시,일요일,대전광역시 서구 도마동,경상사고,0,0,2,0,차대차 - 측면직각충돌,안전거리미확보,건조,맑음,단일로 - 기타,승용,여,36세,상해없음,원동기,남,18세,경상
2012012200100370,2012년 1월 22일 22시,일요일,대전광역시 중구 용두동,경상사고,0,0,4,0,차대차 - 측면직각충돌,안전운전불이행,건조,맑음,단일로 - 기타,승용,남,31세,상해없음,승용,남,21세,경상
2012012200100392,2012년 1월 22일 23시,일요일,대전광역시 서구 괴정동,경상사고,0,0,1,0,차대차 - 기타,안전운전불이행,건조,맑음,교차로 - 교차로부근,화물,남,27세,상해없음,승용,남,31세,경상
2012012300100015,2012년 1월 23일 00시,월요일,대전광역시 서구 월평동,경상사고,0,0,1,0,차대사람 - 기타,안전운전불이행,건조,맑음,단일로 - 기타,승용,여,27세,상해없음,보행자,여,39세,경상
2012012300100021,2012년 1월 23일 01시,월요일,대전광역시 대덕구 신탄진동,경상사고,0,0,1,0,차대사람 - 기타,안전운전불이행,건조,맑음,단일로 - 기타,승용,기타불명,기타불명,기타불명,보행자,남,60세,경상
2012012300100054,2012년 1월 23일 06시,월요일,대전광역시 유성구 봉명동,사망사고,1,2,5,0,차대차 - 측면직각충돌,교차로운행방법위반,건조,맑음,교차로 - 교차로안,승용,남,31세,상해없음,승용,남,49세,경상
2012012300100065,2012년 1월 23일 08시,월요일,대전광역시 중구 부사동,경상사고,0,0,4,0,차대차 - 추돌 - 진행중,안전운전불이행,건조,맑음,단일로 - 기타,승용,남,16세,상해없음,승용,남,59세,경상
2012012300100100,2012년 1월 23일 10시,월요일,대전광역시 중구 부사동,경상사고,0,0,3,0,차대차 - 기타,안전운전불이행,건조,맑음,단일로 - 기타,승용,남,36세,경상,승용,남,67세,경상
2012012300100169,2012년 1월 23일 13시,월요일,대전광역시 서구 가수원동,중상사고,0,2,3,0,차대차 - 추돌 - 진행중,안전운전불이행,건조,맑음,교차로 - 교차로부근,화물,남,52세,상해없음,승용,남,36세,경상
2012012300100280,2012년 1월 23일 19시,월요일,대전광역시 중구 은행동,경상사고,0,0,2,0,차대차 - 기타,신호위반,건조,맑음,교차로 - 교차로부근,승용,기타불명,기타불명,기타불명,승합,남,45세,상해없음
2012012300100305,2012년 1월 23일 20시,월요일,대전광역시 동구 가오동,경상사고,0,0,1,0,차대차 - 측면직각충돌,안전운전불이행,건조,맑음,단일로 - 기타,승용,여,44세,상해없음,승용,남,30세,경상
2012012300100318,2012년 1월 23일 21시,월요일,대전광역시 유성구 덕진동,경상사고,0,0,1,0,차대차 - 기타,신호위반,건조,맑음,교차로 - 교차로안,승용,남,50세,상해없음,승용,여,44세,상해없음
2012012300100335,2012년 1월 23일 22시,월요일,대전광역시 서구 가장동,경상사고,0,0,1,0,차대차 - 추돌 - 진행중,안전거리미확보,건조,맑음,단일로 - 기타,승용,남,39세,상해없음,원동기,남,25세,경상
2012012400100038,2012년 1월 24일 01시,화요일,대전광역시 유성구 원내동,경상사고,0,0,2,0,차대차 - 측면직각충돌,안전운전불이행,건조,맑음,단일로 - 기타,승용,남,24세,상해없음,승용,남,59세,상해없음
2012012400100078,2012년 1월 24일 07시,화요일,대전광역시 동구 자양동,중상사고,0,1,1,0,차대차 - 추돌 - 주정차중,안전운전불이행,건조,맑음,교차로 - 교차로부근,승용,남,28세,상해없음,승합,남,53세,경상
2012012400100279,2012년 1월 24일 20시,화요일,대전광역시 대덕구 오정동,경상사고,0,0,1,0,차대사람 - 길가장자리구역통행중,안전운전불이행,건조,맑음,단일로 - 기타,승용,기타불명,기타불명,기타불명,보행자,남,69세,경상
2012012400100280,2012년 1월 24일 20시,화요일,대전광역시 서구 둔산동,경상사고,0,0,1,0,차대차 - 추돌 - 진행중,안전운전불이행,건조,맑음,단일로 - 기타,승용,남,27세,상해없음,승용,남,59세,경상
2012012400100313,2012년 1월 24일 22시,화요일,대전광역시 서구 도마동,경상사고,0,0,2,0,차대차 - 측면직각충돌,신호위반,건조,맑음,교차로 - 교차로안,승용,남,53세,상해없음,승용,남,26세,경상
2012012500100039,2012년 1월 25일 01시,수요일,대전광역시 서구 둔산동,사망사고,1,0,1,0,차량단독 - 공작물충돌,안전운전불이행,적설,눈,단일로 - 기타,승용,남,25세,사망,,,,
2012012500100068,2012년 1월 25일 05시,수요일,대전광역시 대덕구 덕암동,경상사고,0,0,1,0,차대차 - 측면직각충돌,신호위반,결빙,눈,교차로 - 교차로안,승용,남,61세,상해없음,승합,남,49세,경상
2012012500100125,2012년 1월 25일 08시,수요일,대전광역시 중구 용두동,중상사고,0,2,1,0,차대차 - 기타,안전운전불이행,결빙,맑음,단일로 - 기타,화물,남,30세,상해없음,승용,여,34세,중상
2012012500100151,2012년 1월 25일 09시,수요일,대전광역시 동구 용전동,경상사고,0,0,1,0,차대차 - 추돌 - 주정차중,안전거리미확보,건조,맑음,단일로 - 기타,승합,남,43세,상해없음,승합,남,56세,상해없음
2012012500100195,2012년 1월 25일 11시,수요일,대전광역시 중구 태평동,경상사고,0,0,1,0,차대차 - 측면직각충돌,신호위반,건조,맑음,교차로 - 교차로안,승용,남,76세,상해없음,승용,여,43세,경상
2012012500100196,2012년 1월 25일 11시,수요일,대전광역시 대덕구 읍내동,중상사고,0,1,1,0,차대차 - 측면직각충돌,중앙선침범,건조,맑음,단일로 - 기타,승용,남,24세,상해없음,화물,여,57세,중상
2012012500100320,2012년 1월 25일 14시,수요일,대전광역시 서구 용문동,경상사고,0,0,1,0,차대사람 - 횡단중,안전운전불이행,건조,맑음,교차로 - 교차로안,승용,기타불명,기타불명,기타불명,보행자,여,7세,경상
2012012500100321,2012년 1월 25일 14시,수요일,대전광역시 서구 탄방동,경상사고,0,0,1,0,차대차 - 기타,신호위반,건조,맑음,교차로 - 교차로안,승합,남,52세,상해없음,이륜,남,21세,경상
2012012500100354,2012년 1월 25일 15시,수요일,대전광역시 중구 용두동,경상사고,0,0,1,0,차대차 - 측면직각충돌,신호위반,건조,맑음,교차로 - 교차로안,화물,남,38세,상해없음,승용,남,30세,경상
2012012500100355,2012년 1월 25일 15시,수요일,대전광역시 대덕구 상서동,경상사고,0,0,1,0,차대사람 - 기타,안전운전불이행,건조,맑음,교차로 - 교차로안,화물,남,43세,상해없음,보행자,남,43세,경상
2012012500100393,2012년 1월 25일 16시,수요일,대전광역시 서구 도마동,중상사고,0,1,0,0,차대사람 - 길가장자리구역통행중,안전운전불이행,건조,맑음,단일로 - 기타,화물,남,34세,상해없음,보행자,여,20세,중상
2012012500100394,2012년 1월 25일 16시,수요일,대전광역시 유성구 관평동,경상사고,0,0,1,0,차대사람 - 길가장자리구역통행중,안전운전불이행,건조,맑음,단일로 - 기타,승용,기타불명,기타불명,기타불명,보행자,여,50세,경상
2012012500100468,2012년 1월 25일 18시,수요일,대전광역시 서구 둔산동,중상사고,0,1,0,0,차대차 - 기타,신호위반,건조,맑음,교차로 - 교차로안,승용,여,38세,상해없음,승용,여,47세,중상
2012012500100618,2012년 1월 25일 22시,수요일,대전광역시 중구 용두동,중상사고,0,1,0,0,차대차 - 측면직각충돌,안전운전불이행,건조,맑음,단일로 - 교량,승용,남,39세,상해없음,승용,여,54세,중상
2012012500100619,2012년 1월 25일 22시,수요일,대전광역시 중구 용두동,경상사고,0,0,4,0,차대차 - 추돌 - 진행중,안전운전불이행,건조,맑음,단일로 - 교량,승용,남,44세,상해없음,승용,남,25세,경상
2012012500100651,2012년 1월 25일 23시,수요일,대전광역시 동구 신흥동,경상사고,0,0,1,0,차대차 - 추돌 - 진행중,안전운전불이행,건조,맑음,단일로 - 기타,승용,여,32세,경상,승용,남,49세,상해없음
2012012600100027,2012년 1월 26일 00시,목요일,대전광역시 유성구 용산동,중상사고,0,2,2,0,차대차 - 기타,교차로운행방법위반,건조,맑음,교차로 - 교차로안,승용,남,63세,경상,승용,남,32세,경상
2012012600100041,2012년 1월 26일 01시,목요일,대전광역시 중구 태평동,경상사고,0,0,2,0,차대차 - 추돌 - 진행중,안전운전불이행,건조,맑음,단일로 - 기타,승용,남,38세,상해없음,승용,남,44세,경상
2012012600100042,2012년 1월 26일 01시,목요일,대전광역시 동구 용운동,경상사고,0,0,1,0,차대차 - 추돌 - 주정차중,안전운전불이행,건조,맑음,교차로 - 교차로부근,화물,남,51세,상해없음,승용,남,70세,경상
2012012600100052,2012년 1월 26일 02시,목요일,대전광역시 중구 대흥동,경상사고,0,0,2,0,차대차 - 추돌 - 주정차중,안전운전불이행,건조,맑음,단일로 - 기타,승용,남,31세,상해없음,승용,남,25세,경상
2012012600100335,2012년 1월 26일 15시,목요일,대전광역시 동구 중동,경상사고,0,0,1,0,차대사람 - 길가장자리구역통행중,안전운전불이행,건조,맑음,단일로 - 기타,승합,여,61세,상해없음,보행자,남,59세,경상
2012012600100336,2012년 1월 26일 15시,목요일,대전광역시 서구 가수원동,중상사고,0,1,0,0,차대차 - 측면직각충돌,직진우회전진행방해,건조,흐림,교차로 - 교차로안,승용,남,32세,상해없음,원동기,남,61세,중상
2012012600100337,2012년 1월 26일 15시,목요일,대전광역시 서구 둔산동,중상사고,0,2,0,0,차량단독 - 기타,안전운전불이행,건조,맑음,교차로 - 교차로부근,승합,남,42세,상해없음,,,,
2012012600100401,2012년 1월 26일 17시,목요일,대전광역시 서구 만년동,경상사고,0,0,2,0,차대차 - 추돌 - 진행중,안전운전불이행,습기,맑음,단일로 - 기타,승합,남,56세,상해없음,승용,남,52세,상해없음
2012012600100545,2012년 1월 26일 21시,목요일,대전광역시 중구 중촌동,중상사고,0,2,0,0,차대차 - 측면직각충돌,안전거리미확보,건조,맑음,교차로 - 교차로부근,승용,남,33세,상해없음,승용,남,34세,중상
2012012600100590,2012년 1월 26일 23시,목요일,대전광역시 대덕구 석봉동,경상사고,0,0,1,0,차대차 - 정면충돌,신호위반,건조,맑음,교차로 - 교차로안,승용,남,29세,상해없음,승용,남,30세,경상
2012012700100046,2012년 1월 27일 02시,금요일,대전광역시 유성구 봉명동,경상사고,0,0,2,0,차대차 - 기타,신호위반,건조,맑음,교차로 - 교차로안,승용,남,71세,상해없음,승용,남,51세,경상
2012012700100067,2012년 1월 27일 05시,금요일,대전광역시 대덕구 오정동,중상사고,0,1,0,0,차대차 - 추돌 - 진행중,안전운전불이행,습기,눈,교차로 - 교차로안,승용,남,71세,상해없음,화물,남,42세,중상
2012012700100091,2012년 1월 27일 07시,금요일,대전광역시 유성구 신동,중상사고,0,1,0,0,차량단독 - 기타,기타,건조,맑음,단일로 - 기타,승합,남,63세,상해없음,,,,
2012012700100118,2012년 1월 27일 08시,금요일,대전광역시 대덕구 읍내동,중상사고,0,1,2,0,차대차 - 측면직각충돌,중앙선침범,결빙,눈,단일로 - 교량,승용,남,44세,상해없음,승용,남,28세,경상
2012012700100119,2012년 1월 27일 08시,금요일,대전광역시 유성구 관평동,중상사고,0,2,2,0,차대차 - 기타,중앙선침범,적설,눈,단일로 - 기타,화물,남,32세,상해없음,승용,남,55세,경상
2012012700100228,2012년 1월 27일 12시,금요일,대전광역시 서구 용문동,경상사고,0,0,1,0,차대차 - 측면직각충돌,중앙선침범,건조,맑음,교차로 - 교차로부근,승용,남,31세,상해없음,원동기,남,29세,경상
2012012700100249,2012년 1월 27일 13시,금요일,대전광역시 중구 산성동,중상사고,0,1,0,0,차대사람 - 횡단중,안전운전불이행,건조,맑음,단일로 - 기타,승용,남,63세,상해없음,보행자,남,48세,중상
2012012700100282,2012년 1월 27일 14시,금요일,대전광역시 유성구 장대동,경상사고,0,0,2,0,차대차 - 측면직각충돌,안전운전불이행,건조,맑음,단일로 - 기타,승용,남,31세,상해없음,승용,여,47세,경상
2012012700100283,2012년 1월 27일 14시,금요일,대전광역시 유성구 장대동,경상사고,0,0,2,0,차대차 - 추돌 - 진행중,안전운전불이행,건조,맑음,교차로 - 교차로부근,승용,여,51세,경상,승용,남,69세,경상
2012012700100533,2012년 1월 27일 21시,금요일,대전광역시 서구 용문동,중상사고,0,1,0,0,차대사람 - 횡단중,보행자보호의무위반,건조,맑음,교차로 - 교차로안,승합,남,58세,상해없음,보행자,여,57세,중상
2012012700100566,2012년 1월 27일 22시,금요일,대전광역시 서구 탄방동,경상사고,0,0,3,0,차대사람 - 기타,안전운전불이행,건조,맑음,단일로 - 기타,승용,여,29세,상해없음,보행자,남,40세,경상
2012012700100594,2012년 1월 27일 23시,금요일,대전광역시 서구 용문동,경상사고,0,0,1,0,차대사람 - 길가장자리구역통행중,안전운전불이행,건조,맑음,단일로 - 기타,승용,남,61세,상해없음,보행자,남,27세,경상
2012012800100031,2012년 1월 28일 00시,토요일,대전광역시 대덕구 중리동,사망사고,1,0,0,0,차대사람 - 횡단중,안전운전불이행,건조,맑음,교차로 - 교차로안,승용,남,29세,상해없음,보행자,남,38세,사망