사고번호,사고일시,요일,시군구,사고내용,사망자수,중상자수,경상자수,부상신고자수,사고유형,법규위반,노면상태,기상상태,도로형태,가해운전자 차종,가해운전자 성별,가해운전자 연령,가해운전자 상해정도,피해운전자 차종,피해운전자 성별,피해운전자 연령,피해운전자 상해정도
2012020500100138,2012년 2월 5일 06시,일요일,대전광역시 유성구 죽동,부상신고사고,0,0,0,1,차대차 - 추돌 - 진행중,안전운전불이행,건조,맑음,단일로 - 기타,승용,남,29세,부상신고,화물,남,62세,상해없음
2012020500100331,2012년 2월 5일 16시,일요일,대전광역시 동구 가양동,중상사고,0,1,0,0,차대사람 - 횡단중,보행자보호의무위반,건조,맑음,단일로 - 횡단보도상,승용,여,26세,상해없음,보행자,남,18세,중상
2012020500100443,2012년 2월 5일 20시,일요일,대전광역시 중구 태평동,중상사고,0,1,0,0,차대사람 - 기타,안전운전불이행,건조,맑음,단일로 - 횡단보도상,승용,기타불명,기타불명,기타불명,보행자,남,51세,중상
2012020500100444,2012년 2월 5일 20시,일요일,대전광역시 서구 용문동,경상사고,0,0,1,0,차대차 - 측면직각충돌,안전운전불이행,건조,맑음,교차로 - 교차로안,승용,남,55세,상해없음,승용,남,23세,상해없음
2012020600100028,2012년 2월 6일 01시,월요일,대전광역시 서구 둔산동,경상사고,0,0,1,0,차대차 - 측면직각충돌,신호위반,건조,맑음,교차로 - 교차로안,승용,남,56세,상해없음,승용,남,55세,상해없음
2012020600100029,2012년 2월 6일 01시,월요일,대전광역시 유성구 죽동,중상사고,0,2,0,0,차대차 - 추돌 - 진행중,안전운전불이행,건조,맑음,단일로 - 기타,승용,남,41세,상해없음,승용,남,58세,중상
2012020600100042,2012년 2월 6일 02시,월요일,대전광역시 서구 둔산동,경상사고,0,0,1,0,차대사람 - 길가장자리구역통행중,안전운전불이행,건조,흐림,단일로 - 기타,승용,남,50세,상해없음,보행자,남,24세,경상
2012020600100051,2012년 2월 6일 03시,월요일,대전광역시 동구 신흥동,경상사고,0,0,1,0,차대차 - 추돌 - 주정차중,안전거리미확보,건조,맑음,교차로 - 교차로부근,화물,남,50세,상해없음,승용,여,24세,경상
2012020600100070,2012년 2월 6일 05시,월요일,대전광역시 유성구 봉산동,사망사고,1,0,0,0,차량단독 - 공작물충돌,안전운전불이행,습기,맑음,단일로 - 기타,승용,남,34세,사망,,,,
2012020600100149,2012년 2월 6일 08시,월요일,대전광역시 대덕구 중리동,경상사고,0,0,1,0,차대사람 - 길가장자리구역통행중,안전운전불이행,건조,맑음,단일로 - 기타,승용,여,42세,상해없음,보행자,남,8세,경상
2012020600100150,2012년 2월 6일 08시,월요일,대전광역시 유성구 노은동,경상사고,0,0,1,0,차대차 - 추돌 - 진행중,안전거리미확보,건조,맑음,단일로 - 기타,화물,남,35세,상해없음,승용,여,49세,경상
2012020600100233,2012년 2월 6일 11시,월요일,대전광역시 서구 탄방동,경상사고,0,0,1,0,차대사람 - 횡단중,보행자보호의무위반,건조,맑음,단일로 - 기타,화물,남,30세,상해없음,보행자,여,46세,경상
2012020600100250,2012년 2월 6일 12시,월요일,대전광역시 서구 가장동,경상사고,0,0,2,0,차대차 - 추돌 - 주정차중,안전거리미확보,건조,맑음,교차로 - 교차로안,승용,남,54세,상해없음,승용,남,30세,경상
2012020600100334,2012년 2월 6일 15시,월요일,대전광역시 서구 평촌동,중상사고,0,1,0,0,차대사람 - 횡단중,안전운전불이행,건조,맑음,교차로 - 교차로안,승용,여,45세,상해없음,보행자,남,11세,중상
2012020600100351,2012년 2월 6일 16시,월요일,대전광역시 중구 선화동,경상사고,0,0,1,0,차대사람 - 횡단중,안전운전불이행,건조,맑음,단일로 - 기타,승용,남,58세,상해없음,보행자,남,13세,경상
2012020600100446,2012년 2월 6일 18시,월요일,대전광역시 중구 대흥동,중상사고,0,1,0,0,차대사람 - 기타,안전운전불이행,건조,맑음,단일로 - 기타,승용,기타불명,기타불명,기타불명,보행자,남,49세,중상
2012020600100447,2012년 2월 6일 18시,월요일,대전광역시 대덕구 법동,경상사고,0,0,1,0,차대차 - 측면직각충돌,안전운전불이행,건조,맑음,교차로 - 교차로안,화물,남,51세,상해없음,승용,남,59세,경상
2012020600100448,2012년 2월 6일 18시,월요일,대전광역시 대덕구 비래동,경상사고,0,0,1,0,차량단독 - 기타,기타,건조,맑음,단일로 - 기타,승합,남,51세,상해없음,,,,
2012020600100645,2012년 2월 6일 23시,월요일,대전광역시 동구 성남동,중상사고,0,1,0,0,차대사람 - 횡단중,중앙선침범,건조,맑음,단일로 - 기타,승용,남,36세,상해없음,보행자,남,46세,중상
2012020600100646,2012년 2월 6일 23시,월요일,대전광역시 서구 둔산동,경상사고,0,0,2,0,차대사람 - 기타,중앙선침범,건조,맑음,단일로 - 횡단보도부근,승용,남,31세,상해없음,보행자,여,23세,경상
2012020700100062,2012년 2월 7일 02시,화요일,대전광역시 동구 용전동,경상사고,0,0,1,0,차대차 - 측면직각충돌,안전운전불이행,건조,맑음,교차로 - 교차로안,승용,남,62세,상해없음,승용,남,40세,상해없음
2012020700100147,2012년 2월 7일 07시,화요일,대전광역시 동구 용운동,중상사고,0,1,0,0,차대차 - 기타,중앙선침범,건조,맑음,단일로 - 기타,승용,남,23세,상해없음,승합,남,48세,상해없음
2012020700100242,2012년 2월 7일 11시,화요일,대전광역시 서구 갈마동,경상사고,0,0,1,0,차량단독 - 기타,안전운전불이행,건조,맑음,단일로 - 기타,승합,남,51세,상해없음,,,,
2012020700100382,2012년 2월 7일 17시,화요일,대전광역시 중구 문창동,경상사고,0,0,1,0,차대사람 - 횡단중,안전운전불이행,건조,맑음,단일로 - 기타,승용,남,37세,상해없음,보행자,남,54세,경상
2012020700100383,2012년 2월 7일 17시,화요일,대전광역시 유성구 장대동,중상사고,0,1,1,0,차대차 - 추돌 - 진행중,신호위반,건조,맑음,교차로 - 교차로안,승용,남,54세,상해없음,승용,여,29세,중상
2012020700100458,2012년 2월 7일 19시,화요일,대전광역시 중구 오류동,경상사고,0,0,2,0,차대차 - 측면직각충돌,안전운전불이행,건조,맑음,교차로 - 교차로안,승용,남,43세,상해없음,승용,남,31세,경상
2012020700100459,2012년 2월 7일 19시,화요일,대전광역시 대덕구 신일동,중상사고,0,1,0,0,차대차 - 정면충돌,교차로운행방법위반,건조,맑음,교차로 - 교차로안,승용,남,40세,상해없음,승용,남,55세,중상
2012020700100460,2012년 2월 7일 19시,화요일,대전광역시 대덕구 법동,중상사고,0,1,1,0,차대차 - 추돌 - 주정차중,안전운전불이행,건조,맑음,교차로 - 교차로부근,승용,여,51세,상해없음,승용,남,55세,중상
2012020700100461,2012년 2월 7일 19시,화요일,대전광역시 서구 탄방동,중상사고,0,1,0,0,차대사람 - 횡단중,보행자보호의무위반,건조,맑음,단일로 - 횡단보도상,이륜,남,29세,상해없음,보행자,남,8세,중상
2012020700100519,2012년 2월 7일 21시,화요일,대전광역시 중구 옥계동,경상사고,0,0,2,0,차대사람 - 횡단중,안전운전불이행,건조,맑음,단일로 - 기타,승용,남,27세,상해없음,보행자,여,45세,경상
2012020700100520,2012년 2월 7일 21시,화요일,대전광역시 동구 가양동,경상사고,0,0,2,0,차대차 - 추돌 - 진행중,안전운전불이행,건조,맑음,교차로 - 교차로부근,승용,여,51세,상해없음,승용,남,50세,경상
2012020700100521,2012년 2월 7일 21시,화요일,대전광역시 유성구 궁동,중상사고,0,5,0,0,차대차 - 정면충돌,신호위반,건조,맑음,단일로 - 기타,승용,여,36세,중상,승용,남,60세,상해없음
2012020700100544,2012년 2월 7일 22시,화요일,대전광역시 서구 둔산동,경상사고,0,0,1,0,차대차 - 측면직각충돌,안전운전불이행,건조,맑음,단일로 - 기타,승용,남,38세,상해없음,승용,여,41세,경상
2012020700100570,2012년 2월 7일 23시,화요일,대전광역시 서구 갈마동,중상사고,0,1,1,0,차대차 - 추돌 - 진행중,안전거리미확보,건조,맑음,단일로 - 기타,승용,남,40세,상해없음,승용,남,44세,경상
2012020700100571,2012년 2월 7일 23시,화요일,대전광역시 유성구 궁동,경상사고,0,0,1,0,차대사람 - 기타,안전운전불이행,건조,맑음,단일로 - 기타,승용,남,54세,상해없음,보행자,남,15세,경상
2012020800100027,2012년 2월 8일 01시,수요일,대전광역시 서구 둔산동,경상사고,0,0,4,0,차대차 - 추돌 - 진행중,안전운전불이행,건조,맑음,단일로 - 기타,승용,남,19세,경상,승용,남,40세,경상
2012020800100041,2012년 2월 8일 02시,수요일,대전광역시 서구 둔산동,경상사고,0,0,3,0,차대사람 - 기타,안전운전불이행,건조,맑음,단일로 - 기타,승용,남,21세,상해없음,보행자,남,20세,경상
2012020800100168,2012년 2월 8일 10시,수요일,대전광역시 서구 용문동,경상사고,0,0,2,0,차대차 - 측면직각충돌,안전거리미확보,건조,맑음,단일로 - 기타,승용,남,69세,상해없음,승용,남,39세,경상
2012020800100169,2012년 2월 8일 10시,수요일,대전광역시 대덕구 신탄진동,중상사고,0,1,0,0,차대사람 - 기타,안전운전불이행,결빙,맑음,단일로 - 기타,승용,여,54세,상해없음,보행자,여,61세,중상
2012020800100253,2012년 2월 8일 13시,수요일,대전광역시 대덕구 신대동,경상사고,0,0,1,0,차대차 - 기타,교차로운행방법위반,건조,맑음,교차로 - 교차로안,승용,남,48세,상해없음,승용,여,44세,경상
2012020800100312,2012년 2월 8일 15시,수요일,대전광역시 동구 성남동,중상사고,0,1,0,0,차대사람 - 횡단중,신호위반,건조,맑음,단일로 - 기타,승용,남,30세,상해없음,보행자,남,77세,중상
2012020800100313,2012년 2월 8일 15시,수요일,대전광역시 서구 관저동,경상사고,0,0,1,0,차대차 - 추돌 - 주정차중,안전운전불이행,건조,맑음,기타 - 기타,승합,여,53세,상해없음,승용,여,57세,경상
2012020800100379,2012년 2월 8일 17시,수요일,대전광역시 중구 태평동,경상사고,0,0,1,0,차량단독 - 공작물충돌,기타,건조,맑음,단일로 - 기타,승합,남,56세,상해없음,,,,
2012020800100427,2012년 2월 8일 18시,수요일,대전광역시 동구 자양동,중상사고,0,4,1,0,차대차 - 측면직각충돌,안전운전불이행,건조,맑음,단일로 - 기타,승용,남,27세,중상,승용,여,51세,중상
2012020800100428,2012년 2월 8일 18시,수요일,대전광역시 서구 정림동,경상사고,0,0,1,0,차대차 - 측면직각충돌,신호위반,건조,맑음,교차로 - 교차로안,승용,남,49세,상해없음,승용,여,32세,경상
2012020800100480,2012년 2월 8일 19시,수요일,대전광역시 대덕구 오정동,경상사고,0,0,2,0,차대차 - 추돌 - 주정차중,안전운전불이행,건조,맑음,교차로 - 교차로부근,승용,남,61세,상해없음,승용,여,33세,경상
2012020800100521,2012년 2월 8일 20시,수요일,대전광역시 서구 관저동,중상사고,0,1,0,0,차대사람 - 기타,안전운전불이행,건조,맑음,단일로 - 기타,승용,남,23세,상해없음,보행자,남,43세,중상
2012020800100552,2012년 2월 8일 21시,수요일,대전광역시 중구 문화동,중상사고,0,1,0,0,차대사람 - 기타,안전운전불이행,건조,맑음,단일로 - 기타,승합,남,55세,상해없음,보행자,여,66세,중상
2012020800100620,2012년 2월 8일 23시,수요일,대전광역시 서구 갈마동,경상사고,0,0,2,0,차대차 - 추돌 - 진행중,안전운전불이행,건조,맑음,교차로 - 교차로부근,승용,남,40세,상해없음,승용,남,52세,경상
2012020900100125,2012년 2월 9일 07시,목요일,대전광역시 중구 대사동,중상사고,0,1,1,0,차대사람 - 횡단중,신호위반,건조,맑음,교차로 - 교차로부근,승용,여,57세,상해없음,보행자,여,43세,중상
2012020900100126,2012년 2월 9일 07시,목요일,대전광역시 중구 석교동,경상사고,0,0,1,0,차대차 - 추돌 - 진행중,안전운전불이행,결빙,맑음,단일로 - 기타,승용,남,61세,상해없음,승용,남,35세,경상
2012020900100294,2012년 2월 9일 12시,목요일,대전광역시 중구 석교동,경상사고,0,0,1,0,차대차 - 측면직각충돌,안전운전불이행,건조,맑음,단일로 - 기타,승용,남,50세,상해없음,자전거,남,71세,경상
2012020900100329,2012년 2월 9일 13시,목요일,대전광역시 중구 산성동,중상사고,0,1,0,0,차대사람 - 보도통행중,신호위반,건조,맑음,단일로 - 기타,이륜,남,17세,상해없음,보행자,여,52세,중상
2012020900100385,2012년 2월 9일 15시,목요일,대전광역시 중구 오류동,경상사고,0,0,1,0,차대차 - 측면직각충돌,신호위반,건조,맑음,교차로 - 교차로안,이륜,남,45세,상해없음,승용,남,58세,경상
2012020900100444,2012년 2월 9일 17시,목요일,대전광역시 서구 내동,경상사고,0,0,1,0,차대차 - 측면직각충돌,안전거리미확보,건조,맑음,단일로 - 기타,승용,남,29세,상해없음,승용,여,45세,경상
2012020900100525,2012년 2월 9일 19시,목요일,대전광역시 서구 도마동,경상사고,0,0,1,0,차대사람 - 기타,안전운전불이행,건조,맑음,단일로 - 기타,이륜,남,40세,상해없음,보행자,여,23세,경상
2012020900100593,2012년 2월 9일 21시,목요일,대전광역시 중구 문창동,중상사고,0,1,0,0,차대사람 - 횡단중,신호위반,건조,맑음,단일로 - 횡단보도상,승합,기타불명,기타불명,기타불명,보행자,남,51세,중상
2012020900100594,2012년 2월 9일 21시,목요일,대전광역시 동구 대성동,경상사고,0,0,1,0,차대차 - 기타,안전운전불이행,건조,맑음,교차로 - 교차로부근,승용,남,33세,상해없음,승합,남,54세,상해없음
2012020900100595,2012년 2월 9일 21시,목요일,대전광역시 대덕구 덕암동,중상사고,0,1,0,0,차대사람 - 횡단중,안전운전불이행,건조,맑음,단일로 - 기타,승합,남,26세,상해없음,보행자,남,45세,중상
2012020900100632,2012년 2월 9일 22시,목요일,대전광역시 서구 가수원동,중상사고,0,1,2,0,차대차 - 측면직각충돌,교차로운행방법위반,건조,맑음,교차로 - 교차로안,승용,여,50세,상해없음,승합,남,50세,상해없음
2012020900100633,2012년 2월 9일 22시,목요일,대전광역시 대덕구 오정동,경상사고,0,0,1,0,차대차 - 측면직각충돌,중앙선침범,건조,맑음,단일로 - 기타,승용,남,37세,상해없음,승용,남,39세,경상
2012020900100659,2012년 2월 9일 23시,목요일,대전광역시 대덕구 석봉동,중상사고,0,1,0,0,차대차 - 추돌 - 주정차중,안전운전불이행,건조,맑음,단일로 - 기타,승용,남,38세,상해없음,승용,남,38세,중상
2012020900100676,2012년 2월 9일 23시,목요일,대전광역시 동구 신흥동,중상사고,0,1,0,0,차대사람 - 횡단중,안전운전불이행,건조,맑음,단일로 - 기타,승용,여,55세,상해없음,보행자,남,57세,중상
2012021000100022,2012년 2월 10일 00시,금요일,대전광역시 대덕구 와동,사망사고,1,0,0,0,차대차 - 추돌 - 주정차중,안전운전불이행,건조,맑음,단일로 - 기타,승용,남,33세,사망,특수,남,44세,기타불명
2012021000100043,2012년 2월 10일 01시,금요일,대전광역시 중구 목동,중상사고,0,1,0,0,차대사람 - 횡단중,안전운전불이행,건조,맑음,단일로 - 기타,이륜,남,18세,상해없음,보행자,여,35세,중상
2012021000100103,2012년 2월 10일 06시,금요일,대전광역시 동구 신흥동,중상사고,0,1,1,0,차대차 - 측면직각충돌,중앙선침범,습기,맑음,단일로 - 기타,승용,남,59세,상해없음,승용,남,73세,중상
2012021000100104,2012년 2월 10일 06시,금요일,대전광역시 대덕구 신일동,중상사고,0,1,0,0,차대차 - 측면직각충돌,신호위반,건조,맑음,교차로 - 교차로안,승용,여,55세,상해없음,이륜,남,65세,중상
2012021000100177,2012년 2월 10일 08시,금요일,대전광역시 동구 낭월동,경상사고,0,0,1,0,차대차 - 측면직각충돌,안전거리미확보,건조,맑음,교차로 - 교차로부근,승용,남,47세,상해없음,승합,남,32세,경상
2012021000100247,2012년 2월 10일 11시,금요일,대전광역시 동구 삼성동,경상사고,0,0,1,0,차대차 - 측면직각충돌,안전운전불이행,건조,맑음,교차로 - 교차로부근,화물,남,59세,상해없음,자전거,여,53세,경상
2012021000100248,2012년 2월 10일 11시,금요일,대전광역시 대덕구 오정동,경상사고,0,0,3,0,차대차 - 추돌 - 진행중,안전거리미확보,건조,맑음,단일로 - 기타,승용,남,43세,상해없음,승용,남,24세,경상
2012021000100337,2012년 2월 10일 14시,금요일,대전광역시 중구 산성동,경상사고,0,0,1,0,차대사람 - 횡단중,보행자보호의무위반,건조,흐림,단일로 - 기타,승합,남,43세,상해없음,보행자,남,69세,경상
2012021000100338,2012년 2월 10일 14시,금요일,대전광역시 서구 변동,경상사고,0,0,1,0,차대차 - 기타,안전운전불이행,건조,맑음,단일로 - 기타,승용,여,57세,상해없음,화물,남,49세,경상
2012021000100339,2012년 2월 10일 14시,금요일,대전광역시 서구 변동,중상사고,0,1,1,0,차대차 - 기타,안전거리미확보,건조,맑음,단일로 - 기타,이륜,남,42세,중상,승용,여,45세,경상
2012021000100482,2012년 2월 10일 18시,금요일,대전광역시 중구 옥계동,경상사고,0,0,1,0,차량단독 - 공작물충돌,기타,건조,맑음,단일로 - 기타,승합,남,57세,상해없음,,,,
2012021000100483,2012년 2월 10일 18시,금요일,대전광역시 동구 판암동,경상사고,0,0,1,0,차대차 - 측면직각충돌,안전거리미확보,건조,맑음,교차로 - 교차로부근,승용,여,53세,상해없음,화물,남,42세,경상
2012021000100484,2012년 2월 10일 18시,금요일,대전광역시 유성구 봉명동,경상사고,0,0,2,0,차대차 - 측면직각충돌,신호위반,건조,맑음,교차로 - 교차로안,승용,남,60세,상해없음,승용,여,19세,경상
2012021000100551,2012년 2월 10일 19시,금요일,대전광역시 동구 중동,경상사고,0,0,2,0,차대차 - 측면직각충돌,교차로운행방법위반,건조,맑음,교차로 - 교차로안,승용,남,24세,상해없음,승용,남,48세,경상
2012021000100574,2012년 2월 10일 20시,금요일,대전광역시 동구 삼괴동,중상사고,0,6,1,0,차대차 - 기타,안전운전불이행,건조,맑음,단일로 - 기타,화물,남,28세,상해없음,화물,남,59세,중상
2012021000100588,2012년 2월 10일 20시,금요일,대전광역시 동구 홍도동,경상사고,0,0,1,0,차대차 - 측면직각충돌,안전거리미확보,건조,맑음,단일로 - 기타,화물,남,43세,상해없음,승용,여,29세,경상
2012021000100620,2012년 2월 10일 21시,금요일,대전광역시 중구 은행동,경상사고,0,0,1,0,차대사람 - 기타,안전운전불이행,건조,맑음,단일로 - 기타,승용,남,50세,상해없음,보행자,남,20세,경상
2012021000100621,2012년 2월 10일 21시,금요일,대전광역시 동구 용전동,중상사고,0,1,0,0,차대차 - 측면직각충돌,신호위반,건조,맑음,교차로 - 교차로안,승용,여,40세,상해없음,승용,남,27세,중상
2012021000100665,2012년 2월 10일 22시,금요일,대전광역시 서구 갈마동,중상사고,0,1,1,0,차대사람 - 횡단중,안전운전불이행,건조,맑음,교차로 - 교차로안,이륜,남,31세,상해없음,보행자,여,49세,중상
2012021000100693,2012년 2월 10일 23시,금요일,대전광역시 중구 부사동,경상사고,0,0,1,0,차대차 - 추돌 - 진행중,안전거리미확보,건조,맑음,단일로 - 기타,승용,여,33세,상해없음,승용,남,53세,경상
2012021100100065,2012년 2월 11일 01시,토요일,대전광역시 서구 갈마동,경상사고,0,0,1,0,차대차 - 측면직각충돌,안전거리미확보,건조,맑음,단일로 - 기타,승용,남,63세,상해없음,승용,여,29세,경상
2012021100100066,2012년 2월 11일 01시,토요일,대전광역시 서구 둔산동,경상사고,0,0,1,0,차대차 - 추돌 - 주정차중,안전운전불이행,건조,맑음,단일로 - 기타,승용,남,18세,상해없음,승용,남,50세,경상
2012021100100131,2012년 2월 11일 05시,토요일,대전광역시 유성구 구암동,경상사고,0,0,2,0,차대차 - 측면직각충돌,안전운전불이행,건조,맑음,단일로 - 기타,승용,여,47세,상해없음,승용,남,57세,기타불명
2012021100100192,2012년 2월 11일 08시,토요일,대전광역시 대덕구 비래동,중상사고,0,1,0,0,차대사람 - 기타,안전운전불이행,건조,맑음,단일로 - 기타,승용,남,69세,상해없음,보행자,여,78세,중상
2012021100100364,2012년 2월 11일 14시,토요일,대전광역시 서구 도마동,경상사고,0,0,1,0,차량단독 - 기타,안전운전불이행,건조,맑음,단일로 - 기타,승합,남,57세,상해없음,,,,
2012021100100469,2012년 2월 11일 17시,토요일,대전광역시 서구 탄방동,경상사고,0,0,1,0,차대차 - 기타,안전운전불이행,건조,흐림,단일로 - 기타,화물,남,29세,상해없음,승용,남,34세,경상
2012021100100545,2012년 2월 11일 19시,토요일,대전광역시 중구 대흥동,경상사고,0,0,1,0,차대차 - 기타,안전운전불이행,건조,맑음,교차로 - 교차로안,승용,남,53세,상해없음,승용,남,27세,경상
2012021100100603,2012년 2월 11일 21시,토요일,대전광역시 중구 은행동,경상사고,0,0,1,0,차대사람 - 횡단중,보행자보호의무위반,건조,맑음,단일로 - 횡단보도상,승용,남,51세,상해없음,보행자,남,28세,경상
2012021100100689,2012년 2월 11일 23시,토요일,대전광역시 서구 가수원동,중상사고,0,1,0,0,차대차 - 기타,안전거리미확보,건조,맑음,단일로 - 횡단보도부근,승용,남,43세,상해없음,이륜,남,42세,중상
2012021100100690,2012년 2월 11일 23시,토요일,대전광역시 서구 괴정동,중상사고,0,1,0,0,차대사람 - 기타,신호위반,건조,맑음,단일로 - 횡단보도상,승용,남,31세,상해없음,보행자,남,17세,중상
2012021200100040,2012년 2월 12일 00시,일요일,대전광역시 중구 대흥동,경상사고,0,0,2,0,차대차 - 추돌 - 진행중,안전운전불이행,건조,맑음,단일로 - 기타,승용,남,46세,상해없음,승용,남,59세,경상
2012021200100041,2012년 2월 12일 00시,일요일,대전광역시 서구 가장동,경상사고,0,0,1,0,차대차 - 측면직각충돌,안전운전불이행,건조,맑음,단일로 - 기타,승합,남,18세,상해없음,승용,남,49세,경상
2012021200100070,2012년 2월 12일 01시,일요일,대전광역시 중구 사정동,경상사고,0,0,2,0,차량단독 - 기타,안전운전불이행,습기,맑음,단일로 - 기타,승용,남,16세,상해없음,,,,
2012021200100087,2012년 2월 12일 02시,일요일,대전광역시 유성구 봉명동,경상사고,0,0,3,0,차대차 - 측면직각충돌,신호위반,건조,맑음,단일로 - 기타,승용,남,31세,상해없음,화물,남,39세,경상
2012021200100157,2012년 2월 12일 05시,일요일,대전광역시 동구 가양동,경상사고,0,0,1,0,차대차 - 추돌 - 진행중,안전거리미확보,건조,맑음,교차로 - 교차로부근,승용,남,25세,상해없음,승용,남,25세,경상
2012021200100158,2012년 2월 12일 05시,일요일,대전광역시 동구 용전동,경상사고,0,0,1,0,차대차 - 추돌 - 진행중,안전운전불이행,건조,맑음,단일로 - 기타,화물,남,47세,상해없음,승용,남,58세,경상
2012021200100182,2012년 2월 12일 07시,일요일,대전광역시 중구 대흥동,경상사고,0,0,1,0,차대차 - 측면직각충돌,신호위반,건조,맑음,교차로 - 교차로안,승용,여,23세,상해없음,승용,남,59세,경상
2012021200100228,2012년 2월 12일 10시,일요일,대전광역시 서구 둔산동,경상사고,0,0,2,0,차대차 - 추돌 - 주정차중,안전운전불이행,건조,맑음,교차로 - 교차로부근,승용,남,56세,상해없음,승용,남,40세,경상
2012021200100340,2012년 2월 12일 15시,일요일,대전광역시 대덕구 상서동,경상사고,0,0,1,0,차대차 - 측면직각충돌,신호위반,건조,맑음,교차로 - 교차로안,화물,여,48세,상해없음,승용,남,23세,경상
2012021200100360,2012년 2월 12일 16시,일요일,대전광역시 동구 효동,중상사고,0,1,1,0,차대차 - 측면직각충돌,교차로운행방법위반,건조,맑음,교차로 - 교차로안,승용,남,75세,상해없음,이륜,남,29세,중상
2012021200100361,2012년 2월 12일 16시,일요일,대전광역시 서구 둔산동,경상사고,0,0,1,0,차대차 - 측면직각충돌,교차로운행방법위반,건조,맑음,교차로 - 교차로안,승용,여,50세,상해없음,이륜,남,20세,경상
2012021200100389,2012년 2월 12일 17시,일요일,대전광역시 유성구 노은동,경상사고,0,0,2,0,차대차 - 측면직각충돌,안전거리미확보,건조,맑음,교차로 - 교차로부근,승용,남,40세,경상,승용,남,52세,경상
2012021200100455,2012년 2월 12일 19시,일요일,대전광역시 동구 가오동,중상사고,0,1,0,0,차대차 - 측면직각충돌,안전운전불이행,건조,맑음,교차로 - 교차로안,승용,여,43세,상해없음,원동기,남,30세,중상
2012021200100488,2012년 2월 12일 20시,일요일,대전광역시 동구 중동,중상사고,0,1,1,0,차대차 - 추돌 - 진행중,안전거리미확보,건조,맑음,교차로 - 교차로안,원동기,남,52세,경상,화물,남,47세,상해없음
2012021200100525,2012년 2월 12일 22시,일요일,대전광역시 유성구 궁동,사망사고,1,0,0,0,차대사람 - 횡단중,안전운전불이행,건조,맑음,단일로 - 횡단보도부근,승용,남,36세,상해없음,보행자,여,27세,사망
2012021300100043,2012년 2월 13일 04시,월요일,대전광역시 중구 태평동,경상사고,0,0,1,0,차대차 - 추돌 - 주정차중,안전운전불이행,건조,맑음,단일로 - 기타,승용,남,28세,상해없음,승용,남,47세,경상
2012021300100063,2012년 2월 13일 06시,월요일,대전광역시 동구 소제동,경상사고,0,0,1,0,차대차 - 측면직각충돌,신호위반,건조,맑음,교차로 - 교차로안,승용,남,65세,상해없음,승용,남,51세,경상
2012021300100064,2012년 2월 13일 06시,월요일,대전광역시 유성구 용계동,중상사고,0,2,0,0,차량단독 - 도로외이탈 - 추락,안전운전불이행,건조,맑음,단일로 - 기타,승용,여,23세,상해없음,,,,
2012021300100085,2012년 2월 13일 07시,월요일,대전광역시 대덕구 읍내동,경상사고,0,0,1,0,차대차 - 측면직각충돌,신호위반,건조,맑음,교차로 - 교차로안,승용,남,31세,상해없음,승용,여,35세,경상
2012021300100189,2012년 2월 13일 12시,월요일,대전광역시 대덕구 오정동,경상사고,0,0,2,0,차대차 - 추돌 - 진행중,안전운전불이행,건조,맑음,단일로 - 기타,화물,남,35세,상해없음,승용,남,60세,경상
2012021300100218,2012년 2월 13일 13시,월요일,대전광역시 중구 용두동,중상사고,0,1,0,0,차대차 - 측면직각충돌,신호위반,건조,맑음,단일로 - 횡단보도상,승용,여,23세,상해없음,자전거,여,63세,중상
2012021300100219,2012년 2월 13일 13시,월요일,대전광역시 서구 탄방동,경상사고,0,0,2,0,차대차 - 측면직각충돌,신호위반,건조,맑음,단일로 - 기타,승용,여,43세,상해없음,승용,남,56세,경상
2012021300100254,2012년 2월 13일 14시,월요일,대전광역시 중구 중촌동,중상사고,0,1,0,0,차대차 - 정면충돌,신호위반,건조,맑음,교차로 - 교차로안,승용,남,46세,상해없음,승용,여,46세,중상
2012021300100255,2012년 2월 13일 14시,월요일,대전광역시 중구 대사동,중상사고,0,1,0,0,차대사람 - 횡단중,안전운전불이행,건조,맑음,단일로 - 기타,승용,남,40세,상해없음,보행자,여,56세,중상
2012021300100283,2012년 2월 13일 15시,월요일,대전광역시 동구 용전동,경상사고,0,0,1,0,차대차 - 측면직각충돌,안전운전불이행,건조,맑음,단일로 - 기타,승합,남,41세,상해없음,원동기,남,47세,경상
2012021300100307,2012년 2월 13일 16시,월요일,대전광역시 동구 신안동,경상사고,0,0,1,0,차대차 - 추돌 - 주정차중,안전운전불이행,건조,맑음,단일로 - 기타,승합,남,53세,상해없음,원동기,여,64세,경상
2012021300100417,2012년 2월 13일 19시,월요일,대전광역시 서구 탄방동,중상사고,0,1,0,0,차대사람 - 기타,안전운전불이행,건조,맑음,교차로 - 교차로안,승용,기타불명,기타불명,기타불명,보행자,여,54세,중상
2012021300100474,2012년 2월 13일 21시,월요일,대전광역시 중구 문화동,경상사고,0,0,1,0,차대사람 - 기타,안전운전불이행,건조,맑음,단일로 - 기타,승용,남,35세,상해없음,보행자,남,37세,경상
2012021300100475,2012년 2월 13일 21시,월요일,대전광역시 동구 용전동,경상사고,0,0,1,0,차대차 - 기타,안전거리미확보,건조,맑음,단일로 - 기타,승용,기타불명,기타불명,기타불명,이륜,남,54세,경상
2012021300100508,2012년 2월 13일 22시,월요일,대전광역시 서구 갈마동,경상사고,0,0,1,0,차대사람 - 기타,안전운전불이행,건조,맑음,교차로 - 교차로부근,승용,남,49세,상해없음,보행자,남,42세,경상
2012021300100509,2012년 2월 13일 22시,월요일,대전광역시 서구 둔산동,경상사고,0,0,3,0,차대차 - 추돌 - 주정차중,안전운전불이행,건조,맑음,교차로 - 교차로부근,승용,남,39세,상해없음,승용,남,37세,경상