사고번호,사고일시,요일,시군구,사고내용,사망자수,중상자수,경상자수,부상신고자수,사고유형,법규위반,노면상태,기상상태,도로형태,가해운전자 차종,가해운전자 성별,가해운전자 연령,가해운전자 상해정도,피해운전자 차종,피해운전자 성별,피해운전자 연령,피해운전자 상해정도
2012022200100542,2012년 2월 22일 22시,수요일,대전광역시 대덕구 법동,사망사고,1,0,0,0,차대사람 - 횡단중,안전운전불이행,건조,맑음,단일로 - 기타,승합,남,66세,상해없음,보행자,남,54세,사망
2012022200100572,2012년 2월 22일 23시,수요일,대전광역시 동구 대동,경상사고,0,0,2,0,차대차 - 추돌 - 주정차중,안전운전불이행,건조,맑음,단일로 - 기타,승용,남,33세,상해없음,승용,남,40세,경상
2012022300100026,2012년 2월 23일 00시,목요일,대전광역시 유성구 장대동,경상사고,0,0,3,0,차대차 - 기타,안전운전불이행,건조,맑음,단일로 - 기타,화물,남,25세,상해없음,승합,남,39세,경상
2012022300100063,2012년 2월 23일 03시,목요일,대전광역시 중구 유천동,경상사고,0,0,1,0,차대차 - 추돌 - 진행중,안전운전불이행,건조,흐림,단일로 - 기타,승용,남,38세,상해없음,화물,남,56세,상해없음
2012022300100112,2012년 2월 23일 07시,목요일,대전광역시 대덕구 송촌동,중상사고,0,1,2,0,차대차 - 측면직각충돌,중앙선침범,습기,흐림,단일로 - 기타,화물,남,49세,상해없음,승용,남,52세,경상
2012022300100168,2012년 2월 23일 09시,목요일,대전광역시 중구 선화동,경상사고,0,0,2,0,차대차 - 추돌 - 주정차중,안전운전불이행,건조,맑음,단일로 - 기타,승용,남,65세,상해없음,화물,남,51세,경상
2012022300100232,2012년 2월 23일 12시,목요일,대전광역시 동구 가오동,경상사고,0,0,2,0,차대차 - 추돌 - 진행중,안전운전불이행,건조,맑음,단일로 - 기타,승용,남,52세,상해없음,승용,남,60세,경상
2012022300100312,2012년 2월 23일 15시,목요일,대전광역시 동구 삼성동,중상사고,0,1,0,0,차대차 - 측면직각충돌,안전운전불이행,건조,맑음,단일로 - 기타,승용,남,63세,상해없음,자전거,남,75세,중상
2012022300100352,2012년 2월 23일 17시,목요일,대전광역시 서구 둔산동,경상사고,0,0,1,0,차대차 - 기타,안전운전불이행,건조,맑음,단일로 - 횡단보도상,승용,여,50세,상해없음,자전거,남,53세,경상
2012022300100381,2012년 2월 23일 18시,목요일,대전광역시 중구 오류동,중상사고,0,1,0,0,차대사람 - 기타,안전운전불이행,건조,맑음,단일로 - 기타,원동기,남,24세,상해없음,보행자,여,54세,중상
2012022300100406,2012년 2월 23일 19시,목요일,대전광역시 서구 둔산동,경상사고,0,0,1,0,차대사람 - 횡단중,보행자보호의무위반,건조,맑음,단일로 - 횡단보도상,기타불명,기타불명,기타불명,기타불명,보행자,남,15세,경상
2012022300100429,2012년 2월 23일 20시,목요일,대전광역시 대덕구 비래동,경상사고,0,0,1,0,차대차 - 정면충돌,중앙선침범,건조,흐림,단일로 - 기타,승용,남,36세,상해없음,승용,남,41세,경상
2012022300100430,2012년 2월 23일 20시,목요일,대전광역시 서구 둔산동,경상사고,0,0,1,0,차대사람 - 횡단중,보행자보호의무위반,건조,맑음,단일로 - 횡단보도상,기타불명,기타불명,기타불명,기타불명,보행자,남,11세,경상
2012022400100079,2012년 2월 24일 03시,금요일,대전광역시 중구 중촌동,경상사고,0,0,1,0,차대차 - 측면직각충돌,교차로운행방법위반,건조,맑음,교차로 - 교차로안,화물,남,57세,상해없음,승용,남,52세,경상
2012022400100121,2012년 2월 24일 06시,금요일,대전광역시 동구 삼성동,사망사고,1,0,0,0,차대사람 - 횡단중,보행자보호의무위반,건조,맑음,단일로 - 횡단보도상,화물,남,54세,상해없음,보행자,여,73세,사망
2012022400100144,2012년 2월 24일 07시,금요일,대전광역시 대덕구 비래동,중상사고,0,1,0,0,차량단독 - 전도전복,안전거리미확보,습기,맑음,교차로 - 교차로안,승용,여,46세,중상,,,,
2012022400100223,2012년 2월 24일 10시,금요일,대전광역시 대덕구 오정동,경상사고,0,0,1,0,차대차 - 추돌 - 진행중,안전운전불이행,건조,맑음,교차로 - 교차로부근,화물,남,26세,상해없음,승용,여,23세,경상
2012022400100309,2012년 2월 24일 14시,금요일,대전광역시 서구 가장동,경상사고,0,0,1,0,차대차 - 측면직각충돌,안전운전불이행,건조,맑음,교차로 - 교차로부근,화물,남,41세,상해없음,화물,여,45세,경상
2012022400100469,2012년 2월 24일 19시,금요일,대전광역시 동구 성남동,경상사고,0,0,1,0,차대사람 - 횡단중,보행자보호의무위반,건조,맑음,단일로 - 횡단보도상,승용,기타불명,기타불명,기타불명,보행자,남,50세,경상
2012022400100513,2012년 2월 24일 20시,금요일,대전광역시 서구 복수동,경상사고,0,0,1,0,차대차 - 추돌 - 진행중,안전운전불이행,건조,맑음,단일로 - 기타,승용,남,44세,기타불명,승용,여,58세,경상
2012022400100550,2012년 2월 24일 21시,금요일,대전광역시 서구 도마동,경상사고,0,0,2,0,차대차 - 측면직각충돌,안전운전불이행,건조,맑음,단일로 - 기타,이륜,남,56세,상해없음,승용,남,33세,경상
2012022400100551,2012년 2월 24일 21시,금요일,대전광역시 유성구 장대동,경상사고,0,0,1,0,차대차 - 기타,중앙선침범,습기,비,단일로 - 기타,승용,남,47세,상해없음,승용,남,32세,경상
2012022400100593,2012년 2월 24일 22시,금요일,대전광역시 동구 대동,중상사고,0,1,0,0,차대사람 - 차도통행중,안전운전불이행,습기,비,단일로 - 기타,승용,여,60세,상해없음,보행자,여,49세,중상
2012022400100630,2012년 2월 24일 23시,금요일,대전광역시 중구 오류동,중상사고,0,1,0,0,차대사람 - 횡단중,안전운전불이행,습기,비,단일로 - 기타,승용,남,28세,상해없음,보행자,여,75세,중상
2012022400100631,2012년 2월 24일 23시,금요일,대전광역시 중구 오류동,경상사고,0,0,1,0,차대사람 - 기타,안전운전불이행,건조,맑음,단일로 - 기타,승용,남,27세,상해없음,보행자,남,45세,경상
2012022500100037,2012년 2월 25일 00시,토요일,대전광역시 대덕구 목상동,경상사고,0,0,1,0,차대차 - 측면직각충돌,안전운전불이행,습기,비,단일로 - 기타,승용,기타불명,기타불명,기타불명,승용,남,54세,경상
2012022500100038,2012년 2월 25일 00시,토요일,대전광역시 서구 탄방동,경상사고,0,0,1,0,차대사람 - 기타,안전운전불이행,습기,비,단일로 - 기타,승용,남,26세,상해없음,보행자,남,37세,경상
2012022500100065,2012년 2월 25일 01시,토요일,대전광역시 중구 용두동,경상사고,0,0,3,0,차대차 - 추돌 - 주정차중,안전운전불이행,습기,비,단일로 - 기타,승용,남,31세,상해없음,승용,남,62세,경상
2012022500100140,2012년 2월 25일 04시,토요일,대전광역시 서구 월평동,경상사고,0,0,1,0,차대사람 - 보도통행중,안전운전불이행,건조,맑음,단일로 - 횡단보도부근,승용,기타불명,기타불명,기타불명,보행자,남,21세,경상
2012022500100147,2012년 2월 25일 05시,토요일,대전광역시 동구 삼정동,중상사고,0,1,0,0,차대차 - 추돌 - 주정차중,안전운전불이행,습기,흐림,단일로 - 기타,화물,남,51세,상해없음,승용,남,23세,중상
2012022500100233,2012년 2월 25일 09시,토요일,대전광역시 서구 용문동,경상사고,0,0,1,0,차대차 - 측면직각충돌,직진우회전진행방해,건조,맑음,교차로 - 교차로안,승용,남,52세,상해없음,자전거,남,52세,경상
2012022500100327,2012년 2월 25일 14시,토요일,대전광역시 대덕구 비래동,경상사고,0,0,1,0,차량단독 - 기타,기타,건조,맑음,교차로 - 교차로부근,승합,남,53세,상해없음,,,,
2012022500100374,2012년 2월 25일 16시,토요일,대전광역시 동구 신상동,중상사고,0,1,1,0,차대차 - 측면직각충돌,안전운전불이행,건조,맑음,단일로 - 기타,승용,남,53세,상해없음,승용,남,46세,경상
2012022500100447,2012년 2월 25일 18시,토요일,대전광역시 중구 사정동,경상사고,0,0,1,0,차대차 - 측면직각충돌,안전운전불이행,건조,맑음,단일로 - 기타,승용,남,64세,상해없음,승용,남,57세,경상
2012022500100448,2012년 2월 25일 18시,토요일,대전광역시 유성구 노은동,중상사고,0,1,0,0,차대차 - 측면직각충돌,신호위반,건조,맑음,교차로 - 교차로안,승합,남,51세,상해없음,승용,남,41세,중상
2012022500100487,2012년 2월 25일 19시,토요일,대전광역시 유성구 봉산동,경상사고,0,0,1,0,차대차 - 기타,안전운전불이행,건조,맑음,단일로 - 기타,승합,남,43세,상해없음,이륜,남,40세,경상
2012022500100533,2012년 2월 25일 20시,토요일,대전광역시 중구 태평동,중상사고,0,1,3,0,차대차 - 측면직각충돌,신호위반,건조,맑음,교차로 - 교차로안,승용,여,20세,상해없음,승용,남,58세,중상
2012022500100566,2012년 2월 25일 21시,토요일,대전광역시 서구 도마동,중상사고,0,1,0,0,차대사람 - 횡단중,신호위반,건조,맑음,교차로 - 교차로안,승용,남,32세,상해없음,보행자,여,44세,중상
2012022500100597,2012년 2월 25일 22시,토요일,대전광역시 유성구 노은동,경상사고,0,0,3,0,차대차 - 추돌 - 주정차중,안전운전불이행,건조,맑음,교차로 - 교차로부근,화물,남,62세,상해없음,승용,여,33세,경상
2012022500100598,2012년 2월 25일 22시,토요일,대전광역시 서구 둔산동,경상사고,0,0,2,0,차대차 - 추돌 - 주정차중,안전운전불이행,건조,맑음,단일로 - 기타,승용,남,45세,상해없음,승용,남,50세,경상
2012022500100625,2012년 2월 25일 23시,토요일,대전광역시 중구 오류동,경상사고,0,0,1,0,차대사람 - 기타,안전운전불이행,건조,맑음,교차로 - 교차로안,승용,여,31세,상해없음,보행자,남,28세,경상
2012022500100626,2012년 2월 25일 23시,토요일,대전광역시 대덕구 중리동,경상사고,0,0,2,0,차대차 - 추돌 - 주정차중,안전운전불이행,건조,맑음,교차로 - 교차로부근,승용,여,32세,상해없음,승용,남,48세,경상
2012022600100262,2012년 2월 26일 17시,일요일,대전광역시 중구 오류동,중상사고,0,1,1,0,차대차 - 측면직각충돌,안전운전불이행,건조,맑음,교차로 - 교차로안,승용,남,56세,기타불명,승용,남,55세,중상
2012022600100263,2012년 2월 26일 17시,일요일,대전광역시 대덕구 법동,중상사고,0,1,0,0,차대차 - 정면충돌,중앙선침범,건조,맑음,교차로 - 교차로안,승용,남,51세,상해없음,이륜,남,71세,중상
2012022600100319,2012년 2월 26일 19시,일요일,대전광역시 대덕구 법동,중상사고,0,1,0,0,차대차 - 측면직각충돌,교차로운행방법위반,건조,맑음,교차로 - 교차로안,승용,여,53세,상해없음,원동기,남,32세,중상
2012022600100399,2012년 2월 26일 23시,일요일,대전광역시 서구 갈마동,중상사고,0,1,0,0,차대차 - 측면직각충돌,신호위반,건조,맑음,교차로 - 교차로안,승용,남,23세,상해없음,승용,남,26세,중상
2012022700100037,2012년 2월 27일 02시,월요일,대전광역시 중구 오류동,경상사고,0,0,1,0,차대사람 - 횡단중,안전운전불이행,건조,맑음,교차로 - 교차로부근,승용,남,34세,상해없음,보행자,여,30세,경상
2012022700100038,2012년 2월 27일 02시,월요일,대전광역시 동구 자양동,경상사고,0,0,4,0,차대차 - 기타,안전운전불이행,건조,맑음,단일로 - 기타,승용,여,20세,상해없음,화물,여,50세,기타불명
2012022700100039,2012년 2월 27일 02시,월요일,대전광역시 서구 탄방동,경상사고,0,0,1,0,차대차 - 기타,안전거리미확보,건조,맑음,단일로 - 기타,승용,남,52세,상해없음,승용,남,50세,상해없음
2012022700100085,2012년 2월 27일 07시,월요일,대전광역시 중구 부사동,경상사고,0,0,1,0,차대차 - 측면직각충돌,안전운전불이행,건조,맑음,단일로 - 기타,승용,여,44세,상해없음,자전거,여,74세,경상
2012022700100108,2012년 2월 27일 08시,월요일,대전광역시 동구 소제동,사망사고,1,0,0,0,차대사람 - 기타,안전운전불이행,건조,맑음,교차로 - 교차로안,승합,남,41세,상해없음,보행자,남,62세,사망
2012022700100109,2012년 2월 27일 08시,월요일,대전광역시 유성구 봉명동,경상사고,0,0,1,0,차대차 - 추돌 - 진행중,안전운전불이행,건조,맑음,단일로 - 기타,승용,남,23세,상해없음,승용,여,46세,경상
2012022700100133,2012년 2월 27일 09시,월요일,대전광역시 중구 사정동,중상사고,0,1,0,0,차대차 - 측면직각충돌,신호위반,건조,맑음,단일로 - 기타,승용,여,43세,상해없음,자전거,남,29세,중상
2012022700100189,2012년 2월 27일 11시,월요일,대전광역시 유성구 도룡동,중상사고,0,1,0,0,차대차 - 기타,안전거리미확보,건조,맑음,단일로 - 기타,승용,여,46세,상해없음,승용,여,67세,중상
2012022700100215,2012년 2월 27일 12시,월요일,대전광역시 중구 산성동,경상사고,0,0,1,0,차대차 - 측면직각충돌,중앙선침범,건조,맑음,단일로 - 기타,승용,남,50세,상해없음,승용,남,38세,경상
2012022700100216,2012년 2월 27일 12시,월요일,대전광역시 중구 태평동,중상사고,0,1,0,0,차대차 - 측면직각충돌,안전거리미확보,건조,맑음,단일로 - 기타,승용,여,39세,상해없음,이륜,남,53세,중상
2012022700100217,2012년 2월 27일 12시,월요일,대전광역시 서구 관저동,경상사고,0,0,1,0,차량단독 - 기타,안전운전불이행,건조,맑음,단일로 - 기타,승합,남,37세,상해없음,,,,
2012022700100304,2012년 2월 27일 15시,월요일,대전광역시 중구 대흥동,부상신고사고,0,0,0,1,차대사람 - 보도통행중,보행자보호의무위반,건조,맑음,단일로 - 횡단보도상,승용,남,33세,상해없음,보행자,남,55세,부상신고
2012022700100305,2012년 2월 27일 15시,월요일,대전광역시 서구 내동,경상사고,0,0,1,0,차대차 - 측면직각충돌,안전운전불이행,건조,맑음,단일로 - 기타,승용,남,54세,상해없음,자전거,남,52세,경상
2012022700100402,2012년 2월 27일 18시,월요일,대전광역시 중구 선화동,중상사고,0,1,0,0,차대사람 - 횡단중,안전운전불이행,건조,맑음,단일로 - 기타,승용,남,36세,상해없음,보행자,남,13세,중상
2012022700100403,2012년 2월 27일 18시,월요일,대전광역시 서구 도마동,경상사고,0,0,2,0,차대차 - 측면직각충돌,신호위반,건조,맑음,교차로 - 교차로안,화물,남,70세,상해없음,승용,남,29세,경상
2012022700100443,2012년 2월 27일 19시,월요일,대전광역시 동구 신흥동,중상사고,0,1,0,0,차대사람 - 길가장자리구역통행중,안전운전불이행,건조,맑음,교차로 - 교차로안,승용,여,33세,상해없음,보행자,여,68세,중상
2012022700100444,2012년 2월 27일 19시,월요일,대전광역시 서구 도마동,중상사고,0,1,0,0,차대사람 - 보도통행중,안전운전불이행,건조,맑음,교차로 - 교차로부근,이륜,남,26세,상해없음,보행자,남,80세,중상
2012022700100445,2012년 2월 27일 19시,월요일,대전광역시 서구 관저동,경상사고,0,0,1,0,차대차 - 측면직각충돌,신호위반,건조,맑음,교차로 - 교차로안,승용,남,68세,기타불명,승용,여,41세,경상
2012022700100446,2012년 2월 27일 19시,월요일,대전광역시 서구 복수동,경상사고,0,0,1,0,차대사람 - 횡단중,보행자보호의무위반,건조,흐림,교차로 - 교차로부근,승용,여,47세,기타불명,보행자,남,11세,경상
2012022700100447,2012년 2월 27일 19시,월요일,대전광역시 서구 탄방동,경상사고,0,0,2,1,차대차 - 측면직각충돌,중앙선침범,건조,맑음,단일로 - 기타,승용,남,71세,상해없음,승용,남,30세,경상
2012022800100038,2012년 2월 28일 01시,화요일,대전광역시 유성구 송강동,경상사고,0,0,3,0,차대차 - 추돌 - 주정차중,안전운전불이행,습기,비,단일로 - 기타,승용,남,31세,상해없음,화물,남,62세,경상
2012022800100047,2012년 2월 28일 02시,화요일,대전광역시 동구 가양동,경상사고,0,0,2,0,차대차 - 측면직각충돌,안전운전불이행,건조,맑음,교차로 - 교차로부근,승용,남,37세,상해없음,승용,남,19세,경상
2012022800100083,2012년 2월 28일 06시,화요일,대전광역시 유성구 봉명동,경상사고,0,0,1,0,차대차 - 측면직각충돌,신호위반,건조,맑음,교차로 - 교차로안,승용,남,61세,상해없음,승용,여,47세,경상
2012022800100103,2012년 2월 28일 07시,화요일,대전광역시 동구 성남동,경상사고,0,0,1,0,차대차 - 측면직각충돌,안전거리미확보,건조,맑음,단일로 - 기타,승용,남,68세,상해없음,승합,남,46세,상해없음
2012022800100104,2012년 2월 28일 07시,화요일,대전광역시 대덕구 와동,경상사고,0,0,1,0,차대차 - 추돌 - 진행중,안전거리미확보,건조,맑음,단일로 - 기타,승용,남,39세,상해없음,승용,남,39세,경상
2012022800100118,2012년 2월 28일 08시,화요일,대전광역시 대덕구 오정동,중상사고,0,1,0,0,차량단독 - 기타,기타,건조,맑음,교차로 - 교차로부근,승합,남,53세,상해없음,,,,
2012022800100156,2012년 2월 28일 10시,화요일,대전광역시 동구 용운동,경상사고,0,0,1,0,차대사람 - 횡단중,안전운전불이행,건조,맑음,단일로 - 기타,승용,여,56세,상해없음,보행자,여,8세,경상
2012022800100157,2012년 2월 28일 10시,화요일,대전광역시 동구 가양동,중상사고,0,1,1,0,차대차 - 추돌 - 주정차중,안전거리미확보,건조,맑음,단일로 - 기타,승합,남,45세,상해없음,승용,여,51세,상해없음
2012022800100204,2012년 2월 28일 12시,화요일,대전광역시 동구 가양동,경상사고,0,0,1,0,차대차 - 측면직각충돌,안전운전불이행,건조,맑음,단일로 - 기타,승용,여,33세,상해없음,원동기,여,53세,경상
2012022800100205,2012년 2월 28일 12시,화요일,대전광역시 유성구 송강동,경상사고,0,0,1,0,차대차 - 추돌 - 진행중,안전운전불이행,건조,흐림,단일로 - 기타,승용,남,29세,상해없음,원동기,남,51세,경상
2012022800100238,2012년 2월 28일 14시,화요일,대전광역시 중구 태평동,중상사고,0,1,0,0,차량단독 - 기타,기타,건조,맑음,단일로 - 기타,승합,남,42세,상해없음,,,,
2012022800100259,2012년 2월 28일 15시,화요일,대전광역시 동구 용전동,중상사고,0,2,0,0,차대차 - 측면직각충돌,신호위반,건조,맑음,교차로 - 교차로안,승용,여,41세,중상,화물,남,54세,중상
2012022800100375,2012년 2월 28일 19시,화요일,대전광역시 동구 대동,경상사고,0,0,1,0,차대차 - 추돌 - 진행중,안전운전불이행,건조,맑음,단일로 - 기타,승용,남,48세,상해없음,승용,여,48세,경상
2012022800100376,2012년 2월 28일 19시,화요일,대전광역시 대덕구 비래동,경상사고,0,0,4,0,차대차 - 추돌 - 주정차중,안전운전불이행,건조,맑음,단일로 - 기타,승용,남,48세,상해없음,승용,남,29세,경상
2012022800100377,2012년 2월 28일 19시,화요일,대전광역시 유성구 봉명동,중상사고,0,1,0,0,차대차 - 기타,신호위반,건조,맑음,교차로 - 교차로안,승용,남,46세,상해없음,승용,여,27세,중상
2012022800100437,2012년 2월 28일 21시,화요일,대전광역시 중구 용두동,중상사고,0,1,0,0,차대차 - 추돌 - 진행중,교차로운행방법위반,건조,맑음,교차로 - 교차로안,승용,남,37세,상해없음,원동기,남,49세,중상
2012022800100438,2012년 2월 28일 21시,화요일,대전광역시 대덕구 신일동,경상사고,0,0,1,0,차대사람 - 차도통행중,보행자보호의무위반,건조,맑음,교차로 - 교차로안,승용,기타불명,기타불명,기타불명,보행자,여,35세,경상
2012022800100459,2012년 2월 28일 22시,화요일,대전광역시 중구 오류동,중상사고,0,4,1,0,차대차 - 측면직각충돌,신호위반,건조,맑음,교차로 - 교차로안,승용,여,36세,상해없음,승용,남,58세,중상
2012022800100492,2012년 2월 28일 23시,화요일,대전광역시 대덕구 신탄진동,중상사고,0,1,0,0,차대사람 - 기타,안전운전불이행,건조,맑음,기타 - 기타,승용,남,31세,상해없음,보행자,남,60세,중상
2012022800100493,2012년 2월 28일 23시,화요일,대전광역시 서구 둔산동,중상사고,0,3,2,0,차대차 - 기타,안전운전불이행,건조,맑음,교차로 - 교차로부근,승용,남,27세,상해없음,승용,남,60세,중상
2012022900100028,2012년 2월 29일 00시,수요일,대전광역시 서구 탄방동,경상사고,0,0,1,0,차대차 - 측면직각충돌,신호위반,건조,맑음,교차로 - 교차로안,승용,남,29세,상해없음,승용,남,57세,경상
2012022900100045,2012년 2월 29일 01시,수요일,대전광역시 유성구 관평동,경상사고,0,0,2,0,차대차 - 기타,안전운전불이행,건조,맑음,단일로 - 기타,승용,남,39세,상해없음,승용,남,34세,기타불명
2012022900100101,2012년 2월 29일 06시,수요일,대전광역시 서구 둔산동,경상사고,0,0,1,0,차대차 - 기타,신호위반,건조,맑음,교차로 - 교차로안,승합,남,49세,상해없음,승용,남,60세,경상
2012022900100275,2012년 2월 29일 13시,수요일,대전광역시 동구 인동,경상사고,0,0,4,0,차대차 - 추돌 - 주정차중,안전운전불이행,건조,맑음,단일로 - 기타,승용,여,52세,상해없음,승용,여,54세,경상
2012022900100339,2012년 2월 29일 15시,수요일,대전광역시 서구 둔산동,경상사고,0,0,1,0,차대사람 - 기타,보행자보호의무위반,건조,맑음,단일로 - 횡단보도상,승합,기타불명,기타불명,기타불명,보행자,여,70세,경상
2012022900100366,2012년 2월 29일 16시,수요일,대전광역시 대덕구 신탄진동,경상사고,0,0,1,0,차대차 - 추돌 - 주정차중,안전운전불이행,건조,맑음,단일로 - 기타,승용,남,56세,기타불명,승용,여,26세,경상
2012022900100402,2012년 2월 29일 17시,수요일,대전광역시 동구 신흥동,경상사고,0,0,1,0,차대차 - 측면직각충돌,안전거리미확보,건조,맑음,단일로 - 기타,승용,여,42세,상해없음,승용,남,64세,경상
2012022900100403,2012년 2월 29일 17시,수요일,대전광역시 서구 월평동,중상사고,0,1,0,0,차대차 - 추돌 - 주정차중,안전운전불이행,건조,맑음,교차로 - 교차로부근,화물,남,54세,상해없음,승용,남,32세,중상
2012022900100469,2012년 2월 29일 19시,수요일,대전광역시 동구 성남동,경상사고,0,0,1,0,차대사람 - 기타,안전운전불이행,건조,맑음,단일로 - 기타,승용,여,34세,상해없음,보행자,남,76세,경상
2012022900100470,2012년 2월 29일 19시,수요일,대전광역시 서구 복수동,경상사고,0,0,1,0,차대차 - 측면직각충돌,교차로운행방법위반,건조,맑음,교차로 - 교차로안,승용,남,62세,상해없음,승용,여,39세,경상
2012022900100471,2012년 2월 29일 19시,수요일,대전광역시 대덕구 송촌동,경상사고,0,0,1,0,차대차 - 측면직각충돌,안전운전불이행,건조,맑음,단일로 - 기타,승용,남,38세,상해없음,승용,남,47세,경상
2012022900100495,2012년 2월 29일 20시,수요일,대전광역시 서구 도마동,경상사고,0,0,2,0,차대차 - 추돌 - 진행중,중앙선침범,건조,맑음,단일로 - 기타,승용,남,32세,상해없음,승용,남,47세,경상
2012022900100496,2012년 2월 29일 20시,수요일,대전광역시 대덕구 오정동,중상사고,0,1,0,0,차대사람 - 횡단중,안전운전불이행,건조,맑음,단일로 - 기타,승용,남,62세,상해없음,보행자,남,42세,중상
2012022900100538,2012년 2월 29일 21시,수요일,대전광역시 동구 원동,경상사고,0,0,1,0,차대차 - 기타,안전거리미확보,건조,맑음,단일로 - 기타,승용,남,46세,상해없음,승합,남,34세,상해없음
2012022900100539,2012년 2월 29일 21시,수요일,대전광역시 서구 용문동,경상사고,0,0,1,0,차대사람 - 횡단중,안전운전불이행,건조,맑음,단일로 - 기타,승용,여,56세,상해없음,보행자,여,40세,경상
2012022900100581,2012년 2월 29일 22시,수요일,대전광역시 서구 정림동,경상사고,0,0,2,0,차대차 - 추돌 - 진행중,안전거리미확보,건조,맑음,단일로 - 기타,승합,남,50세,상해없음,승용,남,43세,경상
2012022900100582,2012년 2월 29일 22시,수요일,대전광역시 대덕구 신탄진동,중상사고,0,1,0,0,차대차 - 측면직각충돌,안전운전불이행,건조,맑음,단일로 - 기타,승용,남,45세,상해없음,원동기,남,56세,중상
2012022900100612,2012년 2월 29일 23시,수요일,대전광역시 대덕구 신탄진동,경상사고,0,0,1,0,차대사람 - 횡단중,안전운전불이행,건조,맑음,단일로 - 기타,승용,남,22세,상해없음,보행자,남,19세,경상
2012030100100029,2012년 3월 1일 00시,목요일,대전광역시 서구 둔산동,경상사고,0,0,1,0,차대사람 - 기타,안전운전불이행,건조,맑음,교차로 - 교차로안,승용,남,38세,상해없음,보행자,남,30세,경상
2012030100100030,2012년 3월 1일 00시,목요일,대전광역시 서구 둔산동,경상사고,0,0,1,0,차대사람 - 기타,안전운전불이행,건조,맑음,단일로 - 기타,승용,남,47세,상해없음,보행자,여,24세,경상
2012030100100050,2012년 3월 1일 01시,목요일,대전광역시 동구 대성동,경상사고,0,0,1,0,차대차 - 측면직각충돌,안전운전불이행,건조,맑음,단일로 - 기타,승용,남,38세,경상,특수,남,47세,기타불명
2012030100100051,2012년 3월 1일 01시,목요일,대전광역시 유성구 용산동,경상사고,0,0,3,0,차대차 - 측면직각충돌,교차로운행방법위반,건조,맑음,교차로 - 교차로안,승용,여,44세,경상,승용,남,54세,경상
2012030100100063,2012년 3월 1일 02시,목요일,대전광역시 동구 가양동,경상사고,0,0,3,0,차대차 - 추돌 - 주정차중,안전운전불이행,건조,맑음,단일로 - 기타,승용,여,50세,상해없음,승용,남,35세,경상
2012030100100064,2012년 3월 1일 02시,목요일,대전광역시 서구 복수동,경상사고,0,0,4,0,차대차 - 측면직각충돌,안전운전불이행,건조,기타,교차로 - 교차로안,승용,남,52세,경상,승용,남,60세,상해없음
2012030100100231,2012년 3월 1일 12시,목요일,대전광역시 중구 태평동,경상사고,0,0,1,0,차대차 - 측면직각충돌,신호위반,건조,흐림,단일로 - 기타,승용,여,51세,상해없음,승용,남,52세,경상
2012030100100248,2012년 3월 1일 13시,목요일,대전광역시 유성구 궁동,경상사고,0,0,1,0,차대사람 - 길가장자리구역통행중,안전운전불이행,건조,맑음,단일로 - 기타,승용,남,51세,상해없음,보행자,남,55세,경상
2012030100100339,2012년 3월 1일 17시,목요일,대전광역시 동구 용운동,경상사고,0,0,1,0,차대사람 - 차도통행중,안전운전불이행,건조,맑음,교차로 - 교차로부근,승합,남,61세,상해없음,보행자,남,57세,경상
2012030100100362,2012년 3월 1일 18시,목요일,대전광역시 동구 원동,중상사고,0,1,0,0,차대사람 - 기타,안전운전불이행,건조,맑음,단일로 - 기타,승용,남,50세,상해없음,보행자,남,42세,중상
2012030100100414,2012년 3월 1일 20시,목요일,대전광역시 대덕구 비래동,경상사고,0,0,1,0,차대차 - 측면직각충돌,안전운전불이행,건조,맑음,교차로 - 교차로부근,승용,남,43세,상해없음,승용,남,33세,경상
2012030100100437,2012년 3월 1일 21시,목요일,대전광역시 중구 대흥동,경상사고,0,0,1,0,차대차 - 정면충돌,중앙선침범,건조,맑음,단일로 - 기타,승용,남,26세,상해없음,승용,남,48세,경상
2012030100100453,2012년 3월 1일 22시,목요일,대전광역시 중구 은행동,경상사고,0,0,1,0,차량단독 - 기타,안전운전불이행,건조,맑음,단일로 - 기타,승용,남,16세,상해없음,,,,
2012030200100011,2012년 3월 2일 00시,금요일,대전광역시 유성구 송강동,경상사고,0,0,3,0,차대차 - 기타,교차로운행방법위반,건조,맑음,교차로 - 교차로안,승용,남,42세,상해없음,승용,남,50세,경상
2012030200100050,2012년 3월 2일 04시,금요일,대전광역시 중구 오류동,경상사고,0,0,1,0,차대차 - 측면직각충돌,안전운전불이행,건조,맑음,단일로 - 기타,승용,여,28세,상해없음,승용,남,53세,경상
2012030200100104,2012년 3월 2일 07시,금요일,대전광역시 대덕구 덕암동,중상사고,0,1,0,0,차대차 - 측면직각충돌,안전운전불이행,건조,흐림,단일로 - 기타,승합,남,46세,상해없음,승용,남,53세,중상
2012030200100170,2012년 3월 2일 09시,금요일,대전광역시 유성구 덕명동,중상사고,0,1,0,0,차대차 - 추돌 - 진행중,신호위반,건조,흐림,교차로 - 교차로안,승용,여,39세,상해없음,건설기계,남,28세,중상
2012030200100200,2012년 3월 2일 10시,금요일,대전광역시 서구 복수동,경상사고,0,0,1,0,차대차 - 기타,안전운전불이행,건조,맑음,단일로 - 기타,승용,남,56세,상해없음,승용,여,37세,경상
2012030200100279,2012년 3월 2일 13시,금요일,대전광역시 유성구 화암동,경상사고,0,0,1,0,차대차 - 측면직각충돌,차로위반,습기,비,단일로 - 기타,화물,남,54세,상해없음,승용,여,49세,경상