사고번호,사고일시,요일,시군구,사고내용,사망자수,중상자수,경상자수,부상신고자수,사고유형,법규위반,노면상태,기상상태,도로형태,가해운전자 차종,가해운전자 성별,가해운전자 연령,가해운전자 상해정도,피해운전자 차종,피해운전자 성별,피해운전자 연령,피해운전자 상해정도
2012030200100295,2012년 3월 2일 13시,금요일,대전광역시 동구 자양동,중상사고,0,1,1,0,차대차 - 측면직각충돌,안전운전불이행,습기,비,교차로 - 교차로안,승용,남,57세,상해없음,승용,남,65세,상해없음
2012030200100296,2012년 3월 2일 13시,금요일,대전광역시 동구 효동,경상사고,0,0,1,0,차량단독 - 기타,기타,건조,맑음,단일로 - 기타,승합,남,52세,상해없음,,,,
2012030200100354,2012년 3월 2일 15시,금요일,대전광역시 서구 둔산동,경상사고,0,0,2,0,차대차 - 추돌 - 진행중,안전거리미확보,습기,맑음,교차로 - 교차로부근,승용,남,43세,상해없음,승용,여,35세,경상
2012030200100383,2012년 3월 2일 16시,금요일,대전광역시 중구 태평동,중상사고,0,1,0,0,차량단독 - 기타,기타,건조,기타,단일로 - 기타,승합,남,52세,상해없음,,,,
2012030200100384,2012년 3월 2일 16시,금요일,대전광역시 유성구 송강동,경상사고,0,0,1,0,차대차 - 추돌 - 진행중,안전운전불이행,습기,비,교차로 - 교차로안,승용,여,49세,상해없음,승용,여,35세,경상
2012030200100408,2012년 3월 2일 17시,금요일,대전광역시 서구 둔산동,중상사고,0,1,0,0,차대사람 - 차도통행중,안전운전불이행,습기,맑음,교차로 - 교차로부근,승합,남,65세,상해없음,보행자,남,61세,중상
2012030200100449,2012년 3월 2일 18시,금요일,대전광역시 서구 갈마동,경상사고,0,0,1,0,차대차 - 측면직각충돌,안전운전불이행,건조,맑음,교차로 - 교차로부근,승용,남,61세,상해없음,승용,남,28세,경상
2012030200100502,2012년 3월 2일 19시,금요일,대전광역시 중구 산성동,경상사고,0,0,1,0,차대사람 - 횡단중,안전운전불이행,건조,흐림,단일로 - 횡단보도상,승용,남,49세,상해없음,보행자,여,70세,경상
2012030200100503,2012년 3월 2일 19시,금요일,대전광역시 서구 둔산동,경상사고,0,0,1,0,차대차 - 정면충돌,중앙선침범,건조,맑음,단일로 - 기타,승용,남,53세,상해없음,승용,남,30세,경상
2012030200100504,2012년 3월 2일 19시,금요일,대전광역시 서구 월평동,중상사고,0,1,1,0,차대차 - 추돌 - 진행중,안전운전불이행,건조,맑음,교차로 - 교차로부근,승용,남,49세,기타불명,승용,남,35세,경상
2012030200100668,2012년 3월 2일 23시,금요일,대전광역시 중구 중촌동,경상사고,0,0,1,0,차대사람 - 기타,안전운전불이행,건조,맑음,단일로 - 기타,기타불명,기타불명,기타불명,기타불명,보행자,남,42세,경상
2012030300100032,2012년 3월 3일 00시,토요일,대전광역시 중구 산성동,중상사고,0,1,0,0,차대차 - 측면직각충돌,안전운전불이행,건조,흐림,단일로 - 기타,승합,남,39세,상해없음,승용,남,51세,상해없음
2012030300100055,2012년 3월 3일 01시,토요일,대전광역시 유성구 봉명동,경상사고,0,0,1,0,차대사람 - 횡단중,중앙선침범,건조,맑음,단일로 - 횡단보도상,승용,남,30세,상해없음,보행자,남,31세,경상
2012030300100093,2012년 3월 3일 04시,토요일,대전광역시 동구 용운동,경상사고,0,0,1,0,차대차 - 측면직각충돌,신호위반,건조,맑음,교차로 - 교차로안,승합,남,29세,상해없음,화물,남,75세,경상
2012030300100094,2012년 3월 3일 04시,토요일,대전광역시 서구 도마동,경상사고,0,0,1,0,차대사람 - 횡단중,보행자보호의무위반,건조,맑음,단일로 - 기타,승용,남,69세,상해없음,보행자,여,34세,경상
2012030300100110,2012년 3월 3일 05시,토요일,대전광역시 중구 대흥동,중상사고,0,1,0,0,차대차 - 측면직각충돌,안전운전불이행,건조,흐림,단일로 - 기타,승용,남,48세,상해없음,자전거,남,69세,중상
2012030300100111,2012년 3월 3일 05시,토요일,대전광역시 동구 용전동,경상사고,0,0,4,0,차대차 - 추돌 - 진행중,불법유턴,건조,맑음,교차로 - 교차로부근,승용,남,34세,상해없음,승용,남,62세,경상
2012030300100125,2012년 3월 3일 06시,토요일,대전광역시 중구 유천동,중상사고,0,1,0,0,차대차 - 측면직각충돌,안전거리미확보,건조,맑음,단일로 - 기타,승용,남,54세,상해없음,원동기,남,63세,중상
2012030300100160,2012년 3월 3일 08시,토요일,대전광역시 중구 선화동,중상사고,0,1,0,0,차대차 - 정면충돌,중앙선침범,건조,맑음,단일로 - 기타,승용,남,41세,상해없음,원동기,남,29세,중상
2012030300100179,2012년 3월 3일 09시,토요일,대전광역시 동구 낭월동,중상사고,0,1,1,0,차대차 - 추돌 - 주정차중,안전운전불이행,건조,맑음,교차로 - 교차로부근,건설기계,남,35세,상해없음,승용,남,30세,경상
2012030300100180,2012년 3월 3일 09시,토요일,대전광역시 대덕구 신탄진동,중상사고,0,1,0,0,차량단독 - 기타,기타,건조,맑음,단일로 - 기타,승합,남,56세,상해없음,,,,
2012030300100240,2012년 3월 3일 12시,토요일,대전광역시 중구 중촌동,경상사고,0,0,1,0,차대차 - 기타,안전운전불이행,건조,맑음,단일로 - 기타,승용,남,69세,상해없음,승용,남,67세,경상
2012030300100281,2012년 3월 3일 14시,토요일,대전광역시 대덕구 중리동,중상사고,0,1,1,0,차대차 - 기타,교차로운행방법위반,건조,맑음,교차로 - 교차로안,화물,남,57세,상해없음,승용,남,39세,중상
2012030300100391,2012년 3월 3일 18시,토요일,대전광역시 동구 판암동,중상사고,0,1,0,0,차대차 - 측면직각충돌,중앙선침범,건조,맑음,단일로 - 기타,이륜,여,58세,상해없음,이륜,남,38세,중상
2012030300100528,2012년 3월 3일 23시,토요일,대전광역시 동구 자양동,경상사고,0,0,1,0,차대차 - 추돌 - 진행중,안전거리미확보,건조,맑음,단일로 - 기타,원동기,남,18세,경상,승용,남,29세,상해없음
2012030300100529,2012년 3월 3일 23시,토요일,대전광역시 대덕구 읍내동,중상사고,0,1,0,0,차대사람 - 횡단중,신호위반,건조,맑음,교차로 - 교차로안,승용,기타불명,기타불명,기타불명,보행자,여,19세,중상
2012030400100021,2012년 3월 4일 00시,일요일,대전광역시 유성구 궁동,사망사고,1,0,0,0,차대사람 - 차도통행중,안전운전불이행,건조,맑음,단일로 - 기타,승용,남,56세,상해없음,보행자,남,24세,사망
2012030400100040,2012년 3월 4일 01시,일요일,대전광역시 동구 가양동,경상사고,0,0,2,0,차대차 - 추돌 - 주정차중,안전운전불이행,건조,맑음,교차로 - 교차로안,승용,남,33세,경상,승용,남,23세,기타불명
2012030400100067,2012년 3월 4일 03시,일요일,대전광역시 동구 용전동,경상사고,0,0,1,0,차대차 - 정면충돌,중앙선침범,건조,맑음,단일로 - 기타,승용,남,33세,상해없음,승용,남,52세,경상
2012030400100122,2012년 3월 4일 09시,일요일,대전광역시 중구 중촌동,경상사고,0,0,2,0,차대차 - 추돌 - 주정차중,안전운전불이행,건조,맑음,단일로 - 기타,승용,남,52세,상해없음,승용,남,54세,경상
2012030400100133,2012년 3월 4일 10시,일요일,대전광역시 유성구 봉명동,경상사고,0,0,2,0,차대차 - 정면충돌,신호위반,건조,맑음,단일로 - 기타,승용,남,52세,상해없음,이륜,남,22세,경상
2012030400100164,2012년 3월 4일 12시,일요일,대전광역시 동구 신흥동,사망사고,1,0,0,0,차대사람 - 횡단중,안전운전불이행,습기,비,단일로 - 기타,화물,남,37세,상해없음,보행자,남,82세,사망
2012030400100183,2012년 3월 4일 13시,일요일,대전광역시 서구 둔산동,중상사고,0,3,0,0,차대차 - 측면직각충돌,신호위반,건조,맑음,교차로 - 교차로안,승용,남,34세,상해없음,승용,남,50세,중상
2012030400100272,2012년 3월 4일 17시,일요일,대전광역시 서구 둔산동,경상사고,0,0,2,0,차대차 - 측면직각충돌,안전운전불이행,건조,맑음,단일로 - 기타,승용,남,53세,상해없음,승용,여,29세,경상
2012030400100304,2012년 3월 4일 18시,일요일,대전광역시 동구 용전동,경상사고,0,0,1,0,차대차 - 추돌 - 진행중,안전운전불이행,건조,맑음,교차로 - 교차로안,승용,남,37세,상해없음,승용,남,22세,경상
2012030400100305,2012년 3월 4일 18시,일요일,대전광역시 서구 둔산동,경상사고,0,0,1,0,차대차 - 측면직각충돌,안전운전불이행,건조,흐림,단일로 - 기타,승용,남,50세,상해없음,원동기,남,31세,경상
2012030400100346,2012년 3월 4일 19시,일요일,대전광역시 서구 갈마동,중상사고,0,1,0,0,차대사람 - 기타,안전운전불이행,건조,흐림,단일로 - 기타,승용,남,54세,상해없음,보행자,여,71세,중상
2012030400100380,2012년 3월 4일 20시,일요일,대전광역시 대덕구 문평동,중상사고,0,2,1,0,차대차 - 측면직각충돌,신호위반,건조,맑음,교차로 - 교차로안,승용,남,35세,경상,승용,여,42세,중상
2012030400100404,2012년 3월 4일 21시,일요일,대전광역시 서구 둔산동,경상사고,0,0,1,0,차대사람 - 기타,안전운전불이행,습기,비,단일로 - 횡단보도상,원동기,남,28세,상해없음,보행자,남,14세,경상
2012030500100104,2012년 3월 5일 06시,월요일,대전광역시 서구 가장동,경상사고,0,0,1,1,차대차 - 측면직각충돌,신호위반,건조,맑음,교차로 - 교차로안,승용,여,24세,상해없음,승용,남,26세,부상신고
2012030500100146,2012년 3월 5일 08시,월요일,대전광역시 동구 삼성동,경상사고,0,0,3,0,차대차 - 측면직각충돌,안전거리미확보,건조,맑음,단일로 - 기타,승용,남,40세,상해없음,승합,남,60세,경상
2012030500100147,2012년 3월 5일 08시,월요일,대전광역시 대덕구 대화동,경상사고,0,0,1,0,차대차 - 추돌 - 진행중,안전운전불이행,건조,맑음,단일로 - 기타,승용,남,42세,상해없음,승용,남,41세,경상
2012030500100148,2012년 3월 5일 08시,월요일,대전광역시 유성구 관평동,경상사고,0,0,1,0,차대차 - 추돌 - 주정차중,안전운전불이행,건조,맑음,교차로 - 교차로부근,승용,남,52세,상해없음,승용,남,43세,경상
2012030500100149,2012년 3월 5일 08시,월요일,대전광역시 유성구 학하동,중상사고,0,1,3,0,차대차 - 측면직각충돌,중앙선침범,건조,맑음,단일로 - 기타,화물,남,51세,상해없음,승합,남,51세,경상
2012030500100173,2012년 3월 5일 09시,월요일,대전광역시 중구 선화동,중상사고,0,1,0,0,차량단독 - 기타,기타,습기,비,단일로 - 기타,승합,남,50세,상해없음,,,,
2012030500100193,2012년 3월 5일 10시,월요일,대전광역시 서구 갈마동,경상사고,0,0,3,0,차대차 - 측면직각충돌,신호위반,건조,맑음,교차로 - 교차로안,화물,남,64세,경상,승용,남,35세,경상
2012030500100217,2012년 3월 5일 11시,월요일,대전광역시 동구 자양동,경상사고,0,0,3,0,차대차 - 정면충돌,안전운전불이행,습기,비,단일로 - 기타,화물,남,55세,상해없음,승용,남,20세,경상
2012030500100239,2012년 3월 5일 12시,월요일,대전광역시 유성구 궁동,경상사고,0,0,1,0,차대사람 - 기타,안전운전불이행,습기,흐림,단일로 - 기타,승합,남,49세,상해없음,보행자,여,18세,경상
2012030500100404,2012년 3월 5일 18시,월요일,대전광역시 대덕구 석봉동,중상사고,0,1,0,0,차대차 - 측면직각충돌,중앙선침범,습기,비,단일로 - 기타,승용,남,55세,상해없음,화물,남,50세,중상
2012030500100463,2012년 3월 5일 19시,월요일,대전광역시 동구 상소동,경상사고,0,0,2,0,차대차 - 측면직각충돌,중앙선침범,습기,비,단일로 - 기타,승용,남,59세,상해없음,승용,남,27세,경상
2012030500100464,2012년 3월 5일 19시,월요일,대전광역시 서구 복수동,중상사고,0,1,0,0,차대사람 - 횡단중,보행자보호의무위반,건조,맑음,교차로 - 교차로부근,승용,여,28세,상해없음,보행자,여,18세,중상
2012030500100465,2012년 3월 5일 19시,월요일,대전광역시 서구 둔산동,경상사고,0,0,1,0,차대사람 - 보도통행중,보행자보호의무위반,습기,비,단일로 - 횡단보도상,승용,여,48세,상해없음,보행자,남,27세,경상
2012030500100533,2012년 3월 5일 20시,월요일,대전광역시 동구 소제동,경상사고,0,0,3,0,차대차 - 측면직각충돌,안전운전불이행,습기,비,교차로 - 교차로부근,승용,기타불명,기타불명,기타불명,승용,남,47세,경상
2012030500100534,2012년 3월 5일 20시,월요일,대전광역시 동구 용전동,경상사고,0,0,2,0,차대차 - 정면충돌,신호위반,습기,비,단일로 - 기타,승용,남,67세,상해없음,이륜,남,29세,경상
2012030500100535,2012년 3월 5일 20시,월요일,대전광역시 서구 가장동,중상사고,0,1,0,0,차대사람 - 보도통행중,보행자보호의무위반,습기,비,교차로 - 교차로부근,원동기,남,49세,상해없음,보행자,남,69세,중상
2012030500100593,2012년 3월 5일 21시,월요일,대전광역시 서구 갈마동,중상사고,0,1,0,0,차대사람 - 보도통행중,신호위반,습기,비,단일로 - 횡단보도상,승용,남,23세,상해없음,보행자,남,61세,중상
2012030500100594,2012년 3월 5일 21시,월요일,대전광역시 서구 월평동,경상사고,0,0,1,0,차대차 - 추돌 - 진행중,안전운전불이행,습기,비,단일로 - 기타,승합,남,35세,상해없음,승용,여,51세,경상
2012030500100653,2012년 3월 5일 22시,월요일,대전광역시 유성구 봉명동,경상사고,0,0,1,0,차대사람 - 보도통행중,보행자보호의무위반,습기,비,단일로 - 횡단보도상,승용,여,29세,상해없음,보행자,남,56세,경상
2012030500100654,2012년 3월 5일 22시,월요일,대전광역시 서구 둔산동,중상사고,0,2,0,0,차대차 - 측면직각충돌,신호위반,습기,비,단일로 - 기타,화물,남,52세,상해없음,화물,남,42세,중상
2012030500100655,2012년 3월 5일 22시,월요일,대전광역시 유성구 원내동,중상사고,0,1,0,0,차대차 - 측면직각충돌,신호위반,습기,비,교차로 - 교차로안,승용,여,26세,상해없음,화물,남,26세,중상
2012030500100715,2012년 3월 5일 23시,월요일,대전광역시 중구 산성동,중상사고,0,2,0,0,차대차 - 측면직각충돌,안전거리미확보,습기,맑음,단일로 - 기타,승용,여,42세,상해없음,원동기,남,16세,중상
2012030600100053,2012년 3월 6일 00시,화요일,대전광역시 중구 대사동,경상사고,0,0,1,0,차대차 - 측면직각충돌,안전운전불이행,건조,맑음,단일로 - 기타,승용,남,53세,상해없음,화물,남,33세,경상
2012030600100054,2012년 3월 6일 00시,화요일,대전광역시 유성구 노은동,경상사고,0,0,1,0,차대차 - 측면직각충돌,신호위반,습기,비,교차로 - 교차로안,승용,여,42세,상해없음,승용,여,26세,경상
2012030600100135,2012년 3월 6일 05시,화요일,대전광역시 중구 부사동,경상사고,0,0,1,0,차대차 - 측면직각충돌,교차로운행방법위반,건조,맑음,교차로 - 교차로안,승용,남,44세,상해없음,원동기,남,43세,경상
2012030600100136,2012년 3월 6일 05시,화요일,대전광역시 유성구 봉명동,경상사고,0,0,1,0,차대차 - 추돌 - 주정차중,안전운전불이행,건조,맑음,교차로 - 교차로부근,승용,남,41세,상해없음,승용,남,27세,경상
2012030600100154,2012년 3월 6일 06시,화요일,대전광역시 중구 오류동,경상사고,0,0,2,0,차대차 - 기타,안전운전불이행,습기,비,단일로 - 기타,승용,남,23세,상해없음,화물,남,56세,경상
2012030600100155,2012년 3월 6일 06시,화요일,대전광역시 중구 목동,경상사고,0,0,1,0,차대차 - 측면직각충돌,안전운전불이행,습기,비,단일로 - 기타,화물,남,46세,상해없음,승용,남,44세,경상
2012030600100156,2012년 3월 6일 06시,화요일,대전광역시 동구 중동,중상사고,0,1,0,0,차대사람 - 차도통행중,안전운전불이행,습기,비,교차로 - 교차로안,승용,남,60세,상해없음,보행자,여,65세,중상
2012030600100222,2012년 3월 6일 08시,화요일,대전광역시 중구 목동,중상사고,0,1,0,0,차대차 - 측면직각충돌,신호위반,습기,비,단일로 - 기타,승용,여,28세,상해없음,승용,남,40세,중상
2012030600100223,2012년 3월 6일 08시,화요일,대전광역시 중구 대사동,중상사고,0,1,0,0,차대차 - 추돌 - 진행중,안전운전불이행,건조,맑음,단일로 - 기타,승용,여,26세,상해없음,승용,여,73세,중상
2012030600100224,2012년 3월 6일 08시,화요일,대전광역시 중구 선화동,중상사고,0,1,1,0,차대차 - 측면직각충돌,교차로운행방법위반,습기,비,교차로 - 교차로안,승용,남,60세,상해없음,자전거,남,88세,중상
2012030600100245,2012년 3월 6일 09시,화요일,대전광역시 대덕구 비래동,중상사고,0,1,0,0,차대사람 - 횡단중,신호위반,습기,비,교차로 - 교차로안,승합,여,56세,상해없음,보행자,여,56세,중상
2012030600100273,2012년 3월 6일 10시,화요일,대전광역시 유성구 원신흥동,경상사고,0,0,1,0,차대차 - 기타,신호위반,습기,비,교차로 - 교차로안,승용,남,35세,상해없음,승용,남,64세,상해없음
2012030600100305,2012년 3월 6일 12시,화요일,대전광역시 서구 도마동,경상사고,0,0,1,0,차대사람 - 횡단중,보행자보호의무위반,습기,흐림,단일로 - 횡단보도상,승용,여,45세,상해없음,보행자,여,49세,경상
2012030600100332,2012년 3월 6일 13시,화요일,대전광역시 서구 갈마동,중상사고,0,1,0,0,차대사람 - 횡단중,신호위반,건조,흐림,단일로 - 횡단보도상,승용,여,52세,상해없음,보행자,여,20세,중상
2012030600100373,2012년 3월 6일 15시,화요일,대전광역시 대덕구 읍내동,경상사고,0,0,1,0,차대사람 - 보도통행중,안전운전불이행,건조,맑음,단일로 - 기타,승용,기타불명,기타불명,기타불명,보행자,여,11세,경상
2012030600100396,2012년 3월 6일 16시,화요일,대전광역시 동구 원동,경상사고,0,0,1,0,차대차 - 추돌 - 주정차중,안전거리미확보,습기,흐림,교차로 - 교차로부근,승합,남,62세,상해없음,승용,남,51세,경상
2012030600100427,2012년 3월 6일 17시,화요일,대전광역시 서구 월평동,경상사고,0,0,1,0,차대차 - 기타,교차로운행방법위반,건조,흐림,단일로 - 기타,승용,여,32세,상해없음,승용,여,30세,경상
2012030600100462,2012년 3월 6일 18시,화요일,대전광역시 중구 유천동,경상사고,0,0,1,0,차대차 - 측면직각충돌,안전운전불이행,건조,맑음,단일로 - 기타,승용,남,51세,상해없음,승용,남,44세,경상
2012030600100463,2012년 3월 6일 18시,화요일,대전광역시 중구 목동,중상사고,0,1,0,0,차대사람 - 길가장자리구역통행중,기타,건조,맑음,단일로 - 기타,승합,여,42세,상해없음,보행자,남,38세,중상
2012030600100464,2012년 3월 6일 18시,화요일,대전광역시 대덕구 법동,중상사고,0,1,0,0,차대사람 - 횡단중,안전운전불이행,건조,맑음,교차로 - 교차로안,승용,남,51세,상해없음,보행자,여,25세,중상
2012030600100465,2012년 3월 6일 18시,화요일,대전광역시 유성구 용산동,경상사고,0,0,1,0,차대차 - 측면직각충돌,신호위반,건조,맑음,교차로 - 교차로안,승용,남,48세,상해없음,승용,여,45세,경상
2012030600100535,2012년 3월 6일 20시,화요일,대전광역시 동구 홍도동,경상사고,0,0,1,0,차대차 - 측면직각충돌,안전운전불이행,건조,맑음,단일로 - 횡단보도상,승용,남,27세,상해없음,자전거,남,19세,경상
2012030600100555,2012년 3월 6일 21시,화요일,대전광역시 중구 문화동,경상사고,0,0,2,0,차대차 - 추돌 - 주정차중,안전운전불이행,건조,맑음,교차로 - 교차로안,승용,여,24세,상해없음,승용,여,40세,경상
2012030600100556,2012년 3월 6일 21시,화요일,대전광역시 대덕구 목상동,중상사고,0,2,0,0,차대차 - 정면충돌,신호위반,건조,맑음,교차로 - 교차로안,승용,남,50세,상해없음,이륜,남,18세,중상
2012030600100583,2012년 3월 6일 22시,화요일,대전광역시 유성구 봉명동,중상사고,0,1,0,0,차대차 - 추돌 - 진행중,안전운전불이행,건조,맑음,단일로 - 기타,승용,남,39세,상해없음,승용,남,25세,중상
2012030600100605,2012년 3월 6일 23시,화요일,대전광역시 중구 문화동,경상사고,0,0,1,0,차대차 - 측면직각충돌,중앙선침범,건조,맑음,단일로 - 기타,승용,남,43세,상해없음,원동기,남,19세,경상
2012030700100039,2012년 3월 7일 02시,수요일,대전광역시 대덕구 송촌동,경상사고,0,0,1,0,차대차 - 기타,안전운전불이행,건조,맑음,단일로 - 기타,승용,남,35세,상해없음,화물,남,46세,경상
2012030700100043,2012년 3월 7일 02시,수요일,대전광역시 동구 성남동,경상사고,0,0,1,0,차대차 - 추돌 - 주정차중,안전운전불이행,건조,맑음,단일로 - 기타,승용,남,13세,상해없음,승합,남,42세,경상
2012030700100194,2012년 3월 7일 10시,수요일,대전광역시 중구 문화동,중상사고,0,1,0,0,차대차 - 측면직각충돌,안전거리미확보,건조,맑음,단일로 - 기타,이륜,남,62세,상해없음,화물,남,24세,상해없음
2012030700100239,2012년 3월 7일 12시,수요일,대전광역시 서구 둔산동,경상사고,0,0,2,0,차대차 - 측면직각충돌,안전운전불이행,건조,맑음,교차로 - 교차로안,승용,여,61세,경상,승용,여,59세,경상
2012030700100240,2012년 3월 7일 12시,수요일,대전광역시 서구 만년동,경상사고,0,0,2,0,차대차 - 측면직각충돌,안전운전불이행,건조,맑음,교차로 - 교차로부근,승용,여,41세,상해없음,승용,남,30세,경상
2012030700100411,2012년 3월 7일 18시,수요일,대전광역시 서구 도마동,중상사고,0,1,1,0,차대차 - 추돌 - 진행중,안전운전불이행,건조,흐림,단일로 - 기타,승합,남,44세,상해없음,이륜,남,54세,중상
2012030700100481,2012년 3월 7일 20시,수요일,대전광역시 대덕구 송촌동,경상사고,0,0,1,0,차대차 - 추돌 - 주정차중,안전운전불이행,건조,맑음,교차로 - 교차로안,승용,남,43세,상해없음,승용,남,42세,경상
2012030700100482,2012년 3월 7일 20시,수요일,대전광역시 서구 갈마동,경상사고,0,0,1,0,차대차 - 측면직각충돌,교차로운행방법위반,건조,맑음,교차로 - 교차로안,승용,남,53세,상해없음,승합,남,53세,경상
2012030700100517,2012년 3월 7일 21시,수요일,대전광역시 서구 용문동,중상사고,0,1,1,0,차대차 - 측면직각충돌,교차로운행방법위반,건조,맑음,교차로 - 교차로부근,승용,남,28세,상해없음,승용,남,32세,경상
2012030700100518,2012년 3월 7일 21시,수요일,대전광역시 서구 탄방동,경상사고,0,0,1,0,차대차 - 기타,안전운전불이행,건조,맑음,단일로 - 기타,승용,남,24세,상해없음,승용,남,59세,상해없음
2012030700100586,2012년 3월 7일 23시,수요일,대전광역시 서구 둔산동,경상사고,0,0,1,0,차대차 - 기타,신호위반,건조,맑음,교차로 - 교차로안,승용,남,36세,상해없음,승용,남,33세,경상
2012030800100038,2012년 3월 8일 01시,목요일,대전광역시 동구 효동,경상사고,0,0,3,0,차대차 - 추돌 - 주정차중,안전거리미확보,건조,맑음,교차로 - 교차로부근,화물,남,36세,상해없음,승용,여,56세,경상
2012030800100047,2012년 3월 8일 02시,목요일,대전광역시 중구 대흥동,경상사고,0,0,2,0,차대차 - 측면직각충돌,신호위반,건조,맑음,교차로 - 교차로안,화물,남,44세,상해없음,승용,남,42세,경상
2012030800100048,2012년 3월 8일 02시,목요일,대전광역시 동구 홍도동,경상사고,0,0,1,0,차대사람 - 횡단중,불법유턴,건조,맑음,단일로 - 기타,승용,남,52세,상해없음,보행자,남,18세,경상
2012030800100059,2012년 3월 8일 03시,목요일,대전광역시 서구 갈마동,경상사고,0,0,1,0,차대차 - 추돌 - 진행중,안전거리미확보,건조,맑음,단일로 - 기타,승용,남,42세,상해없음,승용,남,38세,경상
2012030800100060,2012년 3월 8일 03시,목요일,대전광역시 서구 둔산동,경상사고,0,0,2,0,차대차 - 기타,안전운전불이행,건조,맑음,단일로 - 기타,승용,남,26세,상해없음,승용,남,60세,경상
2012030800100095,2012년 3월 8일 06시,목요일,대전광역시 서구 둔산동,중상사고,0,1,0,0,차대사람 - 차도통행중,안전운전불이행,건조,맑음,단일로 - 기타,승용,남,53세,상해없음,보행자,여,54세,중상
2012030800100146,2012년 3월 8일 08시,목요일,대전광역시 중구 은행동,경상사고,0,0,1,0,차대차 - 측면직각충돌,안전거리미확보,건조,맑음,교차로 - 교차로안,승합,남,37세,상해없음,승합,남,42세,경상
2012030800100147,2012년 3월 8일 08시,목요일,대전광역시 동구 자양동,경상사고,0,0,2,0,차대차 - 측면직각충돌,안전운전불이행,건조,맑음,단일로 - 기타,승용,남,25세,상해없음,승용,남,57세,경상
2012030800100148,2012년 3월 8일 08시,목요일,대전광역시 동구 가양동,경상사고,0,0,1,0,차대차 - 추돌 - 주정차중,안전운전불이행,건조,맑음,단일로 - 기타,승용,남,21세,상해없음,승합,남,56세,경상
2012030800100190,2012년 3월 8일 10시,목요일,대전광역시 동구 정동,경상사고,0,0,1,0,차대차 - 측면직각충돌,안전거리미확보,건조,맑음,교차로 - 교차로부근,승용,남,53세,상해없음,승용,여,31세,경상
2012030800100207,2012년 3월 8일 11시,목요일,대전광역시 동구 홍도동,경상사고,0,0,1,0,차대차 - 측면직각충돌,안전거리미확보,건조,맑음,교차로 - 교차로부근,승용,남,23세,기타불명,승용,남,34세,경상
2012030800100257,2012년 3월 8일 13시,목요일,대전광역시 서구 관저동,경상사고,0,0,1,0,차대차 - 측면직각충돌,신호위반,건조,맑음,교차로 - 교차로안,승용,여,49세,상해없음,원동기,남,19세,경상
2012030800100284,2012년 3월 8일 14시,목요일,대전광역시 서구 갈마동,중상사고,0,1,0,0,차대사람 - 기타,안전운전불이행,건조,맑음,단일로 - 기타,승용,여,48세,상해없음,보행자,남,7세,중상
2012030800100341,2012년 3월 8일 16시,목요일,대전광역시 중구 선화동,경상사고,0,0,1,0,차대차 - 측면직각충돌,신호위반,건조,맑음,교차로 - 교차로안,승용,여,50세,상해없음,이륜,남,49세,경상
2012030800100342,2012년 3월 8일 16시,목요일,대전광역시 동구 가오동,중상사고,0,1,0,0,차대사람 - 기타,안전운전불이행,건조,맑음,교차로 - 교차로부근,승용,기타불명,기타불명,기타불명,보행자,남,17세,중상
2012030800100544,2012년 3월 8일 23시,목요일,대전광역시 서구 괴정동,경상사고,0,0,3,1,차대차 - 추돌 - 주정차중,안전거리미확보,건조,맑음,단일로 - 기타,승용,남,56세,상해없음,승용,남,50세,경상
2012030900100042,2012년 3월 9일 02시,금요일,대전광역시 유성구 관평동,경상사고,0,0,2,0,차대차 - 측면직각충돌,신호위반,건조,맑음,단일로 - 기타,승용,남,64세,상해없음,자전거,남,17세,경상
2012030900100050,2012년 3월 9일 03시,금요일,대전광역시 유성구 궁동,경상사고,0,0,1,0,차대차 - 추돌 - 진행중,안전운전불이행,건조,맑음,교차로 - 교차로부근,승합,남,45세,상해없음,승용,여,52세,경상
2012030900100065,2012년 3월 9일 05시,금요일,대전광역시 서구 관저동,중상사고,0,1,1,0,차대차 - 측면직각충돌,직진우회전진행방해,건조,맑음,교차로 - 교차로안,승용,여,42세,상해없음,승합,남,40세,상해없음
2012030900100066,2012년 3월 9일 05시,금요일,대전광역시 서구 정림동,경상사고,0,0,1,0,차대사람 - 기타,안전운전불이행,건조,맑음,단일로 - 기타,승용,남,41세,상해없음,보행자,남,44세,경상
2012030900100078,2012년 3월 9일 06시,금요일,대전광역시 동구 판암동,중상사고,0,1,0,0,차대사람 - 횡단중,보행자보호의무위반,건조,맑음,단일로 - 횡단보도상,승용,남,74세,상해없음,보행자,여,80세,중상
2012030900100079,2012년 3월 9일 06시,금요일,대전광역시 서구 내동,중상사고,0,1,0,0,차대차 - 측면직각충돌,안전운전불이행,건조,맑음,단일로 - 기타,승용,남,65세,기타불명,원동기,남,39세,중상
2012030900100080,2012년 3월 9일 06시,금요일,대전광역시 유성구 장대동,중상사고,0,1,0,0,차대차 - 측면직각충돌,신호위반,건조,맑음,교차로 - 교차로안,승용,남,54세,상해없음,승용,남,74세,중상
2012030900100081,2012년 3월 9일 06시,금요일,대전광역시 유성구 궁동,경상사고,0,0,3,0,차대차 - 추돌 - 주정차중,안전운전불이행,건조,맑음,단일로 - 기타,승용,남,51세,상해없음,승용,남,59세,경상
2012030900100128,2012년 3월 9일 08시,금요일,대전광역시 대덕구 대화동,중상사고,0,1,0,0,차대차 - 측면직각충돌,안전운전불이행,건조,맑음,단일로 - 횡단보도상,특수,남,44세,상해없음,승용,여,43세,중상