사고번호,사고일시,요일,시군구,사고내용,사망자수,중상자수,경상자수,부상신고자수,사고유형,법규위반,노면상태,기상상태,도로형태,가해운전자 차종,가해운전자 성별,가해운전자 연령,가해운전자 상해정도,피해운전자 차종,피해운전자 성별,피해운전자 연령,피해운전자 상해정도
2012031600100748,2012년 3월 16일 23시,금요일,대전광역시 서구 가장동,경상사고,0,0,1,0,차대사람 - 횡단중,신호위반,습기,비,교차로 - 교차로안,이륜,남,40세,상해없음,보행자,여,26세,경상
2012031600100749,2012년 3월 16일 23시,금요일,대전광역시 서구 용문동,중상사고,0,1,0,0,차대차 - 추돌 - 주정차중,안전운전불이행,건조,맑음,단일로 - 기타,승용,남,35세,상해없음,승용,남,43세,중상
2012031700100107,2012년 3월 17일 01시,토요일,대전광역시 동구 소제동,사망사고,1,0,0,0,차대사람 - 횡단중,과속,습기,비,단일로 - 기타,승용,남,63세,상해없음,보행자,남,58세,사망
2012031700100108,2012년 3월 17일 01시,토요일,대전광역시 서구 관저동,경상사고,0,0,1,0,차대차 - 측면직각충돌,안전운전불이행,습기,비,교차로 - 교차로안,승용,남,41세,상해없음,승용,남,46세,경상
2012031700100109,2012년 3월 17일 01시,토요일,대전광역시 서구 용문동,중상사고,0,1,2,0,차대차 - 측면직각충돌,신호위반,습기,비,교차로 - 교차로안,승용,남,32세,상해없음,승용,남,44세,경상
2012031700100110,2012년 3월 17일 01시,토요일,대전광역시 유성구 노은동,경상사고,0,0,1,0,차대사람 - 보도통행중,신호위반,습기,비,단일로 - 횡단보도상,승용,남,41세,상해없음,보행자,남,41세,경상
2012031700100141,2012년 3월 17일 02시,토요일,대전광역시 유성구 봉명동,경상사고,0,0,1,0,차대차 - 기타,불법유턴,습기,비,단일로 - 기타,승용,남,29세,상해없음,승용,남,49세,경상
2012031700100178,2012년 3월 17일 03시,토요일,대전광역시 서구 갈마동,경상사고,0,0,1,0,차대사람 - 길가장자리구역통행중,안전운전불이행,습기,비,단일로 - 기타,승용,남,30세,상해없음,보행자,여,27세,경상
2012031700100179,2012년 3월 17일 03시,토요일,대전광역시 유성구 봉명동,경상사고,0,0,2,0,차대차 - 측면직각충돌,안전거리미확보,습기,비,교차로 - 교차로안,승용,기타불명,기타불명,기타불명,승용,남,39세,경상
2012031700100180,2012년 3월 17일 03시,토요일,대전광역시 서구 둔산동,경상사고,0,0,2,0,차대차 - 측면직각충돌,신호위반,습기,비,교차로 - 교차로안,승용,남,53세,경상,승용,남,30세,경상
2012031700100181,2012년 3월 17일 03시,토요일,대전광역시 서구 갈마동,경상사고,0,0,2,0,차대차 - 추돌 - 진행중,안전운전불이행,습기,비,교차로 - 교차로부근,승용,남,29세,상해없음,승용,남,37세,경상
2012031700100253,2012년 3월 17일 07시,토요일,대전광역시 서구 둔산동,경상사고,0,0,1,0,차대차 - 측면직각충돌,신호위반,습기,비,교차로 - 교차로안,승용,여,32세,상해없음,승용,여,35세,경상
2012031700100374,2012년 3월 17일 12시,토요일,대전광역시 서구 용문동,중상사고,0,1,0,0,차대차 - 측면직각충돌,신호위반,건조,맑음,단일로 - 횡단보도상,승용,남,44세,상해없음,이륜,남,45세,중상
2012031700100375,2012년 3월 17일 12시,토요일,대전광역시 서구 갈마동,중상사고,0,1,1,0,차대사람 - 횡단중,보행자보호의무위반,건조,맑음,단일로 - 기타,승용,남,49세,상해없음,보행자,남,28세,중상
2012031700100439,2012년 3월 17일 14시,토요일,대전광역시 중구 태평동,경상사고,0,0,4,0,차량단독 - 기타,기타,건조,맑음,교차로 - 교차로부근,승용,남,60세,상해없음,,,,
2012031700100498,2012년 3월 17일 16시,토요일,대전광역시 서구 둔산동,경상사고,0,0,1,0,차량단독 - 기타,안전운전불이행,건조,맑음,미분류 - 미분류,승용,남,65세,상해없음,,,,
2012031700100524,2012년 3월 17일 17시,토요일,대전광역시 서구 정림동,중상사고,0,2,0,0,차량단독 - 기타,안전운전불이행,건조,맑음,교차로 - 교차로부근,승합,남,34세,상해없음,,,,
2012031700100555,2012년 3월 17일 18시,토요일,대전광역시 중구 태평동,중상사고,0,1,0,0,차대차 - 측면직각충돌,안전운전불이행,건조,맑음,단일로 - 기타,승용,여,61세,상해없음,이륜,남,26세,중상
2012031700100556,2012년 3월 17일 18시,토요일,대전광역시 중구 오류동,경상사고,0,0,1,0,차대차 - 기타,안전운전불이행,건조,맑음,단일로 - 기타,화물,남,51세,상해없음,승용,여,54세,경상
2012031700100557,2012년 3월 17일 18시,토요일,대전광역시 유성구 궁동,경상사고,0,0,1,0,차대사람 - 차도통행중,안전운전불이행,건조,맑음,단일로 - 기타,승용,기타불명,기타불명,기타불명,보행자,남,20세,경상
2012031700100558,2012년 3월 17일 18시,토요일,대전광역시 서구 탄방동,경상사고,0,0,2,0,차대차 - 측면직각충돌,안전거리미확보,건조,맑음,단일로 - 기타,승용,여,47세,상해없음,승용,여,26세,경상
2012031700100600,2012년 3월 17일 19시,토요일,대전광역시 동구 원동,경상사고,0,0,8,0,차대차 - 추돌 - 주정차중,안전운전불이행,건조,맑음,단일로 - 기타,화물,남,57세,상해없음,승용,남,24세,경상
2012031700100645,2012년 3월 17일 20시,토요일,대전광역시 대덕구 송촌동,경상사고,0,0,1,0,차대차 - 측면직각충돌,신호위반,건조,맑음,교차로 - 교차로안,승용,남,32세,상해없음,승용,남,28세,경상
2012031800100022,2012년 3월 18일 00시,일요일,대전광역시 대덕구 송촌동,경상사고,0,0,1,0,차대차 - 추돌 - 주정차중,안전운전불이행,건조,맑음,교차로 - 교차로부근,승용,남,38세,상해없음,승용,여,43세,경상
2012031800100106,2012년 3월 18일 04시,일요일,대전광역시 유성구 장대동,중상사고,0,1,0,0,차대사람 - 보도통행중,보행자보호의무위반,건조,맑음,단일로 - 횡단보도상,승용,남,39세,상해없음,보행자,남,25세,중상
2012031800100196,2012년 3월 18일 11시,일요일,대전광역시 동구 삼괴동,사망사고,1,0,0,0,차량단독 - 공작물충돌,안전운전불이행,건조,맑음,단일로 - 기타,승용,남,76세,사망,,,,
2012031800100197,2012년 3월 18일 11시,일요일,대전광역시 유성구 신성동,경상사고,0,0,2,0,차대차 - 기타,안전운전불이행,건조,맑음,미분류 - 미분류,승용,남,39세,상해없음,승용,남,45세,경상
2012031800100288,2012년 3월 18일 15시,일요일,대전광역시 중구 문화동,중상사고,0,1,0,0,차량단독 - 기타,기타,건조,맑음,단일로 - 기타,승합,남,50세,상해없음,,,,
2012031800100289,2012년 3월 18일 15시,일요일,대전광역시 대덕구 오정동,경상사고,0,0,2,0,차대차 - 측면직각충돌,안전거리미확보,건조,맑음,단일로 - 기타,화물,남,34세,상해없음,승용,남,24세,경상
2012031800100373,2012년 3월 18일 18시,일요일,대전광역시 서구 만년동,경상사고,0,0,1,0,차대차 - 추돌 - 주정차중,안전운전불이행,건조,맑음,교차로 - 교차로부근,승용,남,56세,상해없음,승용,여,45세,경상
2012031800100396,2012년 3월 18일 19시,일요일,대전광역시 중구 옥계동,경상사고,0,0,1,0,차대차 - 기타,안전운전불이행,건조,맑음,단일로 - 기타,승용,여,40세,상해없음,승용,남,54세,경상
2012031900100030,2012년 3월 19일 03시,월요일,대전광역시 서구 월평동,경상사고,0,0,2,0,차대차 - 기타,안전운전불이행,건조,맑음,단일로 - 기타,승용,남,24세,상해없음,승용,남,51세,경상
2012031900100037,2012년 3월 19일 04시,월요일,대전광역시 서구 정림동,중상사고,0,1,0,0,차대사람 - 길가장자리구역통행중,안전운전불이행,건조,맑음,단일로 - 기타,승용,여,55세,상해없음,보행자,남,50세,중상
2012031900100046,2012년 3월 19일 05시,월요일,대전광역시 서구 탄방동,경상사고,0,0,2,0,차대차 - 측면직각충돌,신호위반,건조,맑음,교차로 - 교차로부근,승용,남,40세,상해없음,승용,남,63세,경상
2012031900100077,2012년 3월 19일 07시,월요일,대전광역시 동구 대동,경상사고,0,0,1,0,차대차 - 측면직각충돌,교차로운행방법위반,건조,맑음,교차로 - 교차로안,승용,남,45세,기타불명,화물,남,29세,경상
2012031900100078,2012년 3월 19일 07시,월요일,대전광역시 유성구 어은동,중상사고,0,1,0,0,차대차 - 측면직각충돌,교차로운행방법위반,건조,맑음,교차로 - 교차로안,승합,남,46세,상해없음,승용,여,42세,중상
2012031900100079,2012년 3월 19일 07시,월요일,대전광역시 서구 둔산동,중상사고,0,1,0,0,차대차 - 측면직각충돌,신호위반,건조,맑음,교차로 - 교차로안,승용,여,59세,상해없음,승용,남,44세,중상
2012031900100122,2012년 3월 19일 08시,월요일,대전광역시 유성구 도룡동,경상사고,0,0,1,0,차량단독 - 기타,기타,건조,맑음,단일로 - 기타,승합,남,47세,상해없음,,,,
2012031900100182,2012년 3월 19일 10시,월요일,대전광역시 동구 용전동,경상사고,0,0,1,0,차대차 - 추돌 - 진행중,안전운전불이행,건조,맑음,교차로 - 교차로부근,승용,남,50세,상해없음,승용,남,37세,경상
2012031900100183,2012년 3월 19일 10시,월요일,대전광역시 서구 가수원동,경상사고,0,0,1,0,차대차 - 측면직각충돌,안전운전불이행,건조,맑음,단일로 - 기타,화물,남,50세,상해없음,승용,남,37세,경상
2012031900100226,2012년 3월 19일 12시,월요일,대전광역시 서구 가장동,중상사고,0,1,1,0,차대차 - 측면직각충돌,신호위반,건조,맑음,교차로 - 교차로안,승용,여,58세,상해없음,승용,여,30세,경상
2012031900100227,2012년 3월 19일 12시,월요일,대전광역시 서구 월평동,경상사고,0,0,1,0,차대차 - 측면직각충돌,안전운전불이행,건조,맑음,교차로 - 교차로안,화물,남,38세,상해없음,이륜,남,47세,경상
2012031900100260,2012년 3월 19일 13시,월요일,대전광역시 중구 호동,중상사고,0,1,0,0,차대차 - 측면직각충돌,안전거리미확보,건조,맑음,단일로 - 기타,승용,남,46세,상해없음,원동기,남,77세,중상
2012031900100261,2012년 3월 19일 13시,월요일,대전광역시 유성구 신성동,경상사고,0,0,1,0,차대차 - 측면직각충돌,안전운전불이행,건조,흐림,단일로 - 기타,승용,남,32세,상해없음,자전거,남,23세,경상
2012031900100288,2012년 3월 19일 14시,월요일,대전광역시 대덕구 오정동,중상사고,0,1,0,0,차대사람 - 길가장자리구역통행중,안전운전불이행,건조,맑음,단일로 - 기타,승용,여,22세,상해없음,보행자,여,19세,중상
2012031900100309,2012년 3월 19일 15시,월요일,대전광역시 중구 선화동,중상사고,0,1,0,0,차량단독 - 기타,안전운전불이행,건조,맑음,단일로 - 기타,승합,남,44세,상해없음,,,,
2012031900100310,2012년 3월 19일 15시,월요일,대전광역시 서구 도마동,경상사고,0,0,2,0,차대차 - 측면직각충돌,안전운전불이행,건조,맑음,교차로 - 교차로안,화물,남,60세,상해없음,승용,남,25세,경상
2012031900100311,2012년 3월 19일 15시,월요일,대전광역시 서구 둔산동,경상사고,0,0,1,0,차대차 - 추돌 - 진행중,안전운전불이행,건조,맑음,교차로 - 교차로부근,승용,여,41세,상해없음,승용,남,33세,경상
2012031900100342,2012년 3월 19일 16시,월요일,대전광역시 중구 중촌동,경상사고,0,0,2,0,차대차 - 추돌 - 진행중,안전운전불이행,건조,맑음,단일로 - 기타,승용,남,42세,상해없음,승용,남,40세,상해없음
2012031900100343,2012년 3월 19일 16시,월요일,대전광역시 유성구 궁동,경상사고,0,0,1,0,차대차 - 측면직각충돌,안전운전불이행,건조,맑음,단일로 - 기타,승용,남,60세,상해없음,자전거,남,19세,경상
2012031900100533,2012년 3월 19일 22시,월요일,대전광역시 유성구 봉명동,경상사고,0,0,1,0,차대차 - 측면직각충돌,안전거리미확보,건조,맑음,단일로 - 기타,승용,남,57세,상해없음,승용,남,25세,경상
2012031900100564,2012년 3월 19일 23시,월요일,대전광역시 서구 갈마동,중상사고,0,1,1,0,차대차 - 기타,안전운전불이행,건조,맑음,단일로 - 기타,승용,여,43세,경상,이륜,남,38세,중상
2012032000100016,2012년 3월 20일 00시,화요일,대전광역시 대덕구 오정동,중상사고,0,1,0,0,차대차 - 측면직각충돌,신호위반,건조,맑음,교차로 - 교차로안,승용,남,53세,상해없음,이륜,남,25세,중상
2012032000100017,2012년 3월 20일 00시,화요일,대전광역시 유성구 하기동,경상사고,0,0,1,0,차대사람 - 횡단중,안전운전불이행,건조,맑음,단일로 - 기타,승합,남,57세,상해없음,보행자,남,21세,경상
2012032000100041,2012년 3월 20일 01시,화요일,대전광역시 중구 태평동,중상사고,0,1,0,0,차대사람 - 횡단중,보행자보호의무위반,건조,맑음,단일로 - 횡단보도상,승용,남,55세,상해없음,보행자,남,21세,중상
2012032000100064,2012년 3월 20일 03시,화요일,대전광역시 서구 둔산동,경상사고,0,0,2,0,차대차 - 기타,교차로운행방법위반,건조,맑음,교차로 - 교차로안,화물,남,45세,경상,승용,남,48세,상해없음
2012032000100100,2012년 3월 20일 06시,화요일,대전광역시 서구 도마동,중상사고,0,1,0,0,차대차 - 정면충돌,신호위반,건조,맑음,교차로 - 교차로안,승용,남,51세,상해없음,승용,남,50세,중상
2012032000100222,2012년 3월 20일 10시,화요일,대전광역시 중구 유천동,경상사고,0,0,1,0,차대차 - 측면직각충돌,안전운전불이행,건조,맑음,교차로 - 교차로부근,자전거,남,72세,경상,승용,남,55세,상해없음
2012032000100223,2012년 3월 20일 10시,화요일,대전광역시 서구 갈마동,경상사고,0,0,1,0,차대차 - 측면직각충돌,안전운전불이행,건조,맑음,교차로 - 교차로부근,승용,남,48세,상해없음,승용,여,31세,경상
2012032000100289,2012년 3월 20일 13시,화요일,대전광역시 대덕구 읍내동,경상사고,0,0,1,0,차량단독 - 기타,안전운전불이행,건조,맑음,단일로 - 기타,승용,남,58세,상해없음,,,,
2012032000100290,2012년 3월 20일 13시,화요일,대전광역시 유성구 방동,경상사고,0,0,1,0,차대차 - 측면직각충돌,안전운전불이행,건조,맑음,단일로 - 기타,승용,남,28세,상해없음,승용,남,51세,경상
2012032000100347,2012년 3월 20일 15시,화요일,대전광역시 동구 용전동,중상사고,0,1,0,0,차대사람 - 횡단중,보행자보호의무위반,건조,맑음,단일로 - 기타,승합,남,48세,상해없음,보행자,여,48세,중상
2012032000100375,2012년 3월 20일 16시,화요일,대전광역시 동구 가양동,경상사고,0,0,2,0,차대차 - 추돌 - 주정차중,안전운전불이행,건조,맑음,단일로 - 기타,화물,남,39세,상해없음,승용,여,58세,경상
2012032000100376,2012년 3월 20일 16시,화요일,대전광역시 서구 갈마동,경상사고,0,0,1,0,차대차 - 추돌 - 진행중,안전운전불이행,건조,맑음,교차로 - 교차로부근,승용,여,41세,상해없음,승용,남,44세,경상
2012032000100402,2012년 3월 20일 17시,화요일,대전광역시 서구 평촌동,중상사고,0,1,0,0,차대차 - 기타,중앙선침범,건조,맑음,단일로 - 기타,화물,기타불명,기타불명,기타불명,이륜,남,67세,중상
2012032000100403,2012년 3월 20일 17시,화요일,대전광역시 대덕구 신탄진동,중상사고,0,1,0,0,차대사람 - 횡단중,안전운전불이행,건조,맑음,단일로 - 기타,승용,남,53세,상해없음,보행자,남,13세,중상
2012032000100447,2012년 3월 20일 18시,화요일,대전광역시 중구 용두동,중상사고,0,1,0,0,차대차 - 측면직각충돌,안전운전불이행,건조,맑음,교차로 - 교차로안,승용,남,63세,상해없음,자전거,남,20세,중상
2012032000100448,2012년 3월 20일 18시,화요일,대전광역시 서구 용문동,중상사고,0,1,0,0,차대사람 - 횡단중,보행자보호의무위반,건조,맑음,교차로 - 교차로안,승용,여,46세,상해없음,보행자,남,52세,중상
2012032000100449,2012년 3월 20일 18시,화요일,대전광역시 대덕구 법동,중상사고,0,1,0,0,차대사람 - 횡단중,안전운전불이행,건조,맑음,단일로 - 기타,승용,여,38세,상해없음,보행자,남,9세,중상
2012032000100491,2012년 3월 20일 19시,화요일,대전광역시 중구 산성동,경상사고,0,0,1,0,차대차 - 측면직각충돌,교차로운행방법위반,건조,맑음,교차로 - 교차로안,승용,여,54세,상해없음,원동기,남,48세,경상
2012032000100492,2012년 3월 20일 19시,화요일,대전광역시 중구 태평동,중상사고,0,1,0,0,차대차 - 측면직각충돌,안전운전불이행,건조,맑음,단일로 - 횡단보도부근,승용,여,41세,상해없음,자전거,남,73세,중상
2012032000100523,2012년 3월 20일 20시,화요일,대전광역시 중구 유천동,경상사고,0,0,1,0,차대차 - 추돌 - 주정차중,안전운전불이행,건조,맑음,교차로 - 교차로부근,승합,남,52세,상해없음,승용,남,37세,경상
2012032000100552,2012년 3월 20일 21시,화요일,대전광역시 서구 갈마동,경상사고,0,0,3,0,차대차 - 측면직각충돌,안전운전불이행,건조,맑음,단일로 - 기타,승용,여,45세,상해없음,승용,남,19세,경상
2012032000100581,2012년 3월 20일 22시,화요일,대전광역시 동구 판암동,경상사고,0,0,3,0,차대차 - 추돌 - 진행중,안전거리미확보,건조,맑음,단일로 - 기타,승용,남,21세,상해없음,승용,남,58세,경상
2012032000100626,2012년 3월 20일 23시,화요일,대전광역시 중구 문화동,경상사고,0,0,2,0,차대차 - 기타,안전운전불이행,건조,맑음,단일로 - 기타,승용,남,57세,상해없음,승용,남,46세,경상
2012032000100627,2012년 3월 20일 23시,화요일,대전광역시 서구 관저동,경상사고,0,0,2,0,차대차 - 정면충돌,안전운전불이행,건조,맑음,교차로 - 교차로안,승용,남,29세,기타불명,승용,남,56세,경상
2012032100100127,2012년 3월 21일 08시,수요일,대전광역시 대덕구 연축동,경상사고,0,0,1,0,차대차 - 측면직각충돌,안전운전불이행,건조,맑음,단일로 - 기타,화물,남,43세,상해없음,승용,남,31세,경상
2012032100100144,2012년 3월 21일 08시,수요일,대전광역시 동구 삼성동,경상사고,0,0,1,0,차대사람 - 횡단중,보행자보호의무위반,건조,맑음,단일로 - 횡단보도상,승용,남,26세,상해없음,보행자,남,61세,경상
2012032100100145,2012년 3월 21일 08시,수요일,대전광역시 동구 인동,중상사고,0,2,0,0,차대차 - 측면직각충돌,신호위반,건조,맑음,교차로 - 교차로안,화물,남,33세,상해없음,승용,남,50세,중상
2012032100100240,2012년 3월 21일 12시,수요일,대전광역시 동구 효동,경상사고,0,0,1,0,차대차 - 측면직각충돌,안전운전불이행,건조,맑음,단일로 - 기타,승용,여,57세,상해없음,자전거,남,67세,경상
2012032100100277,2012년 3월 21일 14시,수요일,대전광역시 대덕구 비래동,중상사고,0,3,0,0,차대차 - 추돌 - 주정차중,안전운전불이행,건조,맑음,단일로 - 기타,화물,남,62세,상해없음,화물,남,61세,중상
2012032100100287,2012년 3월 21일 14시,수요일,대전광역시 중구 부사동,중상사고,0,1,0,0,차대차 - 측면직각충돌,안전운전불이행,건조,맑음,단일로 - 기타,승용,남,57세,상해없음,자전거,여,67세,중상
2012032100100288,2012년 3월 21일 14시,수요일,대전광역시 대덕구 신대동,경상사고,0,0,1,0,차대차 - 측면직각충돌,안전운전불이행,건조,맑음,교차로 - 교차로안,화물,남,39세,상해없음,이륜,남,68세,경상
2012032100100316,2012년 3월 21일 15시,수요일,대전광역시 동구 신흥동,경상사고,0,0,1,0,차대차 - 추돌 - 진행중,안전거리미확보,건조,맑음,교차로 - 교차로안,승용,남,60세,상해없음,이륜,남,54세,경상
2012032100100378,2012년 3월 21일 17시,수요일,대전광역시 동구 원동,경상사고,0,0,1,0,차대사람 - 차도통행중,안전운전불이행,건조,맑음,단일로 - 기타,승용,기타불명,기타불명,기타불명,보행자,남,55세,경상
2012032100100379,2012년 3월 21일 17시,수요일,대전광역시 서구 괴정동,경상사고,0,0,1,0,차대사람 - 기타,안전운전불이행,건조,맑음,단일로 - 기타,승용,남,22세,기타불명,보행자,남,26세,경상
2012032100100508,2012년 3월 21일 21시,수요일,대전광역시 중구 오류동,경상사고,0,0,1,0,차대차 - 측면직각충돌,안전거리미확보,건조,맑음,단일로 - 기타,특수,남,38세,상해없음,특수,남,34세,경상
2012032100100509,2012년 3월 21일 21시,수요일,대전광역시 서구 갈마동,경상사고,0,0,1,0,차대차 - 측면직각충돌,안전운전불이행,건조,맑음,교차로 - 교차로안,승용,남,53세,상해없음,승용,남,30세,경상
2012032100100537,2012년 3월 21일 22시,수요일,대전광역시 중구 유천동,경상사고,0,0,2,0,차대차 - 추돌 - 진행중,안전운전불이행,건조,맑음,단일로 - 기타,승용,남,23세,상해없음,승용,남,26세,경상
2012032100100538,2012년 3월 21일 22시,수요일,대전광역시 동구 성남동,경상사고,0,0,2,0,차대차 - 정면충돌,중앙선침범,건조,맑음,교차로 - 교차로안,승용,남,27세,상해없음,승용,여,26세,경상
2012032200100236,2012년 3월 22일 13시,목요일,대전광역시 동구 천동,경상사고,0,0,2,0,차대차 - 측면직각충돌,신호위반,건조,맑음,단일로 - 횡단보도상,승용,여,39세,상해없음,자전거,여,43세,경상
2012032200100237,2012년 3월 22일 13시,목요일,대전광역시 동구 중동,중상사고,0,1,0,0,차대사람 - 횡단중,안전운전불이행,건조,맑음,단일로 - 횡단보도부근,화물,남,52세,상해없음,보행자,남,58세,중상
2012032200100238,2012년 3월 22일 13시,목요일,대전광역시 서구 도마동,경상사고,0,0,1,0,차대차 - 측면직각충돌,교차로운행방법위반,건조,맑음,교차로 - 교차로안,승용,남,40세,상해없음,자전거,남,57세,경상
2012032200100239,2012년 3월 22일 13시,목요일,대전광역시 대덕구 상서동,경상사고,0,0,2,0,차대차 - 측면직각충돌,중앙선침범,건조,맑음,단일로 - 기타,화물,남,44세,상해없음,승용,남,67세,경상
2012032200100269,2012년 3월 22일 14시,목요일,대전광역시 동구 중동,중상사고,0,1,0,0,차량단독 - 기타,기타,건조,맑음,단일로 - 기타,승합,남,34세,상해없음,,,,
2012032200100324,2012년 3월 22일 16시,목요일,대전광역시 서구 괴정동,경상사고,0,0,1,0,차대차 - 측면직각충돌,교차로운행방법위반,건조,맑음,교차로 - 교차로안,승용,여,43세,상해없음,자전거,남,14세,경상
2012032200100398,2012년 3월 22일 18시,목요일,대전광역시 중구 중촌동,중상사고,0,1,0,0,차대사람 - 횡단중,안전운전불이행,건조,맑음,단일로 - 기타,화물,남,51세,상해없음,보행자,남,11세,중상
2012032200100399,2012년 3월 22일 18시,목요일,대전광역시 유성구 복용동,경상사고,0,0,1,0,차대차 - 추돌 - 주정차중,안전운전불이행,건조,맑음,단일로 - 기타,승합,남,57세,상해없음,승용,남,43세,경상
2012032200100440,2012년 3월 22일 19시,목요일,대전광역시 동구 자양동,중상사고,0,2,0,0,차대차 - 추돌 - 주정차중,보행자보호의무위반,습기,비,단일로 - 횡단보도상,승용,남,22세,상해없음,승용,남,51세,상해없음
2012032200100441,2012년 3월 22일 19시,목요일,대전광역시 동구 인동,중상사고,0,1,0,0,차대차 - 측면직각충돌,신호위반,건조,맑음,교차로 - 교차로안,승용,남,60세,상해없음,자전거,남,47세,중상
2012032200100471,2012년 3월 22일 20시,목요일,대전광역시 유성구 방동,중상사고,0,2,0,0,차대차 - 측면직각충돌,중앙선침범,습기,비,단일로 - 기타,화물,남,40세,상해없음,승용,남,36세,중상
2012032200100568,2012년 3월 22일 22시,목요일,대전광역시 중구 문화동,경상사고,0,0,2,0,차대차 - 추돌 - 주정차중,안전운전불이행,습기,비,단일로 - 횡단보도부근,화물,남,44세,상해없음,승용,남,48세,경상
2012032200100569,2012년 3월 22일 22시,목요일,대전광역시 동구 원동,경상사고,0,0,3,0,차대차 - 추돌 - 진행중,안전거리미확보,습기,비,단일로 - 기타,승용,남,40세,상해없음,승용,남,32세,경상
2012032200100570,2012년 3월 22일 22시,목요일,대전광역시 동구 삼성동,경상사고,0,0,1,0,차대차 - 추돌 - 진행중,안전운전불이행,습기,비,단일로 - 횡단보도상,승용,남,27세,상해없음,승용,여,55세,경상
2012032200100571,2012년 3월 22일 22시,목요일,대전광역시 동구 용전동,경상사고,0,0,1,0,차대차 - 추돌 - 진행중,직진우회전진행방해,습기,비,교차로 - 교차로부근,승용,남,30세,상해없음,원동기,남,33세,경상
2012032200100572,2012년 3월 22일 22시,목요일,대전광역시 동구 삼성동,중상사고,0,1,0,0,차대사람 - 횡단중,안전운전불이행,습기,비,단일로 - 횡단보도상,승용,여,49세,상해없음,보행자,남,44세,중상
2012032200100573,2012년 3월 22일 22시,목요일,대전광역시 서구 내동,중상사고,0,1,0,0,차대사람 - 횡단중,보행자보호의무위반,습기,비,단일로 - 기타,승용,남,46세,상해없음,보행자,여,51세,중상
2012032200100615,2012년 3월 22일 23시,목요일,대전광역시 서구 변동,경상사고,0,0,2,0,차대차 - 기타,신호위반,습기,비,교차로 - 교차로안,승용,남,45세,상해없음,승용,남,30세,경상
2012032200100616,2012년 3월 22일 23시,목요일,대전광역시 대덕구 비래동,경상사고,0,0,1,0,차대차 - 추돌 - 진행중,안전운전불이행,습기,비,교차로 - 교차로부근,승용,남,48세,상해없음,승용,남,39세,경상
2012032300100031,2012년 3월 23일 00시,금요일,대전광역시 대덕구 중리동,경상사고,0,0,2,0,차대차 - 추돌 - 진행중,안전운전불이행,습기,비,단일로 - 기타,승용,남,29세,상해없음,승용,남,57세,경상
2012032300100056,2012년 3월 23일 01시,금요일,대전광역시 동구 대성동,중상사고,0,2,1,0,차대사람 - 차도통행중,안전운전불이행,습기,비,단일로 - 기타,승용,남,29세,상해없음,보행자,남,45세,중상
2012032300100057,2012년 3월 23일 01시,금요일,대전광역시 서구 도마동,중상사고,0,3,2,0,차량단독 - 공작물충돌,안전운전불이행,습기,비,단일로 - 기타,승용,남,22세,중상,,,,
2012032300100058,2012년 3월 23일 01시,금요일,대전광역시 유성구 지족동,중상사고,0,1,0,0,차대사람 - 횡단중,안전운전불이행,습기,비,교차로 - 교차로안,승용,남,28세,상해없음,보행자,남,39세,중상
2012032300100073,2012년 3월 23일 02시,금요일,대전광역시 서구 내동,중상사고,0,1,0,0,차대사람 - 횡단중,신호위반,건조,맑음,단일로 - 횡단보도상,승용,기타불명,기타불명,기타불명,보행자,남,49세,중상
2012032300100146,2012년 3월 23일 07시,금요일,대전광역시 동구 정동,중상사고,0,1,0,0,차대사람 - 차도통행중,안전운전불이행,습기,비,단일로 - 기타,화물,남,33세,상해없음,보행자,남,75세,중상
2012032300100236,2012년 3월 23일 10시,금요일,대전광역시 동구 정동,경상사고,0,0,1,0,차대차 - 추돌 - 진행중,안전운전불이행,건조,흐림,단일로 - 기타,승용,남,23세,상해없음,승용,남,58세,경상
2012032300100339,2012년 3월 23일 13시,금요일,대전광역시 서구 월평동,중상사고,0,1,0,0,차대차 - 추돌 - 진행중,안전운전불이행,건조,맑음,단일로 - 기타,화물,남,32세,상해없음,승용,여,50세,중상
2012032300100431,2012년 3월 23일 16시,금요일,대전광역시 중구 유천동,경상사고,0,0,1,0,차대차 - 측면직각충돌,직진우회전진행방해,습기,비,교차로 - 교차로안,승용,남,32세,상해없음,승용,남,33세,경상
2012032300100461,2012년 3월 23일 17시,금요일,대전광역시 서구 월평동,경상사고,0,0,1,0,차대차 - 측면직각충돌,신호위반,습기,비,교차로 - 교차로안,승용,남,41세,상해없음,승용,남,55세,경상
2012032300100506,2012년 3월 23일 18시,금요일,대전광역시 동구 삼성동,경상사고,0,0,1,0,차대차 - 추돌 - 주정차중,안전거리미확보,습기,비,단일로 - 교량,화물,남,52세,상해없음,승용,여,54세,경상
2012032300100507,2012년 3월 23일 18시,금요일,대전광역시 서구 용문동,경상사고,0,0,2,0,차대차 - 추돌 - 진행중,안전운전불이행,건조,맑음,단일로 - 기타,승용,기타불명,기타불명,기타불명,승용,남,71세,경상
2012032300100508,2012년 3월 23일 18시,금요일,대전광역시 서구 월평동,경상사고,0,0,1,0,차대사람 - 차도통행중,안전운전불이행,습기,비,단일로 - 기타,승용,남,28세,상해없음,보행자,남,31세,경상
2012032300100573,2012년 3월 23일 19시,금요일,대전광역시 중구 문화동,경상사고,0,0,1,0,차대차 - 측면직각충돌,신호위반,습기,비,교차로 - 교차로안,승용,남,58세,상해없음,승용,남,35세,경상