사고번호,사고일시,요일,시군구,사고내용,사망자수,중상자수,경상자수,부상신고자수,사고유형,법규위반,노면상태,기상상태,도로형태,가해운전자 차종,가해운전자 성별,가해운전자 연령,가해운전자 상해정도,피해운전자 차종,피해운전자 성별,피해운전자 연령,피해운전자 상해정도
2012032300100574,2012년 3월 23일 19시,금요일,대전광역시 서구 둔산동,경상사고,0,0,2,0,차대차 - 측면직각충돌,안전운전불이행,습기,비,교차로 - 교차로안,승용,기타불명,기타불명,기타불명,승용,남,41세,상해없음
2012032300100575,2012년 3월 23일 19시,금요일,대전광역시 서구 둔산동,중상사고,0,1,0,0,차대차 - 측면직각충돌,안전운전불이행,습기,비,단일로 - 기타,승용,여,45세,중상,승용,남,42세,상해없음
2012032300100576,2012년 3월 23일 19시,금요일,대전광역시 서구 만년동,경상사고,0,0,2,0,차대차 - 측면직각충돌,안전거리미확보,건조,맑음,단일로 - 기타,승용,남,61세,상해없음,승용,여,29세,경상
2012032300100646,2012년 3월 23일 20시,금요일,대전광역시 중구 옥계동,중상사고,0,1,0,0,차대사람 - 횡단중,안전운전불이행,습기,비,단일로 - 기타,승용,남,55세,상해없음,보행자,남,54세,중상
2012032300100730,2012년 3월 23일 21시,금요일,대전광역시 대덕구 중리동,경상사고,0,0,1,0,차대차 - 추돌 - 진행중,안전운전불이행,습기,비,교차로 - 교차로안,승용,남,43세,상해없음,승용,남,46세,경상
2012032300100731,2012년 3월 23일 21시,금요일,대전광역시 서구 탄방동,중상사고,0,1,2,0,차대차 - 측면직각충돌,중앙선침범,습기,비,단일로 - 기타,승용,여,40세,상해없음,승용,남,52세,경상
2012032300100799,2012년 3월 23일 22시,금요일,대전광역시 중구 문화동,경상사고,0,0,1,0,차대차 - 추돌 - 주정차중,안전운전불이행,습기,비,단일로 - 기타,승용,여,36세,상해없음,승용,여,39세,경상
2012032300100800,2012년 3월 23일 22시,금요일,대전광역시 서구 변동,경상사고,0,0,2,0,차대차 - 추돌 - 진행중,안전운전불이행,습기,비,단일로 - 기타,승용,기타불명,기타불명,기타불명,승용,여,42세,경상
2012032300100850,2012년 3월 23일 23시,금요일,대전광역시 서구 월평동,중상사고,0,1,1,0,차대차 - 측면직각충돌,신호위반,습기,비,교차로 - 교차로안,승용,남,49세,상해없음,승용,여,31세,중상
2012032400100043,2012년 3월 24일 00시,토요일,대전광역시 서구 정림동,경상사고,0,0,5,0,차대차 - 측면직각충돌,중앙선침범,습기,비,교차로 - 교차로부근,승용,남,54세,경상,승용,남,58세,경상
2012032400100086,2012년 3월 24일 01시,토요일,대전광역시 중구 대흥동,경상사고,0,0,2,0,차대차 - 측면직각충돌,안전운전불이행,습기,비,단일로 - 기타,승용,남,18세,상해없음,승용,남,68세,기타불명
2012032400100087,2012년 3월 24일 01시,토요일,대전광역시 대덕구 비래동,중상사고,0,2,1,0,차대차 - 측면직각충돌,중앙선침범,습기,비,단일로 - 기타,승용,남,69세,상해없음,승용,남,23세,중상
2012032400100148,2012년 3월 24일 03시,토요일,대전광역시 서구 내동,경상사고,0,0,2,0,차대차 - 측면직각충돌,안전거리미확보,습기,비,단일로 - 기타,승용,남,26세,상해없음,승용,남,30세,경상
2012032400100168,2012년 3월 24일 04시,토요일,대전광역시 중구 태평동,경상사고,0,0,1,0,차대차 - 측면직각충돌,안전운전불이행,습기,비,단일로 - 기타,승용,남,48세,상해없음,승용,남,53세,경상
2012032400100169,2012년 3월 24일 04시,토요일,대전광역시 동구 홍도동,경상사고,0,0,1,0,차대차 - 측면직각충돌,불법유턴,습기,비,단일로 - 기타,승용,남,30세,상해없음,승용,남,61세,경상
2012032400100206,2012년 3월 24일 06시,토요일,대전광역시 동구 소제동,경상사고,0,0,1,0,차대차 - 추돌 - 주정차중,안전거리미확보,습기,비,단일로 - 기타,승용,남,46세,상해없음,승용,남,49세,상해없음
2012032400100207,2012년 3월 24일 06시,토요일,대전광역시 유성구 도룡동,경상사고,0,0,1,0,차대차 - 측면직각충돌,기타,습기,비,단일로 - 기타,승용,남,23세,상해없음,화물,남,31세,경상
2012032400100328,2012년 3월 24일 11시,토요일,대전광역시 중구 용두동,경상사고,0,0,2,0,차대차 - 추돌 - 진행중,안전거리미확보,건조,맑음,단일로 - 기타,승용,남,41세,상해없음,승용,남,57세,경상
2012032400100346,2012년 3월 24일 12시,토요일,대전광역시 대덕구 덕암동,중상사고,0,2,0,0,차대차 - 측면직각충돌,안전운전불이행,건조,맑음,단일로 - 기타,승용,남,21세,상해없음,승합,남,58세,중상
2012032400100408,2012년 3월 24일 13시,토요일,대전광역시 동구 용운동,경상사고,0,0,1,0,차대차 - 측면직각충돌,차로위반,건조,맑음,단일로 - 기타,승용,남,55세,상해없음,원동기,남,25세,경상
2012032400100409,2012년 3월 24일 13시,토요일,대전광역시 동구 대동,경상사고,0,0,1,0,차대차 - 측면직각충돌,안전운전불이행,건조,맑음,교차로 - 교차로부근,원동기,남,47세,경상,승용,남,66세,상해없음
2012032400100410,2012년 3월 24일 13시,토요일,대전광역시 서구 둔산동,경상사고,0,0,1,0,차대차 - 기타,교차로운행방법위반,건조,맑음,교차로 - 교차로안,승합,남,32세,상해없음,승용,남,54세,경상
2012032400100443,2012년 3월 24일 14시,토요일,대전광역시 대덕구 읍내동,중상사고,0,2,0,0,차대차 - 정면충돌,신호위반,건조,맑음,교차로 - 교차로안,승용,여,38세,상해없음,화물,남,48세,중상
2012032400100444,2012년 3월 24일 14시,토요일,대전광역시 서구 월평동,중상사고,0,2,0,0,차대차 - 기타,안전운전불이행,건조,맑음,기타 - 기타,승합,남,33세,상해없음,승용,여,38세,중상
2012032400100523,2012년 3월 24일 16시,토요일,대전광역시 동구 삼성동,경상사고,0,0,1,0,차대차 - 측면직각충돌,안전운전불이행,건조,맑음,단일로 - 기타,승용,남,63세,상해없음,승용,남,50세,경상
2012032400100524,2012년 3월 24일 16시,토요일,대전광역시 유성구 봉명동,경상사고,0,0,2,0,차대차 - 기타,신호위반,건조,맑음,교차로 - 교차로안,승용,여,70세,상해없음,승용,남,42세,경상
2012032400100562,2012년 3월 24일 17시,토요일,대전광역시 동구 가오동,경상사고,0,0,3,0,차대차 - 측면직각충돌,교차로운행방법위반,건조,맑음,교차로 - 교차로안,승용,남,53세,상해없음,승용,여,51세,경상
2012032400100563,2012년 3월 24일 17시,토요일,대전광역시 서구 도마동,중상사고,0,1,0,0,차대사람 - 차도통행중,안전운전불이행,건조,맑음,단일로 - 기타,승용,남,72세,상해없음,보행자,남,66세,중상
2012032400100757,2012년 3월 24일 23시,토요일,대전광역시 동구 대성동,경상사고,0,0,2,0,차대차 - 추돌 - 진행중,안전운전불이행,건조,맑음,단일로 - 기타,승용,남,55세,상해없음,승용,남,42세,경상
2012032400100758,2012년 3월 24일 23시,토요일,대전광역시 서구 도마동,경상사고,0,0,1,0,차대차 - 측면직각충돌,기타,건조,맑음,단일로 - 기타,승용,남,56세,상해없음,원동기,남,41세,경상
2012032500100042,2012년 3월 25일 01시,일요일,대전광역시 중구 유천동,경상사고,0,0,4,0,차대차 - 추돌 - 주정차중,안전운전불이행,건조,맑음,단일로 - 기타,승용,남,26세,상해없음,승용,남,50세,경상
2012032500100074,2012년 3월 25일 03시,일요일,대전광역시 서구 복수동,경상사고,0,0,1,0,차대차 - 측면직각충돌,중앙선침범,건조,맑음,단일로 - 기타,승용,남,16세,상해없음,승용,남,41세,경상
2012032500100086,2012년 3월 25일 04시,일요일,대전광역시 서구 갈마동,부상신고사고,0,0,0,1,차대차 - 측면직각충돌,신호위반,건조,맑음,교차로 - 교차로안,승용,남,24세,상해없음,승용,남,56세,부상신고
2012032500100102,2012년 3월 25일 05시,일요일,대전광역시 대덕구 오정동,경상사고,0,0,1,0,차대차 - 추돌 - 주정차중,안전운전불이행,건조,흐림,교차로 - 교차로부근,승용,남,32세,상해없음,승용,여,52세,경상
2012032500100114,2012년 3월 25일 06시,일요일,대전광역시 중구 대흥동,중상사고,0,1,0,0,차대차 - 측면직각충돌,신호위반,건조,맑음,교차로 - 교차로안,이륜,남,17세,상해없음,승용,남,52세,상해없음
2012032500100137,2012년 3월 25일 08시,일요일,대전광역시 대덕구 송촌동,중상사고,0,1,0,0,차대차 - 측면직각충돌,안전운전불이행,건조,맑음,단일로 - 기타,승용,여,40세,상해없음,자전거,남,72세,중상
2012032500100138,2012년 3월 25일 08시,일요일,대전광역시 서구 탄방동,중상사고,0,1,0,0,차대사람 - 기타,기타,건조,맑음,교차로 - 교차로부근,승합,남,49세,상해없음,보행자,남,63세,중상
2012032500100224,2012년 3월 25일 14시,일요일,대전광역시 대덕구 오정동,중상사고,0,1,1,0,차대차 - 추돌 - 주정차중,안전운전불이행,건조,맑음,교차로 - 교차로부근,승용,남,30세,상해없음,승용,여,52세,경상
2012032500100255,2012년 3월 25일 15시,일요일,대전광역시 동구 하소동,중상사고,0,2,0,0,차대차 - 정면충돌,중앙선침범,건조,맑음,단일로 - 기타,승용,남,31세,상해없음,승용,남,51세,중상
2012032500100280,2012년 3월 25일 16시,일요일,대전광역시 서구 월평동,경상사고,0,0,1,0,차대차 - 측면직각충돌,안전운전불이행,건조,맑음,단일로 - 교량,승합,남,64세,상해없음,승용,남,44세,경상
2012032500100420,2012년 3월 25일 22시,일요일,대전광역시 서구 괴정동,경상사고,0,0,1,0,차대차 - 추돌 - 주정차중,안전운전불이행,건조,맑음,단일로 - 기타,승용,남,59세,상해없음,승용,남,51세,경상
2012032500100439,2012년 3월 25일 23시,일요일,대전광역시 동구 삼성동,경상사고,0,0,1,0,차대사람 - 기타,안전운전불이행,건조,맑음,단일로 - 기타,승용,남,37세,상해없음,보행자,여,49세,경상
2012032500100440,2012년 3월 25일 23시,일요일,대전광역시 유성구 장대동,경상사고,0,0,2,0,차대차 - 기타,안전운전불이행,건조,맑음,기타 - 기타,승용,남,32세,경상,승용,남,56세,경상
2012032600100053,2012년 3월 26일 05시,월요일,대전광역시 서구 탄방동,중상사고,0,1,0,0,차대차 - 기타,신호위반,건조,맑음,교차로 - 교차로안,승용,남,27세,상해없음,승용,남,67세,중상
2012032600100095,2012년 3월 26일 07시,월요일,대전광역시 중구 중촌동,중상사고,0,1,0,0,차대차 - 추돌 - 진행중,안전운전불이행,건조,맑음,단일로 - 기타,승용,기타불명,기타불명,기타불명,승용,남,77세,중상
2012032600100163,2012년 3월 26일 09시,월요일,대전광역시 서구 월평동,중상사고,0,1,0,0,차대차 - 추돌 - 진행중,안전운전불이행,건조,맑음,교차로 - 교차로안,승용,남,71세,기타불명,승용,남,50세,중상
2012032600100183,2012년 3월 26일 10시,월요일,대전광역시 동구 자양동,경상사고,0,0,1,0,차대차 - 측면직각충돌,교차로운행방법위반,건조,맑음,교차로 - 교차로안,승용,여,37세,상해없음,원동기,남,23세,경상
2012032600100308,2012년 3월 26일 15시,월요일,대전광역시 유성구 구암동,중상사고,0,1,0,0,차대사람 - 횡단중,안전운전불이행,건조,맑음,단일로 - 기타,승용,남,22세,상해없음,보행자,여,31세,중상
2012032600100375,2012년 3월 26일 17시,월요일,대전광역시 중구 태평동,중상사고,0,2,0,0,차량단독 - 기타,기타,건조,맑음,교차로 - 교차로부근,승합,남,41세,상해없음,,,,
2012032600100396,2012년 3월 26일 18시,월요일,대전광역시 대덕구 읍내동,중상사고,0,1,0,0,차대차 - 측면직각충돌,신호위반,건조,맑음,교차로 - 교차로안,승용,여,40세,상해없음,승용,남,42세,중상
2012032600100429,2012년 3월 26일 19시,월요일,대전광역시 중구 대사동,경상사고,0,0,1,0,차대차 - 추돌 - 진행중,안전거리미확보,건조,맑음,교차로 - 교차로안,승용,남,46세,상해없음,화물,남,35세,경상
2012032600100488,2012년 3월 26일 21시,월요일,대전광역시 서구 가장동,중상사고,0,1,1,0,차대차 - 추돌 - 진행중,안전운전불이행,건조,맑음,교차로 - 교차로부근,승용,남,55세,상해없음,화물,여,59세,중상
2012032600100489,2012년 3월 26일 21시,월요일,대전광역시 서구 둔산동,경상사고,0,0,1,0,차대차 - 측면직각충돌,신호위반,건조,맑음,교차로 - 교차로부근,승용,남,63세,상해없음,자전거,여,26세,경상
2012032600100531,2012년 3월 26일 23시,월요일,대전광역시 서구 월평동,중상사고,0,1,1,0,차대차 - 추돌 - 진행중,안전운전불이행,건조,맑음,교차로 - 교차로안,승용,남,51세,상해없음,이륜,남,21세,중상
2012032600100532,2012년 3월 26일 23시,월요일,대전광역시 유성구 원촌동,중상사고,0,1,0,0,차량단독 - 공작물충돌,기타,건조,맑음,단일로 - 기타,승용,여,49세,중상,,,,
2012032700100041,2012년 3월 27일 02시,화요일,대전광역시 서구 내동,경상사고,0,0,2,0,차대차 - 추돌 - 진행중,안전거리미확보,건조,맑음,교차로 - 교차로부근,화물,남,26세,상해없음,승용,남,50세,경상
2012032700100126,2012년 3월 27일 08시,화요일,대전광역시 동구 정동,경상사고,0,0,1,0,차대차 - 측면직각충돌,교차로운행방법위반,건조,맑음,교차로 - 교차로안,화물,남,54세,상해없음,원동기,여,75세,경상
2012032700100127,2012년 3월 27일 08시,화요일,대전광역시 서구 괴정동,경상사고,0,0,1,0,차대차 - 측면직각충돌,신호위반,건조,맑음,교차로 - 교차로안,승용,여,51세,상해없음,승용,남,54세,경상
2012032700100156,2012년 3월 27일 09시,화요일,대전광역시 서구 갈마동,경상사고,0,0,1,0,차대차 - 측면직각충돌,안전거리미확보,건조,맑음,단일로 - 기타,승용,남,63세,상해없음,승용,여,60세,경상
2012032700100172,2012년 3월 27일 10시,화요일,대전광역시 유성구 봉명동,경상사고,0,0,2,0,차대차 - 측면직각충돌,중앙선침범,건조,맑음,단일로 - 기타,승용,남,49세,상해없음,승용,여,37세,경상
2012032700100187,2012년 3월 27일 11시,화요일,대전광역시 중구 대흥동,경상사고,0,0,1,0,차대차 - 추돌 - 주정차중,안전운전불이행,건조,맑음,단일로 - 기타,승용,남,47세,상해없음,승용,여,40세,경상
2012032700100264,2012년 3월 27일 14시,화요일,대전광역시 대덕구 대화동,경상사고,0,0,1,0,차대차 - 추돌 - 진행중,안전운전불이행,건조,맑음,교차로 - 교차로안,화물,남,38세,상해없음,승용,남,55세,경상
2012032700100296,2012년 3월 27일 15시,화요일,대전광역시 유성구 노은동,경상사고,0,0,2,0,차대차 - 측면직각충돌,신호위반,건조,맑음,교차로 - 교차로안,승합,남,66세,상해없음,승용,남,26세,상해없음
2012032700100324,2012년 3월 27일 16시,화요일,대전광역시 서구 관저동,중상사고,0,1,0,0,차대차 - 추돌 - 진행중,안전거리미확보,건조,맑음,단일로 - 기타,승용,남,37세,상해없음,승용,남,53세,중상
2012032700100379,2012년 3월 27일 18시,화요일,대전광역시 서구 괴정동,경상사고,0,0,1,0,차대차 - 기타,안전운전불이행,건조,맑음,기타 - 기타,승용,여,37세,상해없음,승용,여,32세,경상
2012032700100457,2012년 3월 27일 20시,화요일,대전광역시 중구 호동,경상사고,0,0,1,0,차대차 - 추돌 - 주정차중,안전운전불이행,건조,맑음,단일로 - 기타,승용,남,42세,상해없음,승용,남,39세,경상
2012032700100483,2012년 3월 27일 21시,화요일,대전광역시 대덕구 오정동,경상사고,0,0,1,0,차대사람 - 횡단중,안전운전불이행,건조,맑음,교차로 - 교차로안,승용,남,48세,상해없음,보행자,여,58세,경상
2012032700100536,2012년 3월 27일 23시,화요일,대전광역시 서구 탄방동,경상사고,0,0,3,0,차대차 - 정면충돌,신호위반,건조,맑음,교차로 - 교차로안,승용,여,54세,기타불명,승용,남,63세,경상
2012032800100063,2012년 3월 28일 05시,수요일,대전광역시 동구 정동,경상사고,0,0,1,0,차대차 - 측면직각충돌,중앙선침범,건조,맑음,교차로 - 교차로부근,승용,남,27세,상해없음,승합,남,52세,경상
2012032800100076,2012년 3월 28일 06시,수요일,대전광역시 중구 오류동,경상사고,0,0,1,0,차대차 - 측면직각충돌,안전운전불이행,건조,맑음,교차로 - 교차로부근,화물,남,29세,상해없음,화물,남,32세,경상
2012032800100077,2012년 3월 28일 06시,수요일,대전광역시 서구 도마동,경상사고,0,0,3,0,차대차 - 추돌 - 진행중,안전운전불이행,건조,맑음,단일로 - 기타,승합,남,43세,상해없음,승용,여,49세,경상
2012032800100144,2012년 3월 28일 08시,수요일,대전광역시 중구 선화동,경상사고,0,0,1,0,차대차 - 측면직각충돌,신호위반,건조,맑음,교차로 - 교차로안,승용,여,47세,상해없음,승용,남,50세,경상
2012032800100262,2012년 3월 28일 13시,수요일,대전광역시 동구 대동,경상사고,0,0,1,0,차대차 - 추돌 - 주정차중,안전거리미확보,습기,흐림,교차로 - 교차로부근,승용,남,59세,기타불명,승용,여,32세,경상
2012032800100263,2012년 3월 28일 13시,수요일,대전광역시 대덕구 오정동,중상사고,0,1,1,0,차대차 - 측면직각충돌,신호위반,건조,맑음,교차로 - 교차로안,화물,남,53세,상해없음,승용,남,61세,중상
2012032800100289,2012년 3월 28일 14시,수요일,대전광역시 유성구 전민동,경상사고,0,0,1,0,차대사람 - 보도통행중,신호위반,건조,맑음,단일로 - 횡단보도상,승합,남,45세,상해없음,보행자,남,8세,경상
2012032800100532,2012년 3월 28일 21시,수요일,대전광역시 중구 선화동,경상사고,0,0,1,0,차대차 - 측면직각충돌,안전운전불이행,건조,맑음,단일로 - 기타,승용,남,16세,기타불명,승용,남,32세,경상
2012032800100567,2012년 3월 28일 22시,수요일,대전광역시 중구 문화동,경상사고,0,0,2,0,차대차 - 측면직각충돌,신호위반,건조,맑음,교차로 - 교차로안,승용,남,39세,상해없음,승용,남,51세,경상
2012032800100568,2012년 3월 28일 22시,수요일,대전광역시 중구 선화동,경상사고,0,0,1,0,차대사람 - 길가장자리구역통행중,안전운전불이행,건조,맑음,단일로 - 기타,승용,남,55세,상해없음,보행자,남,36세,경상
2012032800100569,2012년 3월 28일 22시,수요일,대전광역시 동구 자양동,경상사고,0,0,3,0,차대차 - 측면직각충돌,안전운전불이행,건조,맑음,교차로 - 교차로안,승용,남,25세,경상,원동기,여,49세,경상
2012032800100570,2012년 3월 28일 22시,수요일,대전광역시 서구 월평동,경상사고,0,0,2,0,차대차 - 추돌 - 진행중,안전운전불이행,건조,흐림,단일로 - 기타,승용,남,47세,상해없음,승용,남,27세,경상
2012032800100600,2012년 3월 28일 23시,수요일,대전광역시 서구 내동,경상사고,0,0,1,0,차대사람 - 기타,안전운전불이행,건조,맑음,교차로 - 교차로부근,승용,남,53세,상해없음,보행자,남,47세,경상
2012032900100017,2012년 3월 29일 00시,목요일,대전광역시 동구 용운동,중상사고,0,1,0,0,차대차 - 측면직각충돌,신호위반,건조,맑음,교차로 - 교차로안,승용,남,38세,상해없음,원동기,남,37세,중상
2012032900100069,2012년 3월 29일 05시,목요일,대전광역시 유성구 화암동,경상사고,0,0,1,0,차대차 - 측면직각충돌,신호위반,건조,맑음,교차로 - 교차로안,승용,남,52세,상해없음,승용,남,41세,경상
2012032900100110,2012년 3월 29일 07시,목요일,대전광역시 서구 도마동,경상사고,0,0,2,0,차대차 - 기타,안전운전불이행,건조,맑음,교차로 - 교차로부근,화물,남,48세,상해없음,승용,남,36세,경상
2012032900100198,2012년 3월 29일 10시,목요일,대전광역시 유성구 봉명동,중상사고,0,2,0,0,차대차 - 측면직각충돌,안전운전불이행,건조,맑음,교차로 - 교차로안,승용,남,25세,상해없음,승용,여,46세,중상
2012032900100295,2012년 3월 29일 14시,목요일,대전광역시 동구 대성동,경상사고,0,0,1,0,차대차 - 측면직각충돌,안전운전불이행,건조,맑음,교차로 - 교차로부근,승합,남,55세,상해없음,승용,남,39세,경상
2012032900100328,2012년 3월 29일 15시,목요일,대전광역시 동구 가양동,경상사고,0,0,1,0,차대사람 - 횡단중,안전운전불이행,건조,맑음,단일로 - 기타,승합,남,45세,상해없음,보행자,여,33세,경상
2012032900100366,2012년 3월 29일 16시,목요일,대전광역시 서구 괴정동,경상사고,0,0,1,0,차대사람 - 보도통행중,기타,건조,흐림,단일로 - 기타,이륜,남,31세,상해없음,보행자,여,3세,경상
2012032900100367,2012년 3월 29일 16시,목요일,대전광역시 대덕구 오정동,경상사고,0,0,1,0,차대사람 - 횡단중,보행자보호의무위반,건조,맑음,교차로 - 교차로안,승용,남,48세,상해없음,보행자,남,15세,경상
2012032900100394,2012년 3월 29일 17시,목요일,대전광역시 서구 도마동,경상사고,0,0,2,1,차대차 - 측면직각충돌,직진우회전진행방해,건조,맑음,교차로 - 교차로안,승용,남,60세,상해없음,승용,여,34세,경상
2012032900100438,2012년 3월 29일 18시,목요일,대전광역시 동구 삼성동,경상사고,0,0,2,0,차대차 - 추돌 - 진행중,안전거리미확보,건조,맑음,단일로 - 기타,승합,남,46세,상해없음,승용,여,44세,경상
2012032900100480,2012년 3월 29일 19시,목요일,대전광역시 서구 가수원동,경상사고,0,0,1,0,차대차 - 측면직각충돌,안전운전불이행,습기,비,단일로 - 기타,승용,남,43세,상해없음,승용,여,41세,기타불명
2012032900100481,2012년 3월 29일 19시,목요일,대전광역시 서구 가장동,경상사고,0,0,4,0,차대차 - 측면직각충돌,교차로운행방법위반,건조,맑음,교차로 - 교차로안,승용,남,23세,상해없음,승용,남,22세,경상
2012032900100510,2012년 3월 29일 20시,목요일,대전광역시 대덕구 덕암동,경상사고,0,0,1,0,차대차 - 측면직각충돌,교차로운행방법위반,습기,비,교차로 - 교차로안,이륜,남,47세,상해없음,승용,남,36세,경상
2012032900100511,2012년 3월 29일 20시,목요일,대전광역시 대덕구 오정동,경상사고,0,0,1,0,차대사람 - 기타,안전운전불이행,습기,비,단일로 - 기타,화물,남,63세,상해없음,보행자,남,48세,경상
2012032900100602,2012년 3월 29일 22시,목요일,대전광역시 유성구 봉명동,경상사고,0,0,1,0,차대차 - 측면직각충돌,안전운전불이행,습기,비,단일로 - 기타,승합,남,59세,상해없음,승용,남,21세,경상
2012033000100024,2012년 3월 30일 00시,금요일,대전광역시 중구 태평동,경상사고,0,0,1,1,차대차 - 추돌 - 진행중,안전운전불이행,습기,비,단일로 - 기타,승용,남,28세,상해없음,승합,남,51세,부상신고
2012033000100025,2012년 3월 30일 00시,금요일,대전광역시 중구 오류동,경상사고,0,0,1,0,차대사람 - 횡단중,안전운전불이행,건조,흐림,단일로 - 횡단보도상,승용,남,49세,상해없음,보행자,여,28세,경상
2012033000100097,2012년 3월 30일 04시,금요일,대전광역시 유성구 신성동,경상사고,0,0,2,0,차대차 - 측면직각충돌,신호위반,습기,비,교차로 - 교차로안,승용,여,53세,상해없음,승용,여,33세,경상
2012033000100150,2012년 3월 30일 07시,금요일,대전광역시 대덕구 오정동,중상사고,0,1,0,0,차대차 - 측면직각충돌,안전운전불이행,습기,비,단일로 - 기타,화물,남,57세,상해없음,이륜,남,66세,중상
2012033000100204,2012년 3월 30일 09시,금요일,대전광역시 동구 가오동,경상사고,0,0,3,0,차대차 - 추돌 - 진행중,안전운전불이행,건조,맑음,단일로 - 기타,화물,남,54세,상해없음,승용,여,44세,경상
2012033000100278,2012년 3월 30일 12시,금요일,대전광역시 동구 홍도동,경상사고,0,0,2,0,차대차 - 추돌 - 진행중,안전운전불이행,습기,비,미분류 - 미분류,승용,기타불명,기타불명,기타불명,승용,여,53세,경상
2012033000100361,2012년 3월 30일 15시,금요일,대전광역시 동구 소제동,경상사고,0,0,1,0,차대차 - 측면직각충돌,신호위반,건조,맑음,교차로 - 교차로안,승용,남,57세,상해없음,승용,남,61세,경상
2012033000100362,2012년 3월 30일 15시,금요일,대전광역시 대덕구 오정동,경상사고,0,0,1,0,차대차 - 추돌 - 진행중,안전운전불이행,건조,맑음,단일로 - 기타,승용,남,48세,상해없음,승용,남,56세,경상
2012033000100577,2012년 3월 30일 20시,금요일,대전광역시 대덕구 오정동,경상사고,0,0,1,0,차대차 - 기타,안전거리미확보,건조,맑음,단일로 - 기타,승용,남,52세,상해없음,승용,남,34세,상해없음
2012033000100672,2012년 3월 30일 22시,금요일,대전광역시 중구 중촌동,중상사고,0,1,0,0,차대사람 - 횡단중,보행자보호의무위반,건조,맑음,교차로 - 교차로안,승용,남,42세,상해없음,보행자,남,43세,중상
2012033000100673,2012년 3월 30일 22시,금요일,대전광역시 서구 용문동,경상사고,0,0,2,0,차대차 - 추돌 - 진행중,안전거리미확보,건조,맑음,교차로 - 교차로부근,승용,남,40세,상해없음,승용,남,36세,경상
2012033000100713,2012년 3월 30일 23시,금요일,대전광역시 서구 도마동,경상사고,0,0,2,0,차대차 - 측면직각충돌,신호위반,건조,맑음,교차로 - 교차로안,승용,여,42세,상해없음,승용,여,46세,경상
2012033100100031,2012년 3월 31일 00시,토요일,대전광역시 서구 용문동,경상사고,0,0,2,0,차대차 - 추돌 - 주정차중,안전거리미확보,습기,비,단일로 - 기타,승용,남,31세,상해없음,승용,남,58세,경상
2012033100100062,2012년 3월 31일 01시,토요일,대전광역시 중구 부사동,경상사고,0,0,2,0,차대차 - 추돌 - 주정차중,안전운전불이행,건조,맑음,단일로 - 기타,승용,남,50세,상해없음,승용,남,47세,경상
2012033100100096,2012년 3월 31일 03시,토요일,대전광역시 동구 가양동,경상사고,0,0,2,0,차대차 - 추돌 - 진행중,안전거리미확보,건조,맑음,단일로 - 기타,이륜,남,19세,상해없음,승용,남,37세,경상
2012033100100271,2012년 3월 31일 12시,토요일,대전광역시 서구 둔산동,경상사고,0,0,1,0,차대차 - 기타,차로위반,건조,맑음,교차로 - 교차로부근,기타불명,기타불명,기타불명,기타불명,기타불명,미분류,기타불명,기타불명
2012033100100304,2012년 3월 31일 13시,토요일,대전광역시 유성구 봉명동,경상사고,0,0,1,0,차대차 - 추돌 - 주정차중,안전운전불이행,건조,맑음,교차로 - 교차로부근,기타불명,기타불명,기타불명,기타불명,승용,남,54세,경상
2012033100100305,2012년 3월 31일 13시,토요일,대전광역시 서구 둔산동,중상사고,0,1,0,0,차대사람 - 기타,안전운전불이행,건조,맑음,교차로 - 교차로안,승용,남,44세,상해없음,보행자,여,39세,중상
2012033100100340,2012년 3월 31일 14시,토요일,대전광역시 대덕구 대화동,중상사고,0,1,0,0,차대차 - 측면직각충돌,교차로운행방법위반,건조,맑음,교차로 - 교차로안,승용,남,65세,상해없음,이륜,남,43세,중상
2012033100100414,2012년 3월 31일 16시,토요일,대전광역시 동구 가양동,사망사고,1,0,0,0,차대차 - 추돌 - 주정차중,안전운전불이행,건조,맑음,단일로 - 기타,화물,남,38세,상해없음,원동기,남,28세,사망
2012033100100415,2012년 3월 31일 16시,토요일,대전광역시 동구 가양동,중상사고,0,1,0,0,차대사람 - 차도통행중,안전운전불이행,건조,맑음,단일로 - 기타,승용,여,40세,상해없음,보행자,남,8세,중상
2012033100100454,2012년 3월 31일 17시,토요일,대전광역시 대덕구 중리동,경상사고,0,0,2,0,차대차 - 측면직각충돌,신호위반,건조,맑음,교차로 - 교차로안,승용,여,29세,상해없음,승용,남,57세,경상
2012033100100455,2012년 3월 31일 17시,토요일,대전광역시 유성구 장대동,경상사고,0,0,1,0,차대사람 - 보도통행중,보행자보호의무위반,건조,맑음,교차로 - 교차로부근,승용,기타불명,기타불명,기타불명,보행자,남,57세,경상
2012033100100509,2012년 3월 31일 19시,토요일,대전광역시 중구 문화동,중상사고,0,1,0,0,차대사람 - 횡단중,보행자보호의무위반,건조,맑음,단일로 - 횡단보도상,승용,남,38세,상해없음,보행자,여,55세,중상
2012033100100510,2012년 3월 31일 19시,토요일,대전광역시 유성구 하기동,사망사고,1,0,0,0,차대사람 - 횡단중,안전운전불이행,습기,비,교차로 - 교차로부근,승용,남,35세,상해없음,보행자,여,14세,사망
2012033100100595,2012년 3월 31일 21시,토요일,대전광역시 서구 탄방동,중상사고,0,1,0,0,차대차 - 측면직각충돌,안전운전불이행,건조,맑음,단일로 - 기타,화물,남,32세,상해없음,승용,남,45세,중상