사고번호,사고일시,요일,시군구,사고내용,사망자수,중상자수,경상자수,부상신고자수,사고유형,법규위반,노면상태,기상상태,도로형태,가해운전자 차종,가해운전자 성별,가해운전자 연령,가해운전자 상해정도,피해운전자 차종,피해운전자 성별,피해운전자 연령,피해운전자 상해정도
2012033100100657,2012년 3월 31일 23시,토요일,대전광역시 중구 석교동,중상사고,0,1,4,0,차대차 - 추돌 - 주정차중,안전운전불이행,건조,맑음,단일로 - 기타,승용,남,66세,상해없음,승용,여,53세,중상
2012033100100658,2012년 3월 31일 23시,토요일,대전광역시 서구 내동,경상사고,0,0,3,0,차대차 - 측면직각충돌,안전거리미확보,건조,맑음,단일로 - 기타,승용,남,57세,상해없음,승용,여,41세,경상
2012033100100659,2012년 3월 31일 23시,토요일,대전광역시 유성구 복용동,경상사고,0,0,1,0,차대차 - 기타,신호위반,건조,흐림,교차로 - 교차로안,승용,남,38세,상해없음,승용,남,31세,경상
2012040100100061,2012년 4월 1일 01시,일요일,대전광역시 동구 신흥동,경상사고,0,0,2,0,차대차 - 측면직각충돌,안전거리미확보,건조,맑음,단일로 - 기타,승용,여,45세,상해없음,승용,남,48세,경상
2012040100100062,2012년 4월 1일 01시,일요일,대전광역시 대덕구 읍내동,중상사고,0,2,0,0,차대차 - 정면충돌,중앙선침범,건조,흐림,단일로 - 교량,승용,남,22세,상해없음,승용,남,23세,중상
2012040100100063,2012년 4월 1일 01시,일요일,대전광역시 서구 둔산동,경상사고,0,0,1,0,차대사람 - 기타,안전운전불이행,건조,흐림,단일로 - 기타,승용,남,38세,상해없음,보행자,여,16세,경상
2012040100100084,2012년 4월 1일 02시,일요일,대전광역시 중구 선화동,중상사고,0,1,4,0,차대사람 - 횡단중,안전운전불이행,건조,맑음,단일로 - 기타,승용,남,64세,상해없음,보행자,남,25세,경상
2012040100100103,2012년 4월 1일 03시,일요일,대전광역시 서구 둔산동,경상사고,0,0,1,0,차대사람 - 기타,안전운전불이행,건조,맑음,교차로 - 교차로부근,승합,남,19세,상해없음,보행자,여,27세,경상
2012040100100164,2012년 4월 1일 08시,일요일,대전광역시 서구 월평동,경상사고,0,0,1,0,차대차 - 추돌 - 진행중,안전거리미확보,건조,맑음,교차로 - 교차로부근,승용,남,53세,상해없음,승용,남,34세,경상
2012040100100247,2012년 4월 1일 12시,일요일,대전광역시 서구 탄방동,경상사고,0,0,1,0,차대사람 - 횡단중,안전운전불이행,건조,맑음,단일로 - 기타,승용,여,48세,상해없음,보행자,남,7세,경상
2012040100100398,2012년 4월 1일 18시,일요일,대전광역시 유성구 대정동,경상사고,0,0,6,0,차대차 - 기타,안전운전불이행,건조,맑음,단일로 - 기타,승용,남,31세,경상,승용,여,39세,경상
2012040100100455,2012년 4월 1일 19시,일요일,대전광역시 중구 문창동,경상사고,0,0,1,0,차대차 - 기타,차로위반,건조,맑음,단일로 - 기타,승용,남,40세,상해없음,승용,남,49세,경상
2012040100100456,2012년 4월 1일 19시,일요일,대전광역시 유성구 봉명동,경상사고,0,0,1,0,차대사람 - 길가장자리구역통행중,안전운전불이행,건조,맑음,단일로 - 기타,승용,남,46세,상해없음,보행자,여,51세,경상
2012040100100496,2012년 4월 1일 20시,일요일,대전광역시 동구 판암동,경상사고,0,0,1,0,차대차 - 측면직각충돌,신호위반,건조,맑음,교차로 - 교차로안,승용,남,67세,상해없음,승용,남,30세,경상
2012040100100542,2012년 4월 1일 22시,일요일,대전광역시 중구 태평동,경상사고,0,0,1,0,차대차 - 측면직각충돌,교차로운행방법위반,건조,맑음,교차로 - 교차로안,승용,여,36세,상해없음,원동기,남,27세,경상
2012040100100543,2012년 4월 1일 22시,일요일,대전광역시 중구 오류동,중상사고,0,1,0,0,차대차 - 정면충돌,교차로운행방법위반,건조,맑음,교차로 - 교차로안,승용,여,28세,상해없음,원동기,남,20세,중상
2012040200100028,2012년 4월 2일 03시,월요일,대전광역시 서구 갈마동,경상사고,0,0,1,0,차대차 - 측면직각충돌,안전운전불이행,건조,맑음,단일로 - 기타,승용,남,19세,상해없음,승용,남,46세,경상
2012040200100045,2012년 4월 2일 06시,월요일,대전광역시 대덕구 비래동,경상사고,0,0,1,0,차대사람 - 차도통행중,보행자보호의무위반,건조,맑음,단일로 - 기타,승용,남,51세,기타불명,보행자,남,21세,경상
2012040200100086,2012년 4월 2일 07시,월요일,대전광역시 중구 대흥동,중상사고,0,1,0,0,차대차 - 측면직각충돌,안전운전불이행,건조,맑음,단일로 - 기타,승용,여,48세,상해없음,자전거,여,49세,중상
2012040200100087,2012년 4월 2일 07시,월요일,대전광역시 서구 변동,경상사고,0,0,1,0,차대차 - 측면직각충돌,교차로운행방법위반,건조,맑음,교차로 - 교차로안,승용,남,34세,상해없음,승용,남,58세,경상
2012040200100221,2012년 4월 2일 12시,월요일,대전광역시 동구 가오동,경상사고,0,0,1,0,차대차 - 측면직각충돌,신호위반,건조,맑음,교차로 - 교차로안,승용,남,61세,상해없음,승용,남,58세,경상
2012040200100222,2012년 4월 2일 12시,월요일,대전광역시 서구 관저동,경상사고,0,0,1,0,차대차 - 측면직각충돌,신호위반,건조,맑음,교차로 - 교차로안,승용,남,46세,상해없음,승용,남,44세,경상
2012040200100306,2012년 4월 2일 15시,월요일,대전광역시 동구 삼성동,경상사고,0,0,1,0,차대차 - 측면직각충돌,신호위반,건조,맑음,교차로 - 교차로안,승용,남,51세,상해없음,승용,남,34세,경상
2012040200100537,2012년 4월 2일 20시,월요일,대전광역시 서구 복수동,중상사고,0,1,0,0,차대사람 - 차도통행중,안전운전불이행,습기,비,단일로 - 기타,승용,여,35세,상해없음,보행자,남,46세,중상
2012040200100538,2012년 4월 2일 20시,월요일,대전광역시 유성구 노은동,경상사고,0,0,1,0,차대차 - 추돌 - 진행중,안전운전불이행,습기,비,단일로 - 기타,승용,남,52세,상해없음,승용,남,25세,경상
2012040200100587,2012년 4월 2일 21시,월요일,대전광역시 동구 용전동,중상사고,0,1,0,0,차대사람 - 횡단중,안전운전불이행,습기,비,단일로 - 기타,승합,남,60세,상해없음,보행자,남,44세,중상
2012040200100588,2012년 4월 2일 21시,월요일,대전광역시 대덕구 송촌동,경상사고,0,0,3,0,차대차 - 추돌 - 주정차중,안전운전불이행,습기,비,교차로 - 교차로부근,승합,남,34세,상해없음,승용,여,31세,경상
2012040200100589,2012년 4월 2일 21시,월요일,대전광역시 유성구 화암동,경상사고,0,0,1,0,차대차 - 추돌 - 주정차중,안전운전불이행,습기,비,단일로 - 기타,승용,남,51세,상해없음,승용,여,55세,경상
2012040200100653,2012년 4월 2일 22시,월요일,대전광역시 동구 대성동,경상사고,0,0,1,0,차대차 - 정면충돌,안전운전불이행,건조,맑음,단일로 - 기타,승용,남,37세,상해없음,화물,남,30세,경상
2012040200100654,2012년 4월 2일 22시,월요일,대전광역시 서구 도마동,경상사고,0,0,1,0,차대차 - 추돌 - 진행중,안전운전불이행,습기,비,교차로 - 교차로부근,승용,기타불명,기타불명,기타불명,승용,여,29세,경상
2012040300100034,2012년 4월 3일 00시,화요일,대전광역시 중구 유천동,중상사고,0,1,2,0,차대차 - 추돌 - 주정차중,안전운전불이행,습기,흐림,교차로 - 교차로부근,승용,남,46세,경상,승용,여,24세,상해없음
2012040300100084,2012년 4월 3일 02시,화요일,대전광역시 중구 태평동,경상사고,0,0,2,0,차대차 - 측면직각충돌,안전운전불이행,습기,흐림,교차로 - 교차로부근,승용,남,35세,상해없음,승용,남,55세,경상
2012040300100130,2012년 4월 3일 05시,화요일,대전광역시 서구 용문동,경상사고,0,0,1,0,차대차 - 추돌 - 주정차중,안전운전불이행,습기,비,단일로 - 기타,승용,남,28세,상해없음,화물,남,57세,상해없음
2012040300100176,2012년 4월 3일 07시,화요일,대전광역시 서구 탄방동,경상사고,0,0,1,0,차량단독 - 기타,안전운전불이행,습기,비,교차로 - 교차로안,승합,남,52세,상해없음,,,,
2012040300100236,2012년 4월 3일 08시,화요일,대전광역시 서구 용문동,경상사고,0,0,1,0,차대차 - 측면직각충돌,기타,건조,맑음,단일로 - 기타,승용,남,51세,상해없음,이륜,남,35세,경상
2012040300100237,2012년 4월 3일 08시,화요일,대전광역시 대덕구 석봉동,중상사고,0,1,0,0,차대사람 - 횡단중,안전운전불이행,건조,맑음,교차로 - 교차로부근,화물,남,46세,상해없음,보행자,여,73세,중상
2012040300100238,2012년 4월 3일 08시,화요일,대전광역시 유성구 봉명동,경상사고,0,0,1,0,차대차 - 기타,중앙선침범,습기,비,단일로 - 기타,기타불명,기타불명,기타불명,기타불명,승용,남,29세,경상
2012040300100309,2012년 4월 3일 11시,화요일,대전광역시 동구 용운동,중상사고,0,1,0,0,차대사람 - 차도통행중,안전운전불이행,습기,비,교차로 - 교차로안,승용,남,29세,상해없음,보행자,여,60세,중상
2012040300100332,2012년 4월 3일 12시,화요일,대전광역시 동구 인동,경상사고,0,0,1,0,차대차 - 측면직각충돌,안전운전불이행,습기,비,교차로 - 교차로부근,화물,남,46세,상해없음,승용,남,54세,경상
2012040300100354,2012년 4월 3일 13시,화요일,대전광역시 동구 삼성동,경상사고,0,0,4,0,차대차 - 추돌 - 진행중,안전거리미확보,건조,맑음,교차로 - 교차로안,승용,남,48세,상해없음,승용,여,42세,경상
2012040300100428,2012년 4월 3일 16시,화요일,대전광역시 중구 대흥동,중상사고,0,1,0,0,차대차 - 측면직각충돌,안전운전불이행,건조,맑음,단일로 - 기타,승용,남,46세,상해없음,승용,남,57세,중상
2012040300100465,2012년 4월 3일 17시,화요일,대전광역시 중구 유천동,경상사고,0,0,2,0,차대차 - 측면직각충돌,교차로운행방법위반,건조,맑음,교차로 - 교차로안,승용,남,39세,상해없음,승용,남,47세,경상
2012040300100466,2012년 4월 3일 17시,화요일,대전광역시 중구 석교동,경상사고,0,0,2,0,차대차 - 추돌 - 주정차중,안전거리미확보,건조,맑음,단일로 - 기타,승용,남,42세,상해없음,승용,남,47세,경상
2012040300100491,2012년 4월 3일 18시,화요일,대전광역시 중구 문화동,경상사고,0,0,2,0,차대차 - 추돌 - 진행중,안전운전불이행,건조,맑음,교차로 - 교차로부근,화물,남,39세,상해없음,승용,여,52세,경상
2012040300100492,2012년 4월 3일 18시,화요일,대전광역시 대덕구 오정동,경상사고,0,0,1,0,차대사람 - 기타,안전운전불이행,건조,맑음,단일로 - 기타,승용,여,49세,기타불명,보행자,남,16세,경상
2012040300100521,2012년 4월 3일 19시,화요일,대전광역시 서구 내동,경상사고,0,0,1,0,차대차 - 측면직각충돌,신호위반,건조,맑음,교차로 - 교차로안,승용,남,65세,상해없음,승용,남,25세,경상
2012040300100544,2012년 4월 3일 20시,화요일,대전광역시 동구 낭월동,중상사고,0,1,0,0,차대차 - 추돌 - 주정차중,안전운전불이행,건조,맑음,교차로 - 교차로부근,화물,남,49세,상해없음,승용,여,49세,중상
2012040300100577,2012년 4월 3일 21시,화요일,대전광역시 서구 괴정동,경상사고,0,0,1,0,차대사람 - 차도통행중,안전운전불이행,건조,맑음,단일로 - 기타,승용,여,46세,상해없음,보행자,남,35세,경상
2012040300100643,2012년 4월 3일 23시,화요일,대전광역시 유성구 반석동,중상사고,0,1,0,0,차대사람 - 보도통행중,중앙선침범,건조,맑음,단일로 - 횡단보도상,승용,남,31세,상해없음,보행자,여,52세,중상
2012040400100039,2012년 4월 4일 02시,수요일,대전광역시 대덕구 와동,경상사고,0,0,2,0,차대차 - 측면직각충돌,신호위반,건조,맑음,단일로 - 기타,승용,남,46세,상해없음,화물,남,23세,경상
2012040400100136,2012년 4월 4일 08시,수요일,대전광역시 서구 가장동,경상사고,0,0,1,0,차대차 - 측면직각충돌,중앙선침범,건조,맑음,단일로 - 기타,승용,남,34세,상해없음,이륜,남,29세,경상
2012040400100197,2012년 4월 4일 11시,수요일,대전광역시 중구 중촌동,중상사고,0,1,0,0,차대차 - 측면직각충돌,안전운전불이행,건조,흐림,단일로 - 횡단보도상,승용,남,54세,상해없음,자전거,남,66세,중상
2012040400100261,2012년 4월 4일 14시,수요일,대전광역시 서구 내동,경상사고,0,0,1,0,차대사람 - 길가장자리구역통행중,안전운전불이행,건조,맑음,단일로 - 기타,승합,남,52세,상해없음,보행자,여,42세,경상
2012040400100262,2012년 4월 4일 14시,수요일,대전광역시 서구 탄방동,경상사고,0,0,3,0,차대차 - 측면직각충돌,중앙선침범,건조,맑음,단일로 - 기타,승용,남,61세,상해없음,승용,남,26세,경상
2012040400100331,2012년 4월 4일 16시,수요일,대전광역시 동구 용운동,경상사고,0,0,1,0,차대사람 - 횡단중,안전운전불이행,건조,맑음,교차로 - 교차로부근,승용,남,56세,기타불명,보행자,남,10세,경상
2012040400100369,2012년 4월 4일 17시,수요일,대전광역시 동구 성남동,경상사고,0,0,1,0,차대사람 - 보도통행중,중앙선침범,건조,맑음,단일로 - 기타,승용,여,61세,상해없음,보행자,남,53세,경상
2012040400100370,2012년 4월 4일 17시,수요일,대전광역시 유성구 탑립동,중상사고,0,1,0,0,차대차 - 추돌 - 진행중,안전운전불이행,건조,맑음,단일로 - 기타,화물,남,31세,상해없음,원동기,남,59세,중상
2012040400100396,2012년 4월 4일 18시,수요일,대전광역시 동구 용전동,중상사고,0,1,0,0,차대사람 - 횡단중,안전운전불이행,건조,맑음,단일로 - 기타,승용,남,45세,상해없음,보행자,남,13세,중상
2012040400100397,2012년 4월 4일 18시,수요일,대전광역시 서구 가수원동,경상사고,0,0,1,0,차량단독 - 기타,안전운전불이행,건조,맑음,단일로 - 기타,승합,남,29세,상해없음,,,,
2012040400100472,2012년 4월 4일 20시,수요일,대전광역시 중구 석교동,경상사고,0,0,1,0,차대차 - 측면직각충돌,안전거리미확보,건조,맑음,단일로 - 기타,승용,남,47세,상해없음,승합,남,34세,상해없음
2012040400100473,2012년 4월 4일 20시,수요일,대전광역시 서구 관저동,부상신고사고,0,0,0,4,차대차 - 측면직각충돌,교차로운행방법위반,건조,맑음,교차로 - 교차로안,승용,남,38세,상해없음,승합,남,38세,부상신고
2012040400100535,2012년 4월 4일 22시,수요일,대전광역시 서구 정림동,경상사고,0,0,2,0,차대차 - 추돌 - 진행중,안전운전불이행,건조,맑음,교차로 - 교차로부근,승합,남,41세,기타불명,승용,여,38세,경상
2012040400100536,2012년 4월 4일 22시,수요일,대전광역시 유성구 궁동,경상사고,0,0,1,0,차대사람 - 기타,안전운전불이행,건조,맑음,단일로 - 기타,승용,남,22세,상해없음,보행자,남,24세,경상
2012040400100559,2012년 4월 4일 23시,수요일,대전광역시 동구 대동,경상사고,0,0,1,0,차대차 - 측면직각충돌,교차로운행방법위반,건조,맑음,교차로 - 교차로안,승용,남,49세,상해없음,원동기,남,17세,경상
2012040400100560,2012년 4월 4일 23시,수요일,대전광역시 유성구 용산동,경상사고,0,0,2,0,차대차 - 기타,안전거리미확보,건조,맑음,단일로 - 기타,승합,여,48세,상해없음,원동기,남,16세,경상
2012040500100024,2012년 4월 5일 00시,목요일,대전광역시 대덕구 오정동,경상사고,0,0,1,0,차대차 - 추돌 - 진행중,안전운전불이행,건조,맑음,단일로 - 기타,승용,남,23세,상해없음,승용,남,30세,경상
2012040500100025,2012년 4월 5일 00시,목요일,대전광역시 서구 갈마동,사망사고,1,0,0,0,차대사람 - 횡단중,안전운전불이행,건조,맑음,교차로 - 교차로부근,승용,남,31세,상해없음,보행자,남,35세,사망
2012040500100057,2012년 4월 5일 02시,목요일,대전광역시 중구 오류동,중상사고,0,4,1,0,차대차 - 측면직각충돌,신호위반,건조,맑음,교차로 - 교차로안,승용,남,62세,상해없음,승용,남,59세,중상
2012040500100058,2012년 4월 5일 02시,목요일,대전광역시 서구 용문동,경상사고,0,0,1,0,차대차 - 측면직각충돌,안전거리미확보,건조,맑음,교차로 - 교차로부근,승용,기타불명,기타불명,기타불명,승용,남,64세,경상
2012040500100059,2012년 4월 5일 02시,목요일,대전광역시 대덕구 중리동,경상사고,0,0,2,0,차대차 - 기타,안전운전불이행,건조,맑음,교차로 - 교차로부근,승용,남,47세,상해없음,승용,남,45세,경상
2012040500100074,2012년 4월 5일 03시,목요일,대전광역시 대덕구 중리동,경상사고,0,0,1,0,차대차 - 기타,안전운전불이행,건조,맑음,교차로 - 교차로안,승용,여,19세,상해없음,승용,여,44세,경상
2012040500100158,2012년 4월 5일 08시,목요일,대전광역시 중구 유천동,경상사고,0,0,1,0,차대차 - 측면직각충돌,교차로운행방법위반,건조,맑음,교차로 - 교차로안,승용,여,53세,상해없음,승용,남,46세,경상
2012040500100178,2012년 4월 5일 09시,목요일,대전광역시 유성구 지족동,경상사고,0,0,1,0,차대차 - 기타,안전운전불이행,건조,맑음,교차로 - 교차로안,승용,여,42세,상해없음,자전거,여,58세,경상
2012040500100228,2012년 4월 5일 11시,목요일,대전광역시 서구 탄방동,경상사고,0,0,1,0,차대차 - 측면직각충돌,안전운전불이행,건조,맑음,교차로 - 교차로안,기타불명,기타불명,기타불명,기타불명,승용,여,42세,경상
2012040500100349,2012년 4월 5일 15시,목요일,대전광역시 대덕구 신일동,중상사고,0,1,1,0,차대차 - 측면직각충돌,안전운전불이행,건조,맑음,단일로 - 기타,화물,남,56세,상해없음,화물,남,41세,중상
2012040500100350,2012년 4월 5일 15시,목요일,대전광역시 유성구 원신흥동,경상사고,0,0,2,0,차대차 - 기타,기타,건조,맑음,기타 - 기타,건설기계,남,46세,상해없음,승용,여,22세,경상
2012040500100380,2012년 4월 5일 16시,목요일,대전광역시 대덕구 오정동,중상사고,0,1,0,0,차대차 - 추돌 - 진행중,중앙선침범,건조,맑음,단일로 - 기타,자전거,남,42세,중상,승용,남,27세,상해없음
2012040500100422,2012년 4월 5일 17시,목요일,대전광역시 동구 삼성동,중상사고,0,1,0,0,차대사람 - 횡단중,안전운전불이행,건조,맑음,단일로 - 기타,화물,남,55세,상해없음,보행자,남,5세,중상
2012040500100461,2012년 4월 5일 18시,목요일,대전광역시 대덕구 중리동,중상사고,0,1,3,0,차대차 - 추돌 - 진행중,안전운전불이행,건조,맑음,단일로 - 기타,승용,여,37세,상해없음,승용,남,39세,중상
2012040500100462,2012년 4월 5일 18시,목요일,대전광역시 서구 둔산동,경상사고,0,0,4,0,차대차 - 추돌 - 진행중,안전운전불이행,건조,맑음,미분류 - 미분류,승용,남,45세,상해없음,승용,여,32세,경상
2012040500100495,2012년 4월 5일 19시,목요일,대전광역시 서구 탄방동,경상사고,0,0,1,0,차대차 - 추돌 - 진행중,안전운전불이행,건조,맑음,단일로 - 기타,승용,남,19세,상해없음,승용,여,29세,경상
2012040500100563,2012년 4월 5일 21시,목요일,대전광역시 서구 괴정동,중상사고,0,2,0,0,차대차 - 추돌 - 주정차중,안전운전불이행,건조,맑음,단일로 - 기타,승용,남,30세,상해없음,승용,여,27세,중상
2012040500100603,2012년 4월 5일 22시,목요일,대전광역시 동구 정동,경상사고,0,0,2,0,차량단독 - 기타,기타,건조,맑음,단일로 - 기타,승합,남,57세,상해없음,,,,
2012040500100630,2012년 4월 5일 23시,목요일,대전광역시 서구 도마동,경상사고,0,0,1,0,차대사람 - 기타,안전운전불이행,건조,맑음,단일로 - 기타,승용,남,27세,기타불명,보행자,남,19세,경상
2012040500100631,2012년 4월 5일 23시,목요일,대전광역시 대덕구 중리동,경상사고,0,0,1,0,차대사람 - 차도통행중,안전운전불이행,건조,맑음,교차로 - 교차로부근,승용,여,22세,상해없음,보행자,남,44세,경상
2012040600100038,2012년 4월 6일 01시,금요일,대전광역시 서구 용문동,경상사고,0,0,4,0,차대차 - 추돌 - 주정차중,안전운전불이행,건조,맑음,단일로 - 기타,승용,남,24세,상해없음,승용,남,18세,경상
2012040600100039,2012년 4월 6일 01시,금요일,대전광역시 대덕구 오정동,중상사고,0,1,0,0,차량단독 - 기타,기타,건조,맑음,교차로 - 교차로부근,승용,남,54세,상해없음,,,,
2012040600100062,2012년 4월 6일 03시,금요일,대전광역시 유성구 구암동,경상사고,0,0,1,0,차대차 - 측면직각충돌,신호위반,건조,맑음,교차로 - 교차로안,승용,여,49세,상해없음,승용,남,52세,경상
2012040600100164,2012년 4월 6일 08시,금요일,대전광역시 중구 대흥동,경상사고,0,0,1,0,차대차 - 측면직각충돌,안전거리미확보,건조,맑음,단일로 - 기타,승용,여,45세,상해없음,승용,남,50세,상해없음
2012040600100165,2012년 4월 6일 08시,금요일,대전광역시 중구 오류동,경상사고,0,0,2,0,차대차 - 측면직각충돌,교차로운행방법위반,건조,맑음,교차로 - 교차로안,승용,여,45세,상해없음,승용,남,49세,경상
2012040600100166,2012년 4월 6일 08시,금요일,대전광역시 동구 소제동,경상사고,0,0,2,0,차대차 - 측면직각충돌,안전거리미확보,건조,맑음,미분류 - 미분류,승용,남,71세,상해없음,승용,남,69세,경상
2012040600100167,2012년 4월 6일 08시,금요일,대전광역시 동구 삼성동,경상사고,0,0,4,0,차대차 - 측면직각충돌,차로위반,건조,맑음,단일로 - 기타,승용,남,52세,경상,승용,남,62세,경상
2012040600100216,2012년 4월 6일 10시,금요일,대전광역시 서구 탄방동,경상사고,0,0,1,0,차량단독 - 기타,기타,건조,맑음,기타 - 기타,승합,남,49세,상해없음,,,,
2012040600100418,2012년 4월 6일 17시,금요일,대전광역시 유성구 문지동,경상사고,0,0,1,0,차대차 - 추돌 - 진행중,안전운전불이행,건조,맑음,단일로 - 기타,승용,남,24세,상해없음,승용,남,74세,경상
2012040600100549,2012년 4월 6일 20시,금요일,대전광역시 대덕구 송촌동,중상사고,0,1,0,0,차대사람 - 기타,안전운전불이행,건조,맑음,교차로 - 교차로안,승용,여,36세,상해없음,보행자,여,69세,중상
2012040600100550,2012년 4월 6일 20시,금요일,대전광역시 유성구 노은동,중상사고,0,2,0,0,차대차 - 측면직각충돌,중앙선침범,건조,맑음,단일로 - 기타,승용,남,34세,상해없음,승용,여,39세,중상
2012040600100613,2012년 4월 6일 22시,금요일,대전광역시 동구 판암동,경상사고,0,0,1,0,차대사람 - 횡단중,안전운전불이행,건조,맑음,단일로 - 기타,승용,여,31세,상해없음,보행자,남,26세,경상
2012040600100614,2012년 4월 6일 22시,금요일,대전광역시 서구 도마동,경상사고,0,0,2,0,차대차 - 측면직각충돌,교차로운행방법위반,건조,맑음,교차로 - 교차로안,승용,여,57세,상해없음,승용,남,51세,경상
2012040600100653,2012년 4월 6일 23시,금요일,대전광역시 동구 성남동,중상사고,0,1,0,0,차대차 - 추돌 - 주정차중,안전운전불이행,건조,맑음,교차로 - 교차로부근,승용,남,51세,상해없음,승용,남,33세,중상
2012040600100654,2012년 4월 6일 23시,금요일,대전광역시 대덕구 신탄진동,중상사고,0,1,0,0,차대차 - 측면직각충돌,안전운전불이행,건조,맑음,교차로 - 교차로안,승용,남,33세,상해없음,이륜,남,42세,중상
2012040600100655,2012년 4월 6일 23시,금요일,대전광역시 서구 월평동,중상사고,0,1,1,0,차대사람 - 기타,안전운전불이행,건조,맑음,단일로 - 기타,화물,남,45세,상해없음,보행자,여,26세,중상
2012040700100090,2012년 4월 7일 03시,토요일,대전광역시 서구 만년동,중상사고,0,4,1,0,차대차 - 기타,안전운전불이행,건조,맑음,기타 - 기타,승용,남,35세,중상,화물,남,39세,중상
2012040700100091,2012년 4월 7일 03시,토요일,대전광역시 서구 둔산동,경상사고,0,0,1,0,차대사람 - 기타,안전운전불이행,건조,맑음,교차로 - 교차로안,승용,남,42세,상해없음,보행자,여,18세,경상
2012040700100116,2012년 4월 7일 05시,토요일,대전광역시 중구 대사동,중상사고,0,1,0,0,차대사람 - 횡단중,신호위반,건조,맑음,교차로 - 교차로부근,승용,남,43세,상해없음,보행자,남,56세,중상
2012040700100155,2012년 4월 7일 07시,토요일,대전광역시 중구 문화동,중상사고,0,1,0,0,차대차 - 측면직각충돌,차로위반,건조,맑음,교차로 - 교차로안,승용,남,48세,상해없음,승용,여,33세,중상
2012040700100205,2012년 4월 7일 09시,토요일,대전광역시 서구 가수원동,경상사고,0,0,1,0,차량단독 - 공작물충돌,안전운전불이행,건조,맑음,단일로 - 기타,승합,남,51세,상해없음,,,,
2012040700100254,2012년 4월 7일 11시,토요일,대전광역시 대덕구 비래동,중상사고,0,1,0,0,차대사람 - 보도통행중,기타,건조,맑음,단일로 - 기타,원동기,남,41세,상해없음,보행자,남,7세,중상
2012040700100255,2012년 4월 7일 11시,토요일,대전광역시 서구 용문동,경상사고,0,0,1,0,차대차 - 측면직각충돌,안전운전불이행,건조,맑음,단일로 - 기타,승용,기타불명,기타불명,기타불명,자전거,남,41세,경상
2012040700100315,2012년 4월 7일 13시,토요일,대전광역시 중구 목동,중상사고,0,1,0,0,차대차 - 측면직각충돌,안전운전불이행,건조,맑음,단일로 - 기타,화물,남,34세,상해없음,자전거,남,72세,중상
2012040700100356,2012년 4월 7일 14시,토요일,대전광역시 중구 중촌동,중상사고,0,1,1,0,차대차 - 정면충돌,안전운전불이행,건조,맑음,단일로 - 기타,화물,남,57세,상해없음,승용,남,50세,경상
2012040700100357,2012년 4월 7일 14시,토요일,대전광역시 동구 성남동,경상사고,0,0,1,0,차대차 - 측면직각충돌,안전거리미확보,건조,맑음,단일로 - 기타,승용,남,57세,상해없음,승용,남,37세,경상
2012040700100358,2012년 4월 7일 14시,토요일,대전광역시 동구 용전동,중상사고,0,1,0,0,차대사람 - 횡단중,보행자보호의무위반,건조,맑음,단일로 - 횡단보도상,승용,남,61세,상해없음,보행자,여,44세,중상
2012040700100391,2012년 4월 7일 15시,토요일,대전광역시 동구 원동,경상사고,0,0,4,0,차대차 - 정면충돌,신호위반,건조,맑음,교차로 - 교차로안,승용,남,37세,경상,승용,남,60세,경상
2012040700100392,2012년 4월 7일 15시,토요일,대전광역시 서구 도마동,경상사고,0,0,2,0,차대차 - 기타,교차로운행방법위반,건조,맑음,교차로 - 교차로안,승용,여,58세,상해없음,자전거,남,13세,경상
2012040700100517,2012년 4월 7일 18시,토요일,대전광역시 동구 중동,중상사고,0,1,0,0,차대차 - 기타,안전운전불이행,건조,맑음,단일로 - 횡단보도상,승용,남,33세,상해없음,자전거,남,65세,중상
2012040700100518,2012년 4월 7일 18시,토요일,대전광역시 유성구 장대동,경상사고,0,0,1,0,차대사람 - 횡단중,보행자보호의무위반,건조,맑음,단일로 - 기타,승용,남,58세,상해없음,보행자,여,30세,경상
2012040700100548,2012년 4월 7일 19시,토요일,대전광역시 동구 판암동,경상사고,0,0,1,0,차대차 - 측면직각충돌,안전운전불이행,건조,맑음,단일로 - 기타,승용,남,53세,상해없음,이륜,남,30세,경상
2012040700100549,2012년 4월 7일 19시,토요일,대전광역시 대덕구 신탄진동,중상사고,0,1,0,0,차대사람 - 횡단중,안전운전불이행,건조,맑음,단일로 - 기타,승용,남,38세,상해없음,보행자,남,61세,중상
2012040700100578,2012년 4월 7일 20시,토요일,대전광역시 서구 용문동,경상사고,0,0,1,0,차대차 - 추돌 - 주정차중,안전운전불이행,건조,맑음,단일로 - 기타,승용,남,60세,상해없음,승용,여,34세,경상
2012040700100616,2012년 4월 7일 21시,토요일,대전광역시 중구 문화동,경상사고,0,0,1,0,차대차 - 기타,중앙선침범,건조,맑음,단일로 - 교량,승용,남,33세,상해없음,승용,남,32세,경상
2012040700100617,2012년 4월 7일 21시,토요일,대전광역시 동구 신흥동,경상사고,0,0,2,0,차대차 - 기타,기타,건조,맑음,단일로 - 기타,승용,남,51세,상해없음,승합,남,36세,상해없음
2012040700100649,2012년 4월 7일 22시,토요일,대전광역시 중구 목동,경상사고,0,0,1,0,차대사람 - 횡단중,보행자보호의무위반,건조,흐림,단일로 - 횡단보도상,승용,남,44세,상해없음,보행자,남,36세,경상
2012040700100650,2012년 4월 7일 22시,토요일,대전광역시 중구 태평동,중상사고,0,2,2,0,차대차 - 추돌 - 주정차중,안전운전불이행,건조,맑음,교차로 - 교차로안,승용,남,35세,상해없음,승용,여,44세,상해없음