사고번호,사고일시,요일,시군구,사고내용,사망자수,중상자수,경상자수,부상신고자수,사고유형,법규위반,노면상태,기상상태,도로형태,가해운전자 차종,가해운전자 성별,가해운전자 연령,가해운전자 상해정도,피해운전자 차종,피해운전자 성별,피해운전자 연령,피해운전자 상해정도
2012041700100163,2012년 4월 17일 08시,화요일,대전광역시 동구 삼성동,중상사고,0,1,0,0,차대차 - 측면직각충돌,안전운전불이행,건조,맑음,교차로 - 교차로부근,승용,남,32세,상해없음,자전거,남,60세,중상
2012041700100164,2012년 4월 17일 08시,화요일,대전광역시 서구 복수동,경상사고,0,0,4,0,차대차 - 추돌 - 주정차중,안전거리미확보,건조,맑음,교차로 - 교차로부근,승용,남,59세,상해없음,승용,여,34세,경상
2012041700100186,2012년 4월 17일 09시,화요일,대전광역시 동구 용전동,경상사고,0,0,1,0,차대차 - 기타,안전운전불이행,건조,맑음,단일로 - 기타,화물,남,44세,상해없음,자전거,남,62세,경상
2012041700100187,2012년 4월 17일 09시,화요일,대전광역시 유성구 송강동,중상사고,0,1,0,0,차량단독 - 기타,기타,건조,맑음,기타 - 기타,승합,남,41세,상해없음,,,,
2012041700100188,2012년 4월 17일 09시,화요일,대전광역시 서구 둔산동,경상사고,0,0,1,0,차량단독 - 기타,기타,건조,맑음,단일로 - 기타,승합,남,42세,상해없음,,,,
2012041700100221,2012년 4월 17일 10시,화요일,대전광역시 서구 갈마동,경상사고,0,0,1,0,차대차 - 측면직각충돌,안전운전불이행,건조,맑음,교차로 - 교차로안,승용,남,59세,상해없음,화물,남,53세,상해없음
2012041700100314,2012년 4월 17일 14시,화요일,대전광역시 대덕구 신대동,경상사고,0,0,1,0,차대사람 - 횡단중,보행자보호의무위반,건조,맑음,단일로 - 횡단보도상,승용,남,50세,상해없음,보행자,남,6세,경상
2012041700100315,2012년 4월 17일 14시,화요일,대전광역시 서구 둔산동,중상사고,0,1,0,0,차대사람 - 횡단중,보행자보호의무위반,건조,맑음,단일로 - 횡단보도상,승용,여,44세,상해없음,보행자,여,48세,중상
2012041700100455,2012년 4월 17일 18시,화요일,대전광역시 동구 가오동,중상사고,0,1,0,0,차대사람 - 차도통행중,안전운전불이행,건조,맑음,단일로 - 기타,승용,남,24세,상해없음,보행자,여,13세,중상
2012041700100511,2012년 4월 17일 20시,화요일,대전광역시 동구 판암동,경상사고,0,0,1,0,차대차 - 측면직각충돌,안전운전불이행,건조,맑음,교차로 - 교차로안,승용,여,50세,상해없음,이륜,남,20세,경상
2012041700100615,2012년 4월 17일 23시,화요일,대전광역시 동구 소제동,중상사고,0,1,0,0,차대차 - 정면충돌,신호위반,건조,맑음,교차로 - 교차로안,원동기,남,19세,상해없음,승용,남,24세,상해없음
2012041700100616,2012년 4월 17일 23시,화요일,대전광역시 대덕구 신탄진동,중상사고,0,1,2,0,차대차 - 추돌 - 진행중,안전운전불이행,건조,맑음,단일로 - 기타,승용,남,43세,상해없음,승용,남,51세,경상
2012041800100024,2012년 4월 18일 00시,수요일,대전광역시 동구 대성동,경상사고,0,0,2,0,차대차 - 측면직각충돌,신호위반,건조,맑음,교차로 - 교차로안,승용,남,46세,상해없음,승용,남,29세,경상
2012041800100037,2012년 4월 18일 01시,수요일,대전광역시 유성구 봉명동,중상사고,0,1,0,0,차대차 - 측면직각충돌,안전운전불이행,건조,맑음,교차로 - 교차로안,승용,남,31세,상해없음,원동기,남,22세,중상
2012041800100066,2012년 4월 18일 04시,수요일,대전광역시 서구 갈마동,경상사고,0,0,1,0,차대차 - 추돌 - 주정차중,안전운전불이행,건조,맑음,교차로 - 교차로부근,승용,여,40세,상해없음,승용,여,53세,경상
2012041800100110,2012년 4월 18일 07시,수요일,대전광역시 서구 갈마동,경상사고,0,0,1,0,차대차 - 추돌 - 진행중,안전운전불이행,건조,맑음,교차로 - 교차로부근,승용,남,28세,상해없음,승용,남,38세,경상
2012041800100153,2012년 4월 18일 08시,수요일,대전광역시 중구 태평동,경상사고,0,0,1,0,차대차 - 측면직각충돌,안전운전불이행,건조,맑음,교차로 - 교차로안,자전거,여,50세,경상,승용,남,29세,상해없음
2012041800100154,2012년 4월 18일 08시,수요일,대전광역시 유성구 관평동,경상사고,0,0,1,0,차대차 - 추돌 - 진행중,안전운전불이행,건조,맑음,단일로 - 기타,기타불명,기타불명,기타불명,기타불명,승용,여,26세,경상
2012041800100218,2012년 4월 18일 11시,수요일,대전광역시 중구 유천동,경상사고,0,0,1,0,차대차 - 기타,신호위반,건조,맑음,단일로 - 횡단보도상,원동기,남,24세,상해없음,자전거,여,49세,경상
2012041800100219,2012년 4월 18일 11시,수요일,대전광역시 서구 관저동,중상사고,0,1,0,0,차대차 - 측면직각충돌,신호위반,건조,맑음,교차로 - 교차로안,승용,남,44세,상해없음,승용,여,43세,중상
2012041800100220,2012년 4월 18일 11시,수요일,대전광역시 서구 도안동,경상사고,0,0,2,0,차대차 - 측면직각충돌,안전운전불이행,건조,맑음,단일로 - 기타,승용,여,45세,상해없음,승용,남,24세,경상
2012041800100352,2012년 4월 18일 15시,수요일,대전광역시 서구 가수원동,중상사고,0,1,0,0,차대차 - 추돌 - 진행중,안전운전불이행,건조,맑음,단일로 - 교량,승용,남,41세,상해없음,이륜,남,62세,중상
2012041800100379,2012년 4월 18일 16시,수요일,대전광역시 동구 용전동,경상사고,0,0,2,0,차대차 - 기타,안전운전불이행,건조,맑음,단일로 - 기타,승용,여,48세,상해없음,승용,남,50세,경상
2012041800100443,2012년 4월 18일 18시,수요일,대전광역시 동구 정동,경상사고,0,0,1,0,차대사람 - 길가장자리구역통행중,안전운전불이행,건조,맑음,단일로 - 기타,승용,여,34세,상해없음,보행자,여,40세,경상
2012041800100444,2012년 4월 18일 18시,수요일,대전광역시 대덕구 법동,경상사고,0,0,2,0,차대차 - 기타,안전거리미확보,건조,맑음,단일로 - 기타,승용,여,52세,상해없음,승용,여,40세,경상
2012041800100546,2012년 4월 18일 21시,수요일,대전광역시 대덕구 법동,경상사고,0,0,2,0,차대차 - 측면직각충돌,신호위반,건조,맑음,교차로 - 교차로안,승용,남,49세,상해없음,승용,여,39세,상해없음
2012041800100582,2012년 4월 18일 22시,수요일,대전광역시 동구 자양동,경상사고,0,0,3,0,차대사람 - 기타,안전운전불이행,건조,맑음,교차로 - 교차로안,승용,남,41세,상해없음,보행자,남,22세,경상
2012041800100583,2012년 4월 18일 22시,수요일,대전광역시 동구 정동,경상사고,0,0,2,0,차대차 - 추돌 - 진행중,안전운전불이행,건조,맑음,단일로 - 기타,승용,남,22세,기타불명,승용,남,32세,경상
2012041800100584,2012년 4월 18일 22시,수요일,대전광역시 대덕구 상서동,경상사고,0,0,2,0,차대차 - 추돌 - 주정차중,안전운전불이행,건조,맑음,교차로 - 교차로부근,승용,기타불명,기타불명,기타불명,승용,남,37세,경상
2012041800100624,2012년 4월 18일 23시,수요일,대전광역시 대덕구 중리동,중상사고,0,1,0,0,차대차 - 기타,안전운전불이행,건조,맑음,교차로 - 교차로안,승용,남,34세,상해없음,승용,남,29세,상해없음
2012041900100050,2012년 4월 19일 01시,목요일,대전광역시 동구 낭월동,경상사고,0,0,1,0,차대차 - 기타,중앙선침범,습기,비,단일로 - 기타,승용,여,37세,상해없음,승용,남,29세,경상
2012041900100126,2012년 4월 19일 07시,목요일,대전광역시 동구 삼성동,중상사고,0,1,0,0,차대사람 - 차도통행중,안전운전불이행,건조,맑음,단일로 - 기타,화물,남,65세,상해없음,보행자,여,79세,중상
2012041900100127,2012년 4월 19일 07시,목요일,대전광역시 동구 자양동,경상사고,0,0,1,0,차대사람 - 횡단중,신호위반,건조,맑음,교차로 - 교차로안,기타불명,기타불명,기타불명,기타불명,보행자,여,18세,경상
2012041900100156,2012년 4월 19일 08시,목요일,대전광역시 유성구 갑동,경상사고,0,0,1,0,차대차 - 추돌 - 진행중,안전운전불이행,건조,맑음,교차로 - 교차로부근,화물,남,44세,상해없음,승용,여,30세,경상
2012041900100202,2012년 4월 19일 10시,목요일,대전광역시 동구 용전동,경상사고,0,0,1,0,차대차 - 측면직각충돌,교차로운행방법위반,건조,맑음,교차로 - 교차로안,승용,남,52세,상해없음,승용,남,51세,경상
2012041900100227,2012년 4월 19일 11시,목요일,대전광역시 동구 가양동,경상사고,0,0,1,0,차대사람 - 횡단중,보행자보호의무위반,건조,맑음,교차로 - 교차로부근,화물,남,57세,상해없음,보행자,남,59세,경상
2012041900100286,2012년 4월 19일 13시,목요일,대전광역시 동구 신흥동,중상사고,0,1,0,0,차대사람 - 기타,불법유턴,건조,맑음,교차로 - 교차로부근,승용,남,30세,상해없음,보행자,남,79세,중상
2012041900100308,2012년 4월 19일 14시,목요일,대전광역시 서구 괴정동,경상사고,0,0,1,0,차대사람 - 보도통행중,보행자보호의무위반,건조,맑음,단일로 - 횡단보도상,원동기,남,45세,상해없음,보행자,여,81세,경상
2012041900100309,2012년 4월 19일 14시,목요일,대전광역시 유성구 봉명동,중상사고,0,2,0,0,차대사람 - 횡단중,보행자보호의무위반,건조,맑음,단일로 - 횡단보도상,승용,여,48세,상해없음,보행자,남,68세,중상
2012041900100360,2012년 4월 19일 16시,목요일,대전광역시 대덕구 덕암동,경상사고,0,0,1,0,차대차 - 기타,교차로운행방법위반,건조,맑음,교차로 - 교차로안,승합,남,47세,상해없음,승용,남,23세,경상
2012041900100399,2012년 4월 19일 17시,목요일,대전광역시 서구 관저동,경상사고,0,0,8,0,차대차 - 측면직각충돌,교차로운행방법위반,습기,비,교차로 - 교차로안,승합,남,57세,상해없음,승용,여,38세,상해없음
2012041900100444,2012년 4월 19일 18시,목요일,대전광역시 서구 도마동,경상사고,0,0,3,0,차대차 - 측면직각충돌,안전거리미확보,건조,맑음,단일로 - 기타,승용,여,59세,상해없음,승용,남,34세,경상
2012041900100475,2012년 4월 19일 19시,목요일,대전광역시 동구 성남동,중상사고,0,5,3,0,차대차 - 기타,안전운전불이행,건조,맑음,단일로 - 기타,승용,남,16세,기타불명,승용,남,21세,상해없음
2012041900100476,2012년 4월 19일 19시,목요일,대전광역시 서구 탄방동,경상사고,0,0,1,0,차대차 - 추돌 - 진행중,신호위반,습기,비,단일로 - 기타,승용,여,54세,상해없음,승용,남,39세,경상
2012041900100505,2012년 4월 19일 20시,목요일,대전광역시 중구 대사동,경상사고,0,0,1,0,차대차 - 측면직각충돌,안전운전불이행,건조,맑음,단일로 - 기타,승용,남,53세,상해없음,승용,남,52세,경상
2012041900100543,2012년 4월 19일 21시,목요일,대전광역시 동구 정동,경상사고,0,0,2,0,차대차 - 측면직각충돌,신호위반,건조,맑음,교차로 - 교차로안,승용,남,40세,상해없음,승용,남,48세,경상
2012041900100544,2012년 4월 19일 21시,목요일,대전광역시 대덕구 법동,경상사고,0,0,2,0,차대차 - 측면직각충돌,신호위반,건조,맑음,교차로 - 교차로안,승용,남,46세,상해없음,승용,남,52세,경상
2012041900100583,2012년 4월 19일 22시,목요일,대전광역시 동구 용전동,경상사고,0,0,5,0,차대차 - 정면충돌,중앙선침범,건조,맑음,단일로 - 기타,승용,남,33세,상해없음,승용,남,29세,경상
2012041900100584,2012년 4월 19일 22시,목요일,대전광역시 대덕구 와동,경상사고,0,0,1,0,차대차 - 측면직각충돌,안전거리미확보,건조,맑음,단일로 - 기타,승용,남,42세,상해없음,승용,남,49세,경상
2012041900100585,2012년 4월 19일 22시,목요일,대전광역시 대덕구 목상동,중상사고,0,2,0,0,차대차 - 정면충돌,중앙선침범,건조,맑음,단일로 - 기타,승용,남,46세,상해없음,이륜,남,16세,중상
2012041900100586,2012년 4월 19일 22시,목요일,대전광역시 대덕구 송촌동,경상사고,0,0,1,0,차대차 - 측면직각충돌,교차로운행방법위반,건조,맑음,교차로 - 교차로안,승용,남,52세,상해없음,승용,남,30세,경상
2012041900100624,2012년 4월 19일 23시,목요일,대전광역시 중구 산성동,중상사고,0,1,0,0,차대사람 - 기타,안전운전불이행,건조,맑음,단일로 - 기타,승용,남,35세,상해없음,보행자,남,47세,중상
2012042000100042,2012년 4월 20일 01시,금요일,대전광역시 중구 문화동,경상사고,0,0,1,0,차대차 - 기타,안전거리미확보,건조,맑음,미분류 - 미분류,기타불명,기타불명,기타불명,기타불명,승용,남,56세,경상
2012042000100072,2012년 4월 20일 03시,금요일,대전광역시 유성구 방현동,부상신고사고,0,0,0,1,차대차 - 추돌 - 진행중,안전운전불이행,건조,맑음,단일로 - 기타,승용,남,34세,상해없음,화물,남,46세,부상신고
2012042000100077,2012년 4월 20일 03시,금요일,대전광역시 대덕구 오정동,경상사고,0,0,3,0,차대차 - 추돌 - 주정차중,안전운전불이행,건조,맑음,교차로 - 교차로부근,승용,여,37세,상해없음,승용,남,49세,경상
2012042000100087,2012년 4월 20일 04시,금요일,대전광역시 대덕구 오정동,경상사고,0,0,1,0,차대사람 - 차도통행중,신호위반,습기,흐림,교차로 - 교차로안,승용,남,49세,상해없음,보행자,여,72세,경상
2012042000100088,2012년 4월 20일 04시,금요일,대전광역시 서구 갈마동,중상사고,0,1,0,0,차대차 - 추돌 - 진행중,안전운전불이행,습기,비,단일로 - 기타,승용,남,27세,상해없음,승용,남,52세,중상
2012042000100111,2012년 4월 20일 06시,금요일,대전광역시 중구 유천동,경상사고,0,0,1,0,차대차 - 측면직각충돌,교차로운행방법위반,건조,맑음,교차로 - 교차로안,승용,남,36세,상해없음,승용,남,61세,경상
2012042000100112,2012년 4월 20일 06시,금요일,대전광역시 대덕구 오정동,경상사고,0,0,1,0,차대차 - 측면직각충돌,중앙선침범,건조,맑음,단일로 - 기타,승용,남,32세,상해없음,화물,남,51세,경상
2012042000100191,2012년 4월 20일 08시,금요일,대전광역시 중구 용두동,경상사고,0,0,3,0,차대차 - 추돌 - 주정차중,안전운전불이행,건조,맑음,단일로 - 기타,승합,남,36세,상해없음,승용,남,45세,경상
2012042000100192,2012년 4월 20일 08시,금요일,대전광역시 동구 인동,경상사고,0,0,4,0,차대차 - 추돌 - 주정차중,안전운전불이행,건조,맑음,단일로 - 기타,화물,남,59세,상해없음,승용,여,31세,경상
2012042000100231,2012년 4월 20일 09시,금요일,대전광역시 유성구 금고동,경상사고,0,0,1,0,차대차 - 정면충돌,중앙선침범,건조,맑음,단일로 - 기타,화물,남,43세,상해없음,승용,남,57세,경상
2012042000100312,2012년 4월 20일 12시,금요일,대전광역시 중구 대사동,경상사고,0,0,1,0,차대차 - 추돌 - 주정차중,안전운전불이행,건조,맑음,단일로 - 기타,승합,남,36세,기타불명,승용,여,52세,경상
2012042000100427,2012년 4월 20일 16시,금요일,대전광역시 동구 삼성동,경상사고,0,0,1,0,차대차 - 추돌 - 진행중,안전거리미확보,건조,맑음,단일로 - 기타,승용,남,51세,상해없음,승용,남,49세,상해없음
2012042000100428,2012년 4월 20일 16시,금요일,대전광역시 유성구 구암동,경상사고,0,0,1,0,차대차 - 측면직각충돌,교차로운행방법위반,건조,맑음,교차로 - 교차로안,승용,남,60세,상해없음,화물,남,41세,경상
2012042000100468,2012년 4월 20일 17시,금요일,대전광역시 대덕구 법동,경상사고,0,0,1,0,차대차 - 측면직각충돌,안전운전불이행,건조,맑음,교차로 - 교차로부근,승용,여,53세,상해없음,자전거,남,8세,경상
2012042000100549,2012년 4월 20일 19시,금요일,대전광역시 서구 갈마동,경상사고,0,0,1,0,차대사람 - 기타,안전운전불이행,건조,맑음,단일로 - 기타,승합,남,57세,상해없음,보행자,여,20세,경상
2012042000100586,2012년 4월 20일 20시,금요일,대전광역시 중구 대흥동,중상사고,0,1,1,0,차대차 - 측면직각충돌,교차로운행방법위반,건조,맑음,교차로 - 교차로부근,승용,남,43세,상해없음,승용,남,41세,중상
2012042000100676,2012년 4월 20일 22시,금요일,대전광역시 대덕구 석봉동,경상사고,0,0,2,0,차대차 - 측면직각충돌,안전운전불이행,건조,맑음,단일로 - 기타,화물,남,61세,상해없음,승용,남,22세,경상
2012042000100677,2012년 4월 20일 22시,금요일,대전광역시 서구 월평동,경상사고,0,0,1,0,차대차 - 측면직각충돌,교차로운행방법위반,건조,맑음,교차로 - 교차로안,승용,남,34세,상해없음,승용,여,28세,경상
2012042000100721,2012년 4월 20일 23시,금요일,대전광역시 서구 관저동,중상사고,0,1,2,0,차대차 - 측면직각충돌,안전거리미확보,건조,맑음,단일로 - 기타,원동기,여,55세,중상,승용,여,29세,경상
2012042100100111,2012년 4월 21일 03시,토요일,대전광역시 유성구 봉명동,부상신고사고,0,0,0,1,차대사람 - 기타,안전운전불이행,건조,맑음,단일로 - 기타,승용,남,36세,상해없음,보행자,남,21세,부상신고
2012042100100410,2012년 4월 21일 14시,토요일,대전광역시 동구 인동,경상사고,0,0,2,0,차대차 - 추돌 - 진행중,안전운전불이행,습기,비,교차로 - 교차로부근,승용,남,49세,상해없음,승용,남,56세,경상
2012042100100496,2012년 4월 21일 16시,토요일,대전광역시 동구 소제동,경상사고,0,0,2,0,차대차 - 추돌 - 진행중,안전거리미확보,습기,비,교차로 - 교차로안,승용,남,53세,상해없음,화물,남,32세,경상
2012042100100539,2012년 4월 21일 17시,토요일,대전광역시 중구 문화동,경상사고,0,0,4,0,차대차 - 추돌 - 주정차중,안전운전불이행,건조,맑음,교차로 - 교차로부근,승용,남,46세,상해없음,승용,남,55세,상해없음
2012042100100540,2012년 4월 21일 17시,토요일,대전광역시 대덕구 중리동,경상사고,0,0,1,0,차대차 - 추돌 - 진행중,안전운전불이행,습기,비,단일로 - 기타,승용,남,51세,상해없음,승용,남,22세,상해없음
2012042100100652,2012년 4월 21일 19시,토요일,대전광역시 서구 괴정동,경상사고,0,0,3,0,차대차 - 추돌 - 주정차중,안전운전불이행,습기,비,단일로 - 기타,승용,여,23세,상해없음,승용,남,31세,경상
2012042100100653,2012년 4월 21일 19시,토요일,대전광역시 대덕구 대화동,경상사고,0,0,2,0,차대차 - 추돌 - 진행중,안전운전불이행,습기,비,교차로 - 교차로안,승용,남,57세,상해없음,승용,남,38세,상해없음
2012042100100715,2012년 4월 21일 20시,토요일,대전광역시 중구 은행동,중상사고,0,1,0,0,차대차 - 측면직각충돌,신호위반,건조,맑음,단일로 - 횡단보도상,승용,여,30세,상해없음,원동기,남,40세,중상
2012042100100716,2012년 4월 21일 20시,토요일,대전광역시 중구 중촌동,중상사고,0,1,0,0,차대차 - 추돌 - 주정차중,안전거리미확보,건조,맑음,교차로 - 교차로안,승용,남,34세,상해없음,승용,남,31세,중상
2012042100100717,2012년 4월 21일 20시,토요일,대전광역시 동구 용전동,중상사고,0,1,0,0,차대사람 - 횡단중,보행자보호의무위반,습기,비,교차로 - 교차로안,화물,남,52세,상해없음,보행자,여,69세,중상
2012042100100911,2012년 4월 21일 23시,토요일,대전광역시 서구 변동,경상사고,0,0,1,0,차대차 - 측면직각충돌,안전운전불이행,습기,비,교차로 - 교차로안,승용,남,44세,기타불명,승용,남,37세,경상
2012042100100912,2012년 4월 21일 23시,토요일,대전광역시 서구 둔산동,경상사고,0,0,1,0,차대사람 - 횡단중,안전운전불이행,건조,맑음,단일로 - 기타,승용,남,21세,상해없음,보행자,남,29세,경상
2012042100100913,2012년 4월 21일 23시,토요일,대전광역시 유성구 노은동,경상사고,0,0,2,0,차대차 - 추돌 - 진행중,안전운전불이행,건조,맑음,교차로 - 교차로부근,승용,남,29세,상해없음,승용,남,51세,경상
2012042200100054,2012년 4월 22일 00시,일요일,대전광역시 동구 원동,중상사고,0,1,0,0,차대차 - 측면직각충돌,신호위반,건조,흐림,교차로 - 교차로안,승용,남,24세,상해없음,승용,남,63세,중상
2012042200100055,2012년 4월 22일 00시,일요일,대전광역시 서구 가수원동,경상사고,0,0,1,2,차대차 - 기타,안전운전불이행,습기,비,교차로 - 교차로부근,승용,남,26세,상해없음,승용,남,36세,경상
2012042200100056,2012년 4월 22일 00시,일요일,대전광역시 대덕구 문평동,경상사고,0,0,2,0,차대차 - 추돌 - 진행중,안전운전불이행,습기,흐림,단일로 - 교량,승용,여,24세,상해없음,이륜,남,57세,경상
2012042200100091,2012년 4월 22일 01시,일요일,대전광역시 중구 태평동,중상사고,0,1,0,0,차대사람 - 차도통행중,안전운전불이행,습기,비,교차로 - 교차로부근,승용,남,29세,상해없음,보행자,남,49세,중상
2012042200100092,2012년 4월 22일 01시,일요일,대전광역시 서구 용문동,경상사고,0,0,3,0,차대차 - 추돌 - 주정차중,안전거리미확보,습기,비,교차로 - 교차로안,승용,남,45세,상해없음,승용,남,52세,경상
2012042200100093,2012년 4월 22일 01시,일요일,대전광역시 대덕구 신대동,경상사고,0,0,2,0,차대차 - 추돌 - 진행중,안전운전불이행,건조,맑음,단일로 - 기타,승용,남,26세,기타불명,승용,여,23세,경상
2012042200100094,2012년 4월 22일 01시,일요일,대전광역시 서구 탄방동,사망사고,1,0,0,0,차대사람 - 기타,안전운전불이행,습기,비,단일로 - 기타,승용,남,32세,상해없음,보행자,남,37세,사망
2012042200100095,2012년 4월 22일 01시,일요일,대전광역시 서구 둔산동,경상사고,0,0,3,0,차대차 - 측면직각충돌,안전운전불이행,건조,맑음,단일로 - 기타,승용,남,49세,상해없음,승용,남,29세,경상
2012042200100125,2012년 4월 22일 02시,일요일,대전광역시 동구 가오동,경상사고,0,0,1,0,차대사람 - 횡단중,과속,습기,비,단일로 - 횡단보도부근,승용,남,53세,상해없음,보행자,남,19세,경상
2012042200100155,2012년 4월 22일 03시,일요일,대전광역시 서구 관저동,경상사고,0,0,2,0,차대차 - 기타,안전운전불이행,습기,비,단일로 - 기타,승용,남,28세,상해없음,승용,남,37세,경상
2012042200100190,2012년 4월 22일 04시,일요일,대전광역시 중구 유천동,경상사고,0,0,1,0,차대차 - 측면직각충돌,안전운전불이행,건조,맑음,교차로 - 교차로부근,승용,남,23세,상해없음,승용,남,54세,경상
2012042200100191,2012년 4월 22일 04시,일요일,대전광역시 서구 도마동,중상사고,0,1,0,0,차대사람 - 기타,안전운전불이행,습기,비,교차로 - 교차로부근,승용,남,51세,기타불명,보행자,여,23세,중상
2012042200100226,2012년 4월 22일 07시,일요일,대전광역시 대덕구 신탄진동,중상사고,0,2,0,0,차대차 - 정면충돌,중앙선침범,건조,맑음,교차로 - 교차로부근,이륜,남,73세,중상,승용,남,53세,상해없음
2012042200100241,2012년 4월 22일 08시,일요일,대전광역시 서구 가장동,경상사고,0,0,1,0,차대차 - 기타,안전거리미확보,습기,비,단일로 - 기타,승용,남,57세,상해없음,승용,남,52세,경상
2012042200100301,2012년 4월 22일 11시,일요일,대전광역시 중구 석교동,중상사고,0,1,0,0,차대사람 - 횡단중,신호위반,건조,맑음,단일로 - 횡단보도상,승용,남,79세,상해없음,보행자,여,11세,중상
2012042200100339,2012년 4월 22일 13시,일요일,대전광역시 서구 관저동,중상사고,0,1,1,0,차대차 - 측면직각충돌,신호위반,건조,맑음,교차로 - 교차로안,화물,남,35세,경상,원동기,남,19세,중상
2012042200100370,2012년 4월 22일 14시,일요일,대전광역시 중구 문화동,경상사고,0,0,4,0,차대차 - 기타,신호위반,건조,맑음,교차로 - 교차로안,기타불명,기타불명,기타불명,기타불명,승용,남,37세,경상
2012042200100398,2012년 4월 22일 15시,일요일,대전광역시 중구 태평동,중상사고,0,1,1,0,차대차 - 측면직각충돌,중앙선침범,건조,맑음,단일로 - 기타,승용,여,52세,상해없음,승용,남,45세,중상
2012042200100450,2012년 4월 22일 17시,일요일,대전광역시 서구 가수원동,경상사고,0,0,1,0,차대차 - 추돌 - 주정차중,안전운전불이행,건조,맑음,단일로 - 기타,승용,기타불명,기타불명,기타불명,승용,남,37세,경상
2012042200100660,2012년 4월 22일 23시,일요일,대전광역시 서구 내동,경상사고,0,0,1,0,차대차 - 측면직각충돌,안전운전불이행,습기,비,단일로 - 기타,승용,남,29세,상해없음,승용,남,34세,경상
2012042200100661,2012년 4월 22일 23시,일요일,대전광역시 서구 만년동,중상사고,0,1,0,0,차량단독 - 기타,안전운전불이행,건조,맑음,교차로 - 교차로부근,승용,남,43세,상해없음,,,,
2012042300100041,2012년 4월 23일 03시,월요일,대전광역시 서구 둔산동,경상사고,0,0,6,0,차대차 - 측면직각충돌,안전운전불이행,건조,맑음,교차로 - 교차로안,승용,남,54세,경상,승용,남,19세,경상
2012042300100062,2012년 4월 23일 05시,월요일,대전광역시 유성구 궁동,중상사고,0,2,1,0,차대차 - 정면충돌,안전운전불이행,건조,맑음,단일로 - 기타,승용,남,26세,중상,승용,남,32세,경상
2012042300100096,2012년 4월 23일 07시,월요일,대전광역시 중구 용두동,경상사고,0,0,1,0,차대차 - 측면직각충돌,안전운전불이행,건조,맑음,단일로 - 기타,화물,남,75세,상해없음,자전거,남,46세,경상
2012042300100131,2012년 4월 23일 08시,월요일,대전광역시 동구 가양동,경상사고,0,0,1,0,차대차 - 측면직각충돌,안전운전불이행,건조,맑음,교차로 - 교차로부근,승용,남,31세,상해없음,자전거,남,9세,경상
2012042300100155,2012년 4월 23일 09시,월요일,대전광역시 대덕구 읍내동,경상사고,0,0,2,0,차대차 - 측면직각충돌,안전거리미확보,건조,맑음,단일로 - 기타,화물,남,45세,상해없음,화물,남,54세,경상
2012042300100181,2012년 4월 23일 10시,월요일,대전광역시 중구 중촌동,중상사고,0,1,0,0,차대차 - 기타,안전운전불이행,건조,맑음,단일로 - 기타,승용,남,35세,상해없음,승용,여,57세,중상
2012042300100227,2012년 4월 23일 12시,월요일,대전광역시 서구 탄방동,경상사고,0,0,1,0,차대사람 - 보도통행중,안전운전불이행,건조,맑음,단일로 - 기타,승용,여,46세,상해없음,보행자,남,56세,경상
2012042300100255,2012년 4월 23일 13시,월요일,대전광역시 동구 용전동,경상사고,0,0,1,0,차대차 - 측면직각충돌,신호위반,건조,맑음,교차로 - 교차로부근,승용,남,50세,상해없음,승용,여,30세,경상
2012042300100331,2012년 4월 23일 15시,월요일,대전광역시 중구 옥계동,중상사고,0,1,1,0,차대차 - 추돌 - 주정차중,안전운전불이행,건조,맑음,교차로 - 교차로부근,승합,남,52세,상해없음,화물,남,53세,중상
2012042300100332,2012년 4월 23일 15시,월요일,대전광역시 서구 월평동,경상사고,0,0,1,0,차대차 - 측면직각충돌,안전운전불이행,건조,맑음,단일로 - 기타,승용,여,47세,상해없음,승용,남,32세,경상
2012042300100468,2012년 4월 23일 19시,월요일,대전광역시 서구 도마동,경상사고,0,0,1,0,차대차 - 추돌 - 진행중,안전운전불이행,건조,맑음,단일로 - 기타,승용,남,48세,상해없음,승용,남,55세,경상
2012042300100503,2012년 4월 23일 20시,월요일,대전광역시 동구 천동,중상사고,0,1,0,0,차대사람 - 차도통행중,안전운전불이행,건조,맑음,교차로 - 교차로안,승합,남,61세,상해없음,보행자,여,74세,중상
2012042300100504,2012년 4월 23일 20시,월요일,대전광역시 서구 갈마동,경상사고,0,0,2,0,차대차 - 추돌 - 주정차중,안전운전불이행,건조,맑음,교차로 - 교차로부근,승용,남,48세,상해없음,승용,여,23세,경상
2012042300100548,2012년 4월 23일 21시,월요일,대전광역시 유성구 반석동,경상사고,0,0,1,0,차대차 - 측면직각충돌,교차로운행방법위반,건조,맑음,교차로 - 교차로안,이륜,남,27세,경상,화물,남,44세,상해없음
2012042300100574,2012년 4월 23일 22시,월요일,대전광역시 대덕구 덕암동,중상사고,0,1,0,0,차대차 - 추돌 - 주정차중,안전운전불이행,건조,맑음,단일로 - 기타,승용,남,32세,상해없음,이륜,남,50세,중상
2012042400100028,2012년 4월 24일 01시,화요일,대전광역시 동구 소제동,경상사고,0,0,1,0,차대차 - 측면직각충돌,안전운전불이행,건조,맑음,단일로 - 기타,승용,남,22세,경상,승용,여,50세,기타불명