사고번호,사고일시,요일,시군구,사고내용,사망자수,중상자수,경상자수,부상신고자수,사고유형,법규위반,노면상태,기상상태,도로형태,가해운전자 차종,가해운전자 성별,가해운전자 연령,가해운전자 상해정도,피해운전자 차종,피해운전자 성별,피해운전자 연령,피해운전자 상해정도
2012050100100263,2012년 5월 1일 11시,화요일,대전광역시 동구 중동,중상사고,0,2,1,0,차량단독 - 기타,안전운전불이행,건조,맑음,단일로 - 기타,승합,남,47세,상해없음,,,,
2012050100100264,2012년 5월 1일 11시,화요일,대전광역시 서구 변동,중상사고,0,1,0,0,차대사람 - 보도통행중,보행자보호의무위반,건조,맑음,단일로 - 횡단보도상,화물,남,30세,상해없음,보행자,여,64세,중상
2012050100100300,2012년 5월 1일 12시,화요일,대전광역시 중구 선화동,경상사고,0,0,2,0,차대차 - 추돌 - 주정차중,안전운전불이행,건조,맑음,단일로 - 기타,승용,여,48세,상해없음,승용,남,30세,경상
2012050100100338,2012년 5월 1일 13시,화요일,대전광역시 동구 삼성동,중상사고,0,1,0,0,차대사람 - 횡단중,중앙선침범,건조,맑음,교차로 - 교차로안,승용,남,70세,상해없음,보행자,여,86세,중상
2012050100100503,2012년 5월 1일 17시,화요일,대전광역시 동구 세천동,경상사고,0,0,1,0,차대사람 - 횡단중,안전운전불이행,건조,맑음,단일로 - 횡단보도상,화물,남,64세,상해없음,보행자,남,20세,경상
2012050100100645,2012년 5월 1일 20시,화요일,대전광역시 동구 구도동,경상사고,0,0,1,0,차대차 - 측면직각충돌,안전거리미확보,습기,흐림,교차로 - 교차로부근,승용,남,41세,상해없음,승용,남,26세,경상
2012050100100689,2012년 5월 1일 21시,화요일,대전광역시 서구 도마동,중상사고,0,1,1,0,차대차 - 측면직각충돌,신호위반,건조,맑음,교차로 - 교차로안,승합,남,38세,상해없음,승용,남,44세,경상
2012050100100690,2012년 5월 1일 21시,화요일,대전광역시 유성구 방동,사망사고,2,1,0,0,차대차 - 정면충돌,중앙선침범,건조,맑음,단일로 - 기타,승용,남,46세,사망,승용,여,50세,중상
2012050100100714,2012년 5월 1일 22시,화요일,대전광역시 대덕구 읍내동,경상사고,0,0,1,0,차대차 - 기타,안전운전불이행,건조,맑음,단일로 - 기타,기타불명,기타불명,기타불명,기타불명,승용,남,35세,상해없음
2012050100100732,2012년 5월 1일 22시,화요일,대전광역시 유성구 원내동,중상사고,0,2,0,0,차대차 - 측면직각충돌,신호위반,건조,흐림,교차로 - 교차로안,화물,남,59세,상해없음,승용,남,51세,중상
2012050200100196,2012년 5월 2일 08시,수요일,대전광역시 중구 산성동,경상사고,0,0,1,0,차대차 - 측면직각충돌,신호위반,습기,비,교차로 - 교차로안,승용,여,26세,상해없음,이륜,남,74세,경상
2012050200100197,2012년 5월 2일 08시,수요일,대전광역시 중구 대사동,경상사고,0,0,1,0,차대사람 - 길가장자리구역통행중,안전운전불이행,건조,맑음,단일로 - 기타,승용,남,63세,상해없음,보행자,남,47세,경상
2012050200100198,2012년 5월 2일 08시,수요일,대전광역시 서구 괴정동,경상사고,0,0,1,0,차대사람 - 기타,안전운전불이행,습기,비,단일로 - 기타,승용,남,26세,상해없음,보행자,여,63세,경상
2012050200100199,2012년 5월 2일 08시,수요일,대전광역시 대덕구 법동,경상사고,0,0,1,0,차대차 - 추돌 - 주정차중,안전운전불이행,건조,맑음,교차로 - 교차로부근,승용,남,54세,상해없음,승용,여,25세,경상
2012050200100228,2012년 5월 2일 09시,수요일,대전광역시 서구 정림동,중상사고,0,1,0,0,차대사람 - 횡단중,신호위반,건조,맑음,교차로 - 교차로안,승용,여,35세,상해없음,보행자,여,18세,중상
2012050200100310,2012년 5월 2일 12시,수요일,대전광역시 서구 갈마동,중상사고,0,1,0,0,차량단독 - 기타,기타,건조,맑음,단일로 - 기타,승합,남,51세,상해없음,,,,
2012050200100397,2012년 5월 2일 14시,수요일,대전광역시 중구 문화동,경상사고,0,0,1,0,차대차 - 측면직각충돌,안전운전불이행,건조,맑음,교차로 - 교차로부근,승용,남,46세,상해없음,승용,남,37세,경상
2012050200100446,2012년 5월 2일 15시,수요일,대전광역시 동구 자양동,경상사고,0,0,1,0,차대차 - 기타,안전운전불이행,건조,맑음,단일로 - 기타,특수,남,47세,상해없음,원동기,남,22세,경상
2012050200100589,2012년 5월 2일 19시,수요일,대전광역시 동구 낭월동,부상신고사고,0,0,0,1,차대차 - 측면직각충돌,신호위반,건조,맑음,교차로 - 교차로안,화물,남,42세,상해없음,승용,여,55세,부상신고
2012050200100590,2012년 5월 2일 19시,수요일,대전광역시 서구 탄방동,경상사고,0,0,1,0,차대차 - 측면직각충돌,안전운전불이행,건조,맑음,단일로 - 기타,승용,남,27세,상해없음,승용,남,44세,경상
2012050200100627,2012년 5월 2일 20시,수요일,대전광역시 유성구 궁동,경상사고,0,0,2,0,차대차 - 정면충돌,신호위반,건조,맑음,교차로 - 교차로안,승용,남,71세,상해없음,승용,여,55세,경상
2012050200100654,2012년 5월 2일 21시,수요일,대전광역시 중구 선화동,경상사고,0,0,1,0,차대차 - 기타,안전운전불이행,건조,맑음,단일로 - 기타,승용,기타불명,기타불명,기타불명,승용,남,49세,경상
2012050300100024,2012년 5월 3일 00시,목요일,대전광역시 동구 삼성동,경상사고,0,0,3,0,차대차 - 추돌 - 주정차중,안전운전불이행,건조,맑음,교차로 - 교차로부근,승용,남,45세,상해없음,승용,남,60세,경상
2012050300100058,2012년 5월 3일 02시,목요일,대전광역시 중구 오류동,경상사고,0,0,3,0,차대차 - 측면직각충돌,신호위반,건조,맑음,교차로 - 교차로안,승용,남,52세,상해없음,승용,여,57세,경상
2012050300100075,2012년 5월 3일 04시,목요일,대전광역시 동구 낭월동,경상사고,0,0,1,0,차대차 - 측면직각충돌,신호위반,건조,맑음,교차로 - 교차로안,승용,남,21세,상해없음,승합,남,30세,경상
2012050300100291,2012년 5월 3일 13시,목요일,대전광역시 유성구 원내동,경상사고,0,0,1,0,차대차 - 기타,신호위반,건조,맑음,교차로 - 교차로안,승합,남,25세,상해없음,승용,여,35세,경상
2012050300100320,2012년 5월 3일 14시,목요일,대전광역시 동구 용전동,중상사고,0,1,1,1,차대차 - 추돌 - 주정차중,안전운전불이행,건조,맑음,단일로 - 기타,승용,남,77세,중상,승용,여,51세,경상
2012050300100393,2012년 5월 3일 16시,목요일,대전광역시 동구 가양동,경상사고,0,0,2,0,차대차 - 기타,안전운전불이행,건조,맑음,교차로 - 교차로안,승용,여,42세,상해없음,자전거,여,12세,경상
2012050300100394,2012년 5월 3일 16시,목요일,대전광역시 동구 용운동,중상사고,0,1,0,0,차량단독 - 전도전복,안전운전불이행,건조,맑음,단일로 - 기타,원동기,남,55세,중상,,,,
2012050300100434,2012년 5월 3일 17시,목요일,대전광역시 대덕구 법동,중상사고,0,1,0,0,차대차 - 측면직각충돌,안전운전불이행,건조,맑음,교차로 - 교차로안,승용,여,68세,상해없음,원동기,남,81세,중상
2012050300100480,2012년 5월 3일 18시,목요일,대전광역시 동구 자양동,경상사고,0,0,2,0,차대차 - 측면직각충돌,직진우회전진행방해,건조,맑음,교차로 - 교차로안,화물,남,56세,상해없음,승용,남,32세,상해없음
2012050300100481,2012년 5월 3일 18시,목요일,대전광역시 유성구 봉명동,경상사고,0,0,1,0,차대차 - 측면직각충돌,안전운전불이행,건조,맑음,교차로 - 교차로부근,건설기계,기타불명,기타불명,기타불명,승용,남,49세,경상
2012050300100547,2012년 5월 3일 20시,목요일,대전광역시 유성구 봉명동,중상사고,0,1,0,0,차대차 - 측면직각충돌,안전거리미확보,건조,맑음,단일로 - 기타,화물,기타불명,기타불명,기타불명,이륜,남,49세,중상
2012050300100601,2012년 5월 3일 22시,목요일,대전광역시 유성구 봉명동,중상사고,0,1,3,0,차대차 - 기타,안전운전불이행,건조,맑음,교차로 - 교차로부근,승용,여,39세,상해없음,승용,여,46세,경상
2012050400100028,2012년 5월 4일 00시,금요일,대전광역시 서구 용문동,경상사고,0,0,1,0,차대차 - 측면직각충돌,안전거리미확보,건조,맑음,단일로 - 기타,승용,남,23세,상해없음,승용,남,47세,경상
2012050400100040,2012년 5월 4일 01시,금요일,대전광역시 대덕구 오정동,중상사고,0,1,0,0,차대차 - 측면직각충돌,안전운전불이행,건조,맑음,단일로 - 기타,승용,남,27세,상해없음,자전거,남,32세,중상
2012050400100217,2012년 5월 4일 09시,금요일,대전광역시 동구 가양동,경상사고,0,0,2,0,차대차 - 추돌 - 주정차중,안전거리미확보,건조,맑음,단일로 - 기타,승용,남,50세,상해없음,승용,여,27세,경상
2012050400100274,2012년 5월 4일 11시,금요일,대전광역시 유성구 봉명동,경상사고,0,0,1,0,차대차 - 측면직각충돌,안전거리미확보,건조,맑음,단일로 - 기타,승용,남,23세,상해없음,승용,남,51세,경상
2012050400100375,2012년 5월 4일 14시,금요일,대전광역시 서구 도마동,경상사고,0,0,1,0,차대사람 - 횡단중,보행자보호의무위반,건조,맑음,단일로 - 횡단보도상,승용,여,31세,상해없음,보행자,남,7세,경상
2012050400100376,2012년 5월 4일 14시,금요일,대전광역시 대덕구 오정동,중상사고,0,1,0,0,차대차 - 측면직각충돌,신호위반,건조,맑음,교차로 - 교차로안,승용,남,64세,상해없음,이륜,남,54세,중상
2012050400100377,2012년 5월 4일 14시,금요일,대전광역시 유성구 장대동,중상사고,0,1,0,0,차대사람 - 횡단중,안전운전불이행,건조,맑음,단일로 - 기타,승용,남,49세,상해없음,보행자,남,13세,중상
2012050400100427,2012년 5월 4일 16시,금요일,대전광역시 유성구 방동,경상사고,0,0,1,0,차대차 - 추돌 - 진행중,안전운전불이행,건조,맑음,단일로 - 기타,화물,남,42세,상해없음,화물,남,53세,경상
2012050400100453,2012년 5월 4일 16시,금요일,대전광역시 동구 가양동,경상사고,0,0,1,0,차대차 - 측면직각충돌,안전운전불이행,건조,맑음,교차로 - 교차로부근,승용,남,61세,상해없음,이륜,남,25세,경상
2012050400100490,2012년 5월 4일 17시,금요일,대전광역시 유성구 신성동,경상사고,0,0,1,0,차대차 - 측면직각충돌,안전운전불이행,건조,맑음,단일로 - 기타,승용,남,24세,상해없음,승용,남,35세,경상
2012050400100532,2012년 5월 4일 18시,금요일,대전광역시 중구 목동,중상사고,0,1,0,0,차대사람 - 기타,안전운전불이행,건조,맑음,단일로 - 기타,기타불명,기타불명,기타불명,기타불명,보행자,여,12세,중상
2012050400100533,2012년 5월 4일 18시,금요일,대전광역시 대덕구 오정동,중상사고,0,1,0,0,차대사람 - 기타,안전운전불이행,건조,맑음,교차로 - 교차로부근,승용,남,49세,상해없음,보행자,여,21세,중상
2012050400100717,2012년 5월 4일 23시,금요일,대전광역시 서구 괴정동,경상사고,0,0,1,0,차대차 - 측면직각충돌,안전운전불이행,건조,맑음,교차로 - 교차로부근,승합,여,50세,상해없음,승용,남,29세,경상
2012050500100079,2012년 5월 5일 02시,토요일,대전광역시 서구 월평동,경상사고,0,0,1,0,차대차 - 측면직각충돌,신호위반,건조,맑음,교차로 - 교차로안,화물,남,30세,상해없음,승용,남,41세,경상
2012050500100181,2012년 5월 5일 08시,토요일,대전광역시 서구 용문동,중상사고,0,1,0,0,차대사람 - 차도통행중,안전운전불이행,건조,맑음,단일로 - 기타,승용,여,52세,상해없음,보행자,여,79세,중상
2012050500100230,2012년 5월 5일 10시,토요일,대전광역시 중구 침산동,중상사고,0,1,0,0,차대차 - 기타,안전운전불이행,건조,맑음,단일로 - 기타,승용,남,47세,상해없음,승합,여,49세,상해없음
2012050500100255,2012년 5월 5일 11시,토요일,대전광역시 중구 오류동,중상사고,0,1,0,0,차대사람 - 횡단중,안전운전불이행,건조,맑음,교차로 - 교차로부근,승용,여,44세,상해없음,보행자,여,72세,중상
2012050500100256,2012년 5월 5일 11시,토요일,대전광역시 서구 용문동,경상사고,0,0,1,0,차대차 - 측면직각충돌,안전거리미확보,건조,맑음,교차로 - 교차로부근,승용,남,51세,상해없음,승용,여,48세,경상
2012050500100338,2012년 5월 5일 13시,토요일,대전광역시 동구 대성동,경상사고,0,0,1,0,차대사람 - 횡단중,안전운전불이행,건조,맑음,단일로 - 횡단보도부근,화물,기타불명,기타불명,기타불명,보행자,여,12세,경상
2012050500100406,2012년 5월 5일 15시,토요일,대전광역시 서구 갈마동,경상사고,0,0,1,0,차대사람 - 기타,안전운전불이행,건조,맑음,단일로 - 기타,승용,남,42세,상해없음,보행자,남,11세,경상
2012050500100564,2012년 5월 5일 19시,토요일,대전광역시 서구 둔산동,경상사고,0,0,1,0,차대차 - 측면직각충돌,안전운전불이행,건조,맑음,기타 - 기타,자전거,남,46세,상해없음,자전거,남,21세,경상
2012050500100681,2012년 5월 5일 22시,토요일,대전광역시 동구 대동,경상사고,0,0,2,0,차대차 - 추돌 - 진행중,안전거리미확보,건조,맑음,단일로 - 기타,승용,남,38세,상해없음,승용,남,34세,경상
2012050500100682,2012년 5월 5일 22시,토요일,대전광역시 동구 판암동,경상사고,0,0,2,2,차대차 - 측면직각충돌,안전운전불이행,건조,맑음,단일로 - 기타,승용,남,60세,상해없음,승용,남,59세,경상
2012050600100023,2012년 5월 6일 00시,일요일,대전광역시 서구 탄방동,중상사고,0,1,0,0,차대사람 - 보도통행중,안전운전불이행,건조,맑음,교차로 - 교차로안,승용,남,46세,상해없음,보행자,남,27세,중상
2012050600100067,2012년 5월 6일 03시,일요일,대전광역시 대덕구 중리동,경상사고,0,0,1,0,차대차 - 측면직각충돌,신호위반,건조,맑음,단일로 - 기타,승용,남,36세,상해없음,승용,남,27세,경상
2012050600100068,2012년 5월 6일 03시,일요일,대전광역시 서구 둔산동,경상사고,0,0,2,0,차대사람 - 보도통행중,안전운전불이행,건조,맑음,단일로 - 기타,승용,남,21세,상해없음,보행자,남,22세,경상
2012050600100228,2012년 5월 6일 12시,일요일,대전광역시 중구 대사동,경상사고,0,0,1,0,차대차 - 추돌 - 주정차중,안전운전불이행,건조,맑음,단일로 - 기타,승용,남,52세,상해없음,승용,남,62세,경상
2012050600100271,2012년 5월 6일 13시,일요일,대전광역시 서구 가수원동,중상사고,0,1,0,0,차대차 - 기타,안전운전불이행,건조,맑음,단일로 - 기타,승용,여,26세,상해없음,이륜,남,40세,중상
2012050600100337,2012년 5월 6일 15시,일요일,대전광역시 동구 중동,경상사고,0,0,3,0,차대차 - 측면직각충돌,안전운전불이행,건조,맑음,단일로 - 기타,승용,여,52세,상해없음,승용,여,44세,경상
2012050600100401,2012년 5월 6일 17시,일요일,대전광역시 중구 태평동,경상사고,0,0,1,0,차대사람 - 횡단중,안전운전불이행,건조,맑음,단일로 - 기타,승용,여,39세,상해없음,보행자,여,13세,경상
2012050600100434,2012년 5월 6일 18시,일요일,대전광역시 동구 낭월동,경상사고,0,0,1,0,차대차 - 측면직각충돌,안전운전불이행,건조,맑음,교차로 - 교차로부근,승용,남,39세,상해없음,승합,남,23세,경상
2012050600100435,2012년 5월 6일 18시,일요일,대전광역시 대덕구 송촌동,경상사고,0,0,1,0,차대사람 - 횡단중,안전운전불이행,건조,맑음,교차로 - 교차로부근,이륜,남,20세,상해없음,보행자,여,6세,경상
2012050600100462,2012년 5월 6일 19시,일요일,대전광역시 중구 산성동,경상사고,0,0,1,0,차대사람 - 횡단중,안전운전불이행,건조,맑음,교차로 - 교차로부근,승용,기타불명,기타불명,기타불명,보행자,여,12세,경상
2012050600100563,2012년 5월 6일 22시,일요일,대전광역시 서구 둔산동,경상사고,0,0,1,0,차대차 - 측면직각충돌,안전거리미확보,건조,맑음,단일로 - 기타,승용,남,32세,기타불명,승용,남,43세,경상
2012050700100029,2012년 5월 7일 01시,월요일,대전광역시 동구 홍도동,중상사고,0,1,0,0,차량단독 - 공작물충돌,안전운전불이행,건조,맑음,단일로 - 교량,원동기,남,23세,상해없음,,,,
2012050700100048,2012년 5월 7일 03시,월요일,대전광역시 중구 문화동,중상사고,0,1,1,0,차대차 - 정면충돌,신호위반,건조,맑음,교차로 - 교차로안,원동기,남,19세,상해없음,승용,남,56세,상해없음
2012050700100074,2012년 5월 7일 06시,월요일,대전광역시 대덕구 오정동,경상사고,0,0,1,0,차대사람 - 길가장자리구역통행중,안전운전불이행,건조,맑음,단일로 - 기타,화물,남,36세,상해없음,보행자,남,38세,경상
2012050700100169,2012년 5월 7일 09시,월요일,대전광역시 대덕구 중리동,중상사고,0,1,0,0,차대사람 - 기타,안전운전불이행,건조,맑음,단일로 - 기타,승합,남,59세,상해없음,보행자,남,36세,중상
2012050700100170,2012년 5월 7일 09시,월요일,대전광역시 유성구 봉명동,중상사고,0,1,0,0,차대사람 - 횡단중,중앙선침범,건조,맑음,교차로 - 교차로부근,승용,여,53세,상해없음,보행자,여,53세,중상
2012050700100219,2012년 5월 7일 11시,월요일,대전광역시 유성구 탑립동,중상사고,0,2,2,0,차대차 - 추돌 - 주정차중,안전운전불이행,건조,맑음,단일로 - 기타,화물,남,55세,상해없음,승용,남,53세,중상
2012050700100253,2012년 5월 7일 12시,월요일,대전광역시 중구 유천동,경상사고,0,0,1,0,차대차 - 측면직각충돌,안전운전불이행,건조,맑음,교차로 - 교차로안,승용,여,43세,상해없음,승합,남,53세,경상
2012050700100254,2012년 5월 7일 12시,월요일,대전광역시 동구 용전동,경상사고,0,0,2,0,차대차 - 측면직각충돌,안전운전불이행,건조,맑음,단일로 - 기타,화물,남,57세,상해없음,승합,남,65세,경상
2012050700100377,2012년 5월 7일 16시,월요일,대전광역시 중구 선화동,경상사고,0,0,1,0,차대사람 - 횡단중,안전운전불이행,건조,맑음,교차로 - 교차로안,화물,남,47세,상해없음,보행자,남,44세,경상
2012050700100418,2012년 5월 7일 17시,월요일,대전광역시 중구 태평동,경상사고,0,0,1,0,차대차 - 측면직각충돌,안전거리미확보,건조,맑음,교차로 - 교차로부근,승용,여,44세,상해없음,원동기,남,41세,경상
2012050700100419,2012년 5월 7일 17시,월요일,대전광역시 유성구 도룡동,중상사고,0,1,0,0,차량단독 - 기타,기타,건조,맑음,단일로 - 기타,승합,남,51세,상해없음,,,,
2012050700100489,2012년 5월 7일 19시,월요일,대전광역시 동구 가양동,경상사고,0,0,2,0,차대차 - 측면직각충돌,안전거리미확보,건조,맑음,단일로 - 기타,승용,남,72세,상해없음,승용,여,27세,경상
2012050700100490,2012년 5월 7일 19시,월요일,대전광역시 대덕구 오정동,경상사고,0,0,1,0,차대차 - 추돌 - 진행중,안전운전불이행,건조,맑음,단일로 - 기타,승용,남,47세,상해없음,자전거,남,29세,경상
2012050700100542,2012년 5월 7일 20시,월요일,대전광역시 동구 용전동,경상사고,0,0,2,0,차대차 - 측면직각충돌,신호위반,건조,맑음,교차로 - 교차로안,승용,여,29세,상해없음,승용,남,64세,경상
2012050700100543,2012년 5월 7일 20시,월요일,대전광역시 동구 신흥동,경상사고,0,0,1,0,차대차 - 측면직각충돌,안전운전불이행,건조,맑음,단일로 - 기타,승용,남,32세,상해없음,승용,여,51세,경상
2012050700100544,2012년 5월 7일 20시,월요일,대전광역시 서구 둔산동,경상사고,0,0,5,0,차대차 - 측면직각충돌,신호위반,건조,맑음,교차로 - 교차로안,승용,남,49세,상해없음,승용,남,43세,경상
2012050700100572,2012년 5월 7일 21시,월요일,대전광역시 유성구 지족동,경상사고,0,0,2,0,차대차 - 추돌 - 진행중,안전운전불이행,건조,맑음,교차로 - 교차로부근,승용,남,61세,상해없음,승용,남,43세,경상
2012050700100604,2012년 5월 7일 22시,월요일,대전광역시 중구 중촌동,경상사고,0,0,2,0,차대차 - 추돌 - 주정차중,안전운전불이행,건조,맑음,단일로 - 기타,승용,남,37세,상해없음,승용,남,43세,경상
2012050800100027,2012년 5월 8일 01시,화요일,대전광역시 중구 선화동,중상사고,0,1,0,0,차대차 - 추돌 - 주정차중,안전운전불이행,건조,맑음,단일로 - 기타,승용,남,35세,상해없음,승용,남,21세,중상
2012050800100043,2012년 5월 8일 03시,화요일,대전광역시 중구 유천동,중상사고,0,1,0,0,차대차 - 추돌 - 주정차중,안전운전불이행,건조,맑음,단일로 - 기타,승용,남,59세,상해없음,승용,남,45세,중상
2012050800100067,2012년 5월 8일 06시,화요일,대전광역시 중구 유천동,중상사고,0,1,1,0,차대차 - 측면직각충돌,신호위반,건조,맑음,단일로 - 기타,화물,남,68세,중상,승용,남,54세,경상
2012050800100096,2012년 5월 8일 07시,화요일,대전광역시 동구 중동,경상사고,0,0,1,0,차대차 - 측면직각충돌,안전거리미확보,건조,맑음,단일로 - 기타,화물,남,55세,상해없음,승용,여,42세,경상
2012050800100195,2012년 5월 8일 10시,화요일,대전광역시 서구 용문동,경상사고,0,0,1,0,차대사람 - 기타,안전운전불이행,건조,맑음,단일로 - 기타,승용,남,46세,상해없음,보행자,남,25세,경상
2012050800100243,2012년 5월 8일 12시,화요일,대전광역시 중구 호동,중상사고,0,1,0,0,차대차 - 측면직각충돌,안전거리미확보,건조,맑음,단일로 - 기타,승용,여,63세,상해없음,승용,남,56세,중상
2012050800100244,2012년 5월 8일 12시,화요일,대전광역시 동구 용전동,경상사고,0,0,3,0,차대차 - 추돌 - 주정차중,안전운전불이행,건조,맑음,교차로 - 교차로부근,승용,여,34세,상해없음,승용,남,28세,경상
2012050800100298,2012년 5월 8일 14시,화요일,대전광역시 중구 목동,중상사고,0,1,3,0,차대차 - 추돌 - 주정차중,안전운전불이행,건조,맑음,단일로 - 기타,승용,남,54세,상해없음,승용,여,27세,경상
2012050800100299,2012년 5월 8일 14시,화요일,대전광역시 동구 자양동,경상사고,0,0,1,0,차대차 - 측면직각충돌,안전운전불이행,건조,맑음,단일로 - 기타,승용,여,46세,상해없음,원동기,남,43세,경상
2012050800100380,2012년 5월 8일 16시,화요일,대전광역시 서구 가수원동,경상사고,0,0,3,0,차대차 - 추돌 - 진행중,안전거리미확보,건조,기타,교차로 - 교차로안,승용,남,64세,상해없음,승용,여,49세,경상
2012050800100593,2012년 5월 8일 21시,화요일,대전광역시 서구 관저동,경상사고,0,0,1,0,차대사람 - 횡단중,안전운전불이행,건조,맑음,단일로 - 기타,원동기,남,16세,상해없음,보행자,남,50세,경상
2012050800100623,2012년 5월 8일 22시,화요일,대전광역시 대덕구 송촌동,경상사고,0,0,1,0,차대차 - 측면직각충돌,교차로운행방법위반,건조,맑음,교차로 - 교차로안,승용,남,56세,상해없음,이륜,남,18세,경상
2012050800100649,2012년 5월 8일 23시,화요일,대전광역시 동구 판암동,중상사고,0,1,0,0,차대차 - 측면직각충돌,차로위반,건조,맑음,교차로 - 교차로부근,승용,남,50세,상해없음,원동기,남,29세,중상
2012050900100026,2012년 5월 9일 01시,수요일,대전광역시 대덕구 신탄진동,경상사고,0,0,4,0,차대차 - 추돌 - 주정차중,안전운전불이행,건조,맑음,교차로 - 교차로안,승용,남,31세,상해없음,승용,여,23세,경상
2012050900100063,2012년 5월 9일 06시,수요일,대전광역시 중구 유천동,경상사고,0,0,1,0,차대사람 - 횡단중,안전운전불이행,건조,맑음,교차로 - 교차로안,승용,여,54세,상해없음,보행자,여,38세,경상
2012050900100193,2012년 5월 9일 10시,수요일,대전광역시 대덕구 신탄진동,경상사고,0,0,1,1,차대차 - 정면충돌,중앙선침범,건조,맑음,단일로 - 기타,승용,남,50세,상해없음,승용,여,52세,경상
2012050900100224,2012년 5월 9일 11시,수요일,대전광역시 중구 중촌동,경상사고,0,0,2,0,차대차 - 추돌 - 주정차중,안전거리미확보,건조,맑음,교차로 - 교차로부근,승용,남,42세,상해없음,승용,여,29세,경상
2012050900100225,2012년 5월 9일 11시,수요일,대전광역시 대덕구 법동,경상사고,0,0,1,0,차대사람 - 기타,기타,건조,맑음,단일로 - 기타,승합,남,57세,상해없음,보행자,여,52세,경상
2012050900100260,2012년 5월 9일 12시,수요일,대전광역시 서구 내동,경상사고,0,0,1,0,차대차 - 측면직각충돌,신호위반,건조,맑음,교차로 - 교차로안,승용,여,50세,상해없음,원동기,여,41세,경상
2012050900100349,2012년 5월 9일 15시,수요일,대전광역시 유성구 지족동,중상사고,0,1,1,0,차대차 - 기타,안전운전불이행,건조,맑음,기타 - 기타,승용,남,69세,상해없음,원동기,남,73세,경상
2012050900100378,2012년 5월 9일 16시,수요일,대전광역시 유성구 관평동,중상사고,0,1,0,0,차대차 - 기타,신호위반,건조,맑음,교차로 - 교차로안,승용,남,54세,상해없음,원동기,남,37세,중상
2012050900100410,2012년 5월 9일 17시,수요일,대전광역시 동구 용전동,중상사고,0,1,0,0,차대차 - 측면직각충돌,안전운전불이행,건조,맑음,교차로 - 교차로안,승용,남,46세,상해없음,이륜,여,19세,중상
2012050900100411,2012년 5월 9일 17시,수요일,대전광역시 서구 관저동,경상사고,0,0,1,0,차대차 - 추돌 - 진행중,안전운전불이행,건조,맑음,단일로 - 기타,화물,남,38세,상해없음,승용,여,51세,경상
2012050900100451,2012년 5월 9일 18시,수요일,대전광역시 중구 선화동,경상사고,0,0,1,0,차대차 - 측면직각충돌,교차로운행방법위반,건조,맑음,교차로 - 교차로안,승합,남,40세,상해없음,승용,여,52세,경상
2012050900100452,2012년 5월 9일 18시,수요일,대전광역시 동구 인동,경상사고,0,0,1,0,차대차 - 측면직각충돌,안전운전불이행,건조,맑음,단일로 - 기타,승용,여,52세,상해없음,자전거,여,8세,경상
2012050900100532,2012년 5월 9일 20시,수요일,대전광역시 대덕구 법동,경상사고,0,0,1,0,차대차 - 측면직각충돌,안전거리미확보,건조,맑음,교차로 - 교차로부근,승용,남,44세,상해없음,이륜,남,19세,경상
2012050900100573,2012년 5월 9일 21시,수요일,대전광역시 유성구 외삼동,경상사고,0,0,3,0,차대차 - 추돌 - 진행중,안전운전불이행,건조,맑음,단일로 - 기타,승용,남,21세,경상,승용,여,31세,경상
2012050900100612,2012년 5월 9일 23시,수요일,대전광역시 서구 도마동,경상사고,0,0,1,0,차대차 - 측면직각충돌,안전운전불이행,건조,맑음,교차로 - 교차로부근,승용,기타불명,기타불명,기타불명,이륜,남,28세,경상
2012051000100022,2012년 5월 10일 00시,목요일,대전광역시 서구 도마동,경상사고,0,0,1,0,차대차 - 측면직각충돌,안전운전불이행,건조,맑음,단일로 - 기타,화물,남,52세,상해없음,승용,남,51세,경상
2012051000100071,2012년 5월 10일 03시,목요일,대전광역시 서구 용문동,중상사고,0,1,0,0,차대사람 - 길가장자리구역통행중,안전운전불이행,건조,맑음,단일로 - 기타,승용,기타불명,기타불명,기타불명,보행자,남,28세,중상
2012051000100105,2012년 5월 10일 06시,목요일,대전광역시 유성구 봉명동,중상사고,0,1,0,0,차대차 - 측면직각충돌,교차로운행방법위반,건조,맑음,교차로 - 교차로안,승용,남,61세,상해없음,승용,남,32세,상해없음
2012051000100133,2012년 5월 10일 07시,목요일,대전광역시 중구 유천동,경상사고,0,0,1,0,차대차 - 추돌 - 진행중,안전운전불이행,건조,맑음,단일로 - 기타,승용,여,23세,상해없음,승용,여,27세,경상
2012051000100134,2012년 5월 10일 07시,목요일,대전광역시 동구 세천동,경상사고,0,0,1,0,차대차 - 기타,신호위반,건조,맑음,교차로 - 교차로안,화물,기타불명,기타불명,기타불명,화물,남,59세,상해없음
2012051000100236,2012년 5월 10일 10시,목요일,대전광역시 중구 대흥동,사망사고,1,0,0,0,차대차 - 측면직각충돌,중앙선침범,건조,맑음,단일로 - 기타,이륜,남,73세,사망,승용,남,56세,상해없음
2012051000100262,2012년 5월 10일 11시,목요일,대전광역시 서구 탄방동,중상사고,0,1,0,0,차대사람 - 횡단중,안전운전불이행,건조,맑음,단일로 - 기타,승용,여,57세,상해없음,보행자,여,70세,중상
2012051000100377,2012년 5월 10일 15시,목요일,대전광역시 유성구 봉명동,중상사고,0,1,0,0,차대사람 - 기타,안전운전불이행,건조,맑음,단일로 - 기타,승용,기타불명,기타불명,기타불명,보행자,여,62세,중상
2012051000100411,2012년 5월 10일 16시,목요일,대전광역시 중구 문화동,중상사고,0,1,0,0,차대차 - 기타,차로위반,건조,맑음,단일로 - 기타,화물,남,55세,상해없음,이륜,남,70세,중상