사고번호,사고일시,요일,시군구,사고내용,사망자수,중상자수,경상자수,부상신고자수,사고유형,법규위반,노면상태,기상상태,도로형태,가해운전자 차종,가해운전자 성별,가해운전자 연령,가해운전자 상해정도,피해운전자 차종,피해운전자 성별,피해운전자 연령,피해운전자 상해정도
2012051800100103,2012년 5월 18일 07시,금요일,대전광역시 대덕구 송촌동,중상사고,0,2,0,0,차대차 - 추돌 - 주정차중,안전운전불이행,건조,맑음,단일로 - 기타,승용,여,43세,상해없음,승용,남,38세,상해없음
2012051800100234,2012년 5월 18일 10시,금요일,대전광역시 동구 판암동,중상사고,0,1,0,0,차대차 - 측면직각충돌,중앙선침범,건조,맑음,교차로 - 교차로부근,원동기,여,54세,중상,승용,남,42세,상해없음
2012051800100235,2012년 5월 18일 10시,금요일,대전광역시 서구 월평동,중상사고,0,1,0,0,차대사람 - 기타,안전운전불이행,건조,맑음,단일로 - 기타,승용,남,55세,상해없음,보행자,여,62세,중상
2012051800100292,2012년 5월 18일 12시,금요일,대전광역시 대덕구 신탄진동,중상사고,0,1,0,0,차대사람 - 기타,안전운전불이행,건조,맑음,단일로 - 기타,승용,남,32세,상해없음,보행자,남,57세,중상
2012051800100331,2012년 5월 18일 13시,금요일,대전광역시 중구 목동,중상사고,0,1,0,0,차대차 - 측면직각충돌,중앙선침범,건조,맑음,단일로 - 기타,승용,남,58세,상해없음,승용,여,39세,중상
2012051800100361,2012년 5월 18일 14시,금요일,대전광역시 동구 용전동,경상사고,0,0,1,0,차대차 - 기타,차로위반,건조,맑음,단일로 - 기타,승용,남,36세,상해없음,원동기,남,42세,경상
2012051800100362,2012년 5월 18일 14시,금요일,대전광역시 유성구 도룡동,경상사고,0,0,1,0,차대사람 - 횡단중,안전운전불이행,건조,맑음,단일로 - 기타,승용,여,38세,상해없음,보행자,여,12세,경상
2012051800100395,2012년 5월 18일 15시,금요일,대전광역시 서구 도마동,중상사고,0,1,0,0,차대사람 - 기타,안전운전불이행,건조,맑음,교차로 - 교차로안,승용,여,45세,상해없음,보행자,여,53세,중상
2012051800100396,2012년 5월 18일 15시,금요일,대전광역시 대덕구 장동,경상사고,0,0,1,0,차대사람 - 보도통행중,안전운전불이행,건조,맑음,단일로 - 기타,승용,기타불명,기타불명,기타불명,보행자,남,16세,경상
2012051800100528,2012년 5월 18일 18시,금요일,대전광역시 중구 부사동,경상사고,0,0,1,0,차대사람 - 횡단중,안전운전불이행,건조,맑음,단일로 - 기타,이륜,남,54세,상해없음,보행자,여,12세,경상
2012051800100529,2012년 5월 18일 18시,금요일,대전광역시 동구 성남동,경상사고,0,0,1,0,차대차 - 측면직각충돌,교차로운행방법위반,건조,맑음,교차로 - 교차로안,승용,남,83세,상해없음,자전거,남,7세,경상
2012051800100543,2012년 5월 18일 19시,금요일,대전광역시 동구 삼괴동,경상사고,0,0,3,0,차대차 - 측면직각충돌,안전운전불이행,건조,맑음,단일로 - 기타,승용,남,46세,상해없음,승합,남,35세,경상
2012051800100563,2012년 5월 18일 19시,금요일,대전광역시 중구 은행동,중상사고,0,1,1,1,차대사람 - 횡단중,안전운전불이행,건조,맑음,단일로 - 기타,승용,남,21세,상해없음,보행자,여,30세,중상
2012051800100564,2012년 5월 18일 19시,금요일,대전광역시 동구 자양동,부상신고사고,0,0,0,1,차대사람 - 횡단중,보행자보호의무위반,건조,맑음,단일로 - 횡단보도상,승용,기타불명,기타불명,기타불명,보행자,여,30세,부상신고
2012051800100657,2012년 5월 18일 21시,금요일,대전광역시 대덕구 오정동,중상사고,0,1,0,0,차대차 - 측면직각충돌,교차로운행방법위반,건조,맑음,교차로 - 교차로안,화물,남,43세,상해없음,승용,여,23세,중상
2012051800100694,2012년 5월 18일 22시,금요일,대전광역시 서구 용문동,경상사고,0,0,2,0,차대차 - 추돌 - 진행중,안전운전불이행,건조,맑음,단일로 - 기타,승용,남,40세,상해없음,승용,남,42세,경상
2012051800100695,2012년 5월 18일 22시,금요일,대전광역시 서구 괴정동,중상사고,0,1,3,0,차량단독 - 기타,안전운전불이행,건조,맑음,단일로 - 기타,승합,남,31세,상해없음,,,,
2012051900100023,2012년 5월 19일 00시,토요일,대전광역시 중구 대흥동,경상사고,0,0,2,0,차대차 - 추돌 - 주정차중,안전운전불이행,건조,맑음,교차로 - 교차로부근,승용,남,23세,상해없음,승용,남,53세,경상
2012051900100024,2012년 5월 19일 00시,토요일,대전광역시 서구 용문동,경상사고,0,0,2,0,차대차 - 측면직각충돌,교차로운행방법위반,건조,맑음,교차로 - 교차로안,승용,남,59세,상해없음,승용,남,51세,상해없음
2012051900100051,2012년 5월 19일 01시,토요일,대전광역시 서구 내동,경상사고,0,0,1,0,차대차 - 추돌 - 주정차중,안전운전불이행,건조,맑음,교차로 - 교차로부근,승용,남,38세,상해없음,승용,남,34세,경상
2012051900100052,2012년 5월 19일 01시,토요일,대전광역시 서구 용문동,중상사고,0,1,5,0,차대차 - 추돌 - 주정차중,안전운전불이행,건조,맑음,교차로 - 교차로부근,승용,남,29세,상해없음,승용,남,57세,경상
2012051900100093,2012년 5월 19일 03시,토요일,대전광역시 서구 둔산동,경상사고,0,0,1,0,차대사람 - 길가장자리구역통행중,안전운전불이행,건조,맑음,단일로 - 기타,승용,남,28세,상해없음,보행자,남,20세,경상
2012051900100171,2012년 5월 19일 08시,토요일,대전광역시 서구 내동,경상사고,0,0,1,0,차대차 - 기타,안전운전불이행,건조,흐림,단일로 - 기타,승용,여,49세,상해없음,자전거,남,11세,경상
2012051900100194,2012년 5월 19일 09시,토요일,대전광역시 서구 정림동,경상사고,0,0,1,0,차대차 - 측면직각충돌,직진우회전진행방해,건조,흐림,교차로 - 교차로안,화물,남,40세,상해없음,승용,여,44세,경상
2012051900100195,2012년 5월 19일 09시,토요일,대전광역시 서구 정림동,중상사고,0,1,0,0,차대차 - 기타,안전운전불이행,건조,흐림,기타 - 기타,승용,남,25세,상해없음,이륜,여,42세,중상
2012051900100196,2012년 5월 19일 09시,토요일,대전광역시 대덕구 법동,경상사고,0,0,1,0,차대사람 - 기타,안전운전불이행,건조,맑음,단일로 - 기타,이륜,남,75세,상해없음,보행자,여,59세,경상
2012051900100231,2012년 5월 19일 10시,토요일,대전광역시 동구 정동,사망사고,1,0,0,0,차대사람 - 횡단중,안전운전불이행,건조,맑음,단일로 - 기타,승용,남,49세,상해없음,보행자,남,88세,사망
2012051900100361,2012년 5월 19일 14시,토요일,대전광역시 중구 문화동,경상사고,0,0,1,0,차대차 - 추돌 - 주정차중,안전운전불이행,건조,맑음,미분류 - 미분류,승용,남,37세,상해없음,승용,여,41세,경상
2012051900100394,2012년 5월 19일 15시,토요일,대전광역시 유성구 관평동,중상사고,0,1,0,0,차대차 - 기타,안전거리미확보,건조,맑음,단일로 - 기타,승용,남,29세,상해없음,승용,남,24세,중상
2012051900100469,2012년 5월 19일 17시,토요일,대전광역시 서구 둔산동,경상사고,0,0,1,0,차대사람 - 기타,안전운전불이행,건조,맑음,단일로 - 기타,이륜,기타불명,기타불명,기타불명,보행자,여,73세,경상
2012051900100541,2012년 5월 19일 19시,토요일,대전광역시 중구 산성동,중상사고,0,1,0,0,차대사람 - 차도통행중,안전운전불이행,건조,맑음,교차로 - 교차로안,승용,여,45세,상해없음,보행자,여,63세,중상
2012051900100581,2012년 5월 19일 20시,토요일,대전광역시 서구 관저동,경상사고,0,0,1,0,차대사람 - 횡단중,신호위반,건조,맑음,교차로 - 교차로안,승용,남,42세,상해없음,보행자,여,49세,경상
2012051900100582,2012년 5월 19일 20시,토요일,대전광역시 대덕구 비래동,경상사고,0,0,1,0,차대사람 - 기타,안전운전불이행,건조,맑음,단일로 - 기타,승용,남,38세,상해없음,보행자,여,52세,경상
2012051900100653,2012년 5월 19일 22시,토요일,대전광역시 서구 둔산동,경상사고,0,0,2,0,차대차 - 추돌 - 진행중,안전운전불이행,건조,맑음,교차로 - 교차로부근,승합,남,63세,상해없음,승용,여,25세,경상
2012051900100676,2012년 5월 19일 23시,토요일,대전광역시 유성구 가정동,중상사고,0,1,1,0,차대차 - 측면직각충돌,신호위반,건조,맑음,교차로 - 교차로안,승용,남,24세,상해없음,승용,남,52세,중상
2012052000100059,2012년 5월 20일 02시,일요일,대전광역시 동구 중동,경상사고,0,0,2,0,차대차 - 측면직각충돌,신호위반,건조,맑음,교차로 - 교차로안,화물,남,66세,기타불명,원동기,남,15세,경상
2012052000100060,2012년 5월 20일 02시,일요일,대전광역시 서구 둔산동,경상사고,0,0,1,0,차대차 - 측면직각충돌,신호위반,건조,맑음,교차로 - 교차로안,승용,남,29세,상해없음,승용,남,34세,경상
2012052000100073,2012년 5월 20일 03시,일요일,대전광역시 서구 용문동,중상사고,0,1,1,0,차대차 - 기타,안전운전불이행,건조,맑음,단일로 - 기타,승용,남,23세,상해없음,특수,남,36세,경상
2012052000100085,2012년 5월 20일 04시,일요일,대전광역시 중구 태평동,경상사고,0,0,1,0,차대차 - 기타,신호위반,건조,맑음,교차로 - 교차로안,승용,남,24세,상해없음,승용,남,63세,경상
2012052000100104,2012년 5월 20일 06시,일요일,대전광역시 대덕구 중리동,경상사고,0,0,1,0,차대차 - 측면직각충돌,교차로운행방법위반,건조,맑음,교차로 - 교차로안,승용,남,65세,상해없음,승용,남,38세,상해없음
2012052000100118,2012년 5월 20일 07시,일요일,대전광역시 중구 사정동,중상사고,0,1,2,0,차대차 - 추돌 - 진행중,안전거리미확보,건조,맑음,단일로 - 기타,승용,남,32세,상해없음,승용,남,53세,경상
2012052000100129,2012년 5월 20일 08시,일요일,대전광역시 유성구 봉명동,경상사고,0,0,1,0,차대차 - 추돌 - 진행중,안전운전불이행,건조,맑음,단일로 - 기타,화물,기타불명,기타불명,기타불명,승용,여,51세,경상
2012052000100317,2012년 5월 20일 16시,일요일,대전광역시 동구 대성동,경상사고,0,0,4,0,차대차 - 추돌 - 주정차중,안전운전불이행,건조,맑음,단일로 - 기타,승용,남,30세,상해없음,승용,남,64세,경상
2012052000100420,2012년 5월 20일 19시,일요일,대전광역시 유성구 장대동,경상사고,0,0,2,0,차대차 - 기타,안전운전불이행,건조,맑음,교차로 - 교차로부근,승용,남,43세,상해없음,승용,남,25세,경상
2012052000100488,2012년 5월 20일 21시,일요일,대전광역시 대덕구 읍내동,중상사고,0,1,1,0,차대차 - 기타,안전운전불이행,건조,맑음,교차로 - 교차로안,승용,남,36세,상해없음,이륜,남,17세,경상
2012052000100512,2012년 5월 20일 22시,일요일,대전광역시 서구 복수동,경상사고,0,0,4,0,차대차 - 추돌 - 주정차중,안전운전불이행,건조,맑음,단일로 - 기타,승용,남,53세,상해없음,승용,남,38세,경상
2012052100100023,2012년 5월 21일 01시,월요일,대전광역시 중구 용두동,경상사고,0,0,2,0,차대차 - 기타,안전운전불이행,건조,맑음,교차로 - 교차로부근,승용,남,49세,상해없음,승용,남,50세,경상
2012052100100087,2012년 5월 21일 07시,월요일,대전광역시 서구 갈마동,중상사고,0,1,0,0,차대차 - 기타,교차로운행방법위반,건조,맑음,교차로 - 교차로안,승용,남,51세,상해없음,승용,남,26세,중상
2012052100100140,2012년 5월 21일 08시,월요일,대전광역시 유성구 덕명동,중상사고,0,1,2,0,차대차 - 기타,신호위반,건조,맑음,교차로 - 교차로안,승용,남,33세,상해없음,승용,여,57세,경상
2012052100100312,2012년 5월 21일 14시,월요일,대전광역시 서구 도마동,중상사고,0,1,0,0,차대사람 - 길가장자리구역통행중,안전운전불이행,건조,맑음,단일로 - 기타,승용,여,45세,상해없음,보행자,여,22세,중상
2012052100100344,2012년 5월 21일 15시,월요일,대전광역시 동구 대동,경상사고,0,0,3,0,차대차 - 기타,안전거리미확보,건조,맑음,단일로 - 기타,원동기,남,21세,경상,승합,남,46세,경상
2012052100100345,2012년 5월 21일 15시,월요일,대전광역시 서구 갈마동,중상사고,0,1,1,1,차대차 - 기타,중앙선침범,건조,맑음,미분류 - 미분류,승용,여,60세,상해없음,화물,남,44세,부상신고
2012052100100393,2012년 5월 21일 16시,월요일,대전광역시 대덕구 비래동,중상사고,0,1,0,0,차대사람 - 횡단중,보행자보호의무위반,건조,맑음,단일로 - 횡단보도상,화물,여,33세,상해없음,보행자,남,79세,중상
2012052100100442,2012년 5월 21일 17시,월요일,대전광역시 유성구 계산동,중상사고,0,2,0,0,차대차 - 기타,교차로운행방법위반,건조,맑음,교차로 - 교차로안,승용,남,41세,중상,승용,여,53세,중상
2012052100100489,2012년 5월 21일 18시,월요일,대전광역시 동구 인동,경상사고,0,0,1,0,차대차 - 측면직각충돌,안전운전불이행,건조,맑음,교차로 - 교차로안,승용,여,59세,상해없음,승용,남,43세,경상
2012052100100526,2012년 5월 21일 19시,월요일,대전광역시 동구 가오동,경상사고,0,0,1,0,차대사람 - 횡단중,보행자보호의무위반,건조,맑음,단일로 - 횡단보도상,승용,여,31세,상해없음,보행자,남,5세,경상
2012052100100527,2012년 5월 21일 19시,월요일,대전광역시 서구 변동,경상사고,0,0,2,1,차대차 - 측면직각충돌,안전거리미확보,건조,맑음,단일로 - 기타,승합,남,57세,상해없음,승용,여,25세,경상
2012052100100528,2012년 5월 21일 19시,월요일,대전광역시 서구 월평동,경상사고,0,0,1,0,차대차 - 기타,안전운전불이행,건조,맑음,단일로 - 기타,승용,기타불명,기타불명,기타불명,자전거,여,21세,경상
2012052100100655,2012년 5월 21일 23시,월요일,대전광역시 대덕구 읍내동,경상사고,0,0,2,0,차대차 - 추돌 - 진행중,안전운전불이행,건조,맑음,교차로 - 교차로부근,승용,남,49세,상해없음,화물,남,36세,경상
2012052200100022,2012년 5월 22일 00시,화요일,대전광역시 서구 정림동,중상사고,0,1,0,0,차대차 - 정면충돌,안전운전불이행,건조,맑음,교차로 - 교차로부근,기타불명,기타불명,기타불명,기타불명,자전거,여,52세,중상
2012052200100023,2012년 5월 22일 00시,화요일,대전광역시 서구 둔산동,경상사고,0,0,1,0,차대차 - 추돌 - 진행중,안전운전불이행,건조,맑음,단일로 - 기타,승용,남,59세,상해없음,승용,여,42세,상해없음
2012052200100036,2012년 5월 22일 01시,화요일,대전광역시 서구 관저동,중상사고,0,2,3,0,차대차 - 측면직각충돌,교차로운행방법위반,건조,맑음,교차로 - 교차로부근,승용,남,62세,상해없음,승용,남,38세,중상
2012052200100037,2012년 5월 22일 01시,화요일,대전광역시 대덕구 중리동,경상사고,0,0,1,0,차대차 - 측면직각충돌,교차로운행방법위반,건조,맑음,단일로 - 기타,승용,남,53세,기타불명,화물,남,49세,경상
2012052200100045,2012년 5월 22일 02시,화요일,대전광역시 서구 둔산동,경상사고,0,0,1,0,차대차 - 측면직각충돌,신호위반,건조,맑음,교차로 - 교차로안,승용,남,22세,상해없음,승용,남,55세,경상
2012052200100062,2012년 5월 22일 04시,화요일,대전광역시 서구 둔산동,경상사고,0,0,1,0,차대사람 - 기타,안전운전불이행,건조,맑음,단일로 - 기타,원동기,남,38세,상해없음,보행자,남,61세,경상
2012052200100267,2012년 5월 22일 11시,화요일,대전광역시 대덕구 석봉동,경상사고,0,0,1,0,차대차 - 측면직각충돌,안전운전불이행,건조,맑음,단일로 - 기타,화물,남,54세,상해없음,원동기,남,30세,경상
2012052200100353,2012년 5월 22일 14시,화요일,대전광역시 유성구 지족동,경상사고,0,0,2,0,차대차 - 추돌 - 주정차중,안전운전불이행,건조,맑음,교차로 - 교차로부근,승용,남,43세,상해없음,승용,남,33세,경상
2012052200100420,2012년 5월 22일 16시,화요일,대전광역시 유성구 장대동,경상사고,0,0,1,0,차대차 - 측면직각충돌,안전운전불이행,건조,맑음,교차로 - 교차로안,승용,여,57세,상해없음,승용,남,32세,경상
2012052200100421,2012년 5월 22일 16시,화요일,대전광역시 서구 둔산동,중상사고,0,1,0,0,차대사람 - 기타,안전운전불이행,건조,맑음,단일로 - 기타,승용,남,39세,상해없음,보행자,남,7세,중상
2012052200100506,2012년 5월 22일 18시,화요일,대전광역시 동구 자양동,중상사고,0,1,0,0,차대차 - 측면직각충돌,신호위반,건조,맑음,교차로 - 교차로안,이륜,남,41세,중상,화물,남,33세,기타불명
2012052200100507,2012년 5월 22일 18시,화요일,대전광역시 대덕구 중리동,경상사고,0,0,1,0,차대사람 - 횡단중,안전운전불이행,건조,맑음,단일로 - 기타,승용,남,48세,상해없음,보행자,여,82세,경상
2012052200100543,2012년 5월 22일 19시,화요일,대전광역시 서구 도마동,중상사고,0,1,0,0,차대차 - 측면직각충돌,교차로운행방법위반,건조,맑음,교차로 - 교차로부근,승용,남,17세,기타불명,승용,남,32세,중상
2012052200100581,2012년 5월 22일 20시,화요일,대전광역시 대덕구 중리동,경상사고,0,0,1,0,차대차 - 기타,중앙선침범,건조,맑음,단일로 - 기타,승용,여,56세,상해없음,승용,남,36세,경상
2012052200100615,2012년 5월 22일 21시,화요일,대전광역시 유성구 신성동,경상사고,0,0,2,0,차대차 - 측면직각충돌,중앙선침범,건조,맑음,단일로 - 기타,승용,남,50세,기타불명,승용,여,39세,경상
2012052200100680,2012년 5월 22일 23시,화요일,대전광역시 서구 둔산동,중상사고,0,1,2,0,차대차 - 기타,안전거리미확보,건조,맑음,단일로 - 교량,승용,여,49세,경상,승용,남,55세,중상
2012052300100033,2012년 5월 23일 01시,수요일,대전광역시 서구 갈마동,경상사고,0,0,2,0,차대차 - 기타,안전거리미확보,건조,맑음,교차로 - 교차로안,승용,남,36세,상해없음,승용,남,49세,경상
2012052300100110,2012년 5월 23일 07시,수요일,대전광역시 서구 괴정동,경상사고,0,0,1,0,차대차 - 측면직각충돌,신호위반,건조,맑음,교차로 - 교차로안,승용,남,29세,상해없음,승용,여,50세,경상
2012052300100150,2012년 5월 23일 08시,수요일,대전광역시 대덕구 와동,경상사고,0,0,1,0,차대사람 - 횡단중,보행자보호의무위반,건조,맑음,교차로 - 교차로안,승용,남,32세,상해없음,보행자,여,26세,경상
2012052300100245,2012년 5월 23일 12시,수요일,대전광역시 서구 도마동,사망사고,1,0,0,0,차대차 - 측면직각충돌,신호위반,건조,맑음,교차로 - 교차로안,원동기,남,71세,사망,화물,남,49세,상해없음
2012052300100246,2012년 5월 23일 12시,수요일,대전광역시 대덕구 중리동,중상사고,0,1,0,0,차대차 - 추돌 - 진행중,신호위반,건조,맑음,교차로 - 교차로안,승용,기타불명,기타불명,기타불명,자전거,남,44세,중상
2012052300100247,2012년 5월 23일 12시,수요일,대전광역시 서구 월평동,경상사고,0,0,1,0,차대차 - 추돌 - 진행중,중앙선침범,건조,맑음,교차로 - 교차로부근,승용,여,29세,상해없음,승용,여,52세,경상
2012052300100274,2012년 5월 23일 13시,수요일,대전광역시 유성구 궁동,경상사고,0,0,2,0,차대차 - 추돌 - 진행중,안전거리미확보,건조,맑음,단일로 - 기타,승용,여,23세,상해없음,승용,남,29세,경상
2012052300100311,2012년 5월 23일 14시,수요일,대전광역시 동구 정동,경상사고,0,0,1,0,차대사람 - 기타,안전운전불이행,건조,맑음,단일로 - 기타,화물,남,30세,상해없음,보행자,남,30세,경상
2012052300100484,2012년 5월 23일 18시,수요일,대전광역시 대덕구 송촌동,중상사고,0,1,0,0,차대차 - 측면직각충돌,안전운전불이행,건조,맑음,단일로 - 기타,승용,여,44세,상해없음,승용,여,61세,중상
2012052300100485,2012년 5월 23일 18시,수요일,대전광역시 대덕구 법동,중상사고,0,1,1,0,차대차 - 측면직각충돌,안전거리미확보,건조,맑음,단일로 - 기타,승용,기타불명,기타불명,기타불명,승용,남,40세,중상
2012052300100486,2012년 5월 23일 18시,수요일,대전광역시 유성구 구암동,사망사고,1,0,0,0,차대사람 - 횡단중,안전운전불이행,건조,맑음,교차로 - 교차로안,승용,남,45세,상해없음,보행자,여,75세,사망
2012052300100624,2012년 5월 23일 22시,수요일,대전광역시 대덕구 신탄진동,경상사고,0,0,4,0,차대차 - 추돌 - 주정차중,안전운전불이행,건조,맑음,단일로 - 기타,승용,남,32세,상해없음,승합,남,57세,경상
2012052300100625,2012년 5월 23일 22시,수요일,대전광역시 유성구 전민동,중상사고,0,1,0,0,차량단독 - 기타,안전운전불이행,건조,맑음,교차로 - 교차로부근,승합,남,37세,상해없음,,,,
2012052300100655,2012년 5월 23일 23시,수요일,대전광역시 중구 유천동,경상사고,0,0,4,0,차대차 - 추돌 - 주정차중,안전운전불이행,건조,맑음,단일로 - 기타,승용,남,62세,상해없음,승용,여,35세,경상
2012052300100656,2012년 5월 23일 23시,수요일,대전광역시 동구 용전동,경상사고,0,0,1,0,차대차 - 기타,신호위반,건조,맑음,단일로 - 횡단보도상,승합,남,58세,상해없음,자전거,남,16세,경상
2012052300100657,2012년 5월 23일 23시,수요일,대전광역시 동구 판암동,경상사고,0,0,1,0,차대차 - 측면직각충돌,안전운전불이행,건조,맑음,교차로 - 교차로안,승용,남,42세,상해없음,이륜,남,25세,경상
2012052300100658,2012년 5월 23일 23시,수요일,대전광역시 대덕구 대화동,경상사고,0,0,1,0,차대차 - 추돌 - 주정차중,안전운전불이행,건조,맑음,단일로 - 기타,승용,남,68세,상해없음,승용,여,23세,경상
2012052400100026,2012년 5월 24일 00시,목요일,대전광역시 동구 인동,경상사고,0,0,1,0,차대차 - 추돌 - 주정차중,안전운전불이행,건조,맑음,단일로 - 기타,승용,남,42세,상해없음,승용,여,39세,경상
2012052400100033,2012년 5월 24일 01시,목요일,대전광역시 중구 문화동,중상사고,0,1,0,0,차량단독 - 전도전복,안전운전불이행,건조,맑음,미분류 - 미분류,원동기,남,26세,중상,,,,
2012052400100054,2012년 5월 24일 03시,목요일,대전광역시 대덕구 오정동,경상사고,0,0,1,0,차대차 - 측면직각충돌,안전운전불이행,건조,맑음,단일로 - 기타,화물,남,24세,기타불명,승용,남,37세,경상
2012052400100055,2012년 5월 24일 03시,목요일,대전광역시 유성구 노은동,중상사고,0,1,1,0,차대차 - 추돌 - 주정차중,안전운전불이행,건조,맑음,교차로 - 교차로부근,승용,남,24세,상해없음,승용,남,22세,중상
2012052400100173,2012년 5월 24일 08시,목요일,대전광역시 중구 문화동,경상사고,0,0,1,0,차대사람 - 횡단중,안전운전불이행,건조,맑음,단일로 - 기타,승용,남,58세,상해없음,보행자,여,60세,경상
2012052400100174,2012년 5월 24일 08시,목요일,대전광역시 대덕구 신탄진동,경상사고,0,0,1,0,차대사람 - 횡단중,신호위반,건조,맑음,교차로 - 교차로안,승용,남,44세,상해없음,보행자,남,56세,경상
2012052400100222,2012년 5월 24일 10시,목요일,대전광역시 중구 중촌동,중상사고,0,1,0,0,차대차 - 측면직각충돌,신호위반,건조,맑음,교차로 - 교차로안,승용,남,44세,상해없음,원동기,남,24세,중상
2012052400100223,2012년 5월 24일 10시,목요일,대전광역시 동구 판암동,사망사고,1,0,0,0,차대차 - 추돌 - 진행중,안전운전불이행,건조,맑음,교차로 - 교차로부근,이륜,남,69세,사망,승합,남,50세,상해없음
2012052400100279,2012년 5월 24일 13시,목요일,대전광역시 서구 둔산동,중상사고,0,1,1,1,차대차 - 측면직각충돌,신호위반,건조,맑음,교차로 - 교차로안,승용,남,25세,상해없음,승용,남,54세,경상
2012052400100416,2012년 5월 24일 17시,목요일,대전광역시 중구 호동,경상사고,0,0,2,0,차대차 - 측면직각충돌,교차로운행방법위반,건조,맑음,교차로 - 교차로안,승용,남,25세,경상,승용,남,49세,경상
2012052400100417,2012년 5월 24일 17시,목요일,대전광역시 유성구 도룡동,중상사고,0,1,0,0,차대차 - 추돌 - 진행중,안전거리미확보,건조,맑음,단일로 - 기타,승용,기타불명,기타불명,기타불명,이륜,남,19세,상해없음
2012052400100418,2012년 5월 24일 17시,목요일,대전광역시 서구 둔산동,경상사고,0,0,2,0,차대차 - 측면직각충돌,안전운전불이행,건조,맑음,단일로 - 기타,승용,여,55세,경상,건설기계,남,48세,상해없음
2012052400100453,2012년 5월 24일 18시,목요일,대전광역시 서구 둔산동,경상사고,0,0,1,0,차대차 - 추돌 - 진행중,중앙선침범,건조,맑음,단일로 - 기타,승용,남,33세,상해없음,승용,여,52세,경상
2012052400100482,2012년 5월 24일 19시,목요일,대전광역시 유성구 장대동,경상사고,0,0,1,0,차대사람 - 길가장자리구역통행중,안전운전불이행,건조,맑음,단일로 - 기타,승용,여,54세,상해없음,보행자,남,20세,경상
2012052500100054,2012년 5월 25일 02시,금요일,대전광역시 중구 문창동,경상사고,0,0,1,0,차대차 - 추돌 - 주정차중,안전운전불이행,건조,맑음,단일로 - 횡단보도부근,승용,기타불명,기타불명,기타불명,승용,남,33세,경상
2012052500100166,2012년 5월 25일 08시,금요일,대전광역시 서구 월평동,경상사고,0,0,1,0,차대차 - 추돌 - 진행중,안전운전불이행,건조,맑음,단일로 - 기타,승용,남,44세,상해없음,승용,남,49세,상해없음
2012052500100237,2012년 5월 25일 10시,금요일,대전광역시 서구 월평동,중상사고,0,1,0,0,차대사람 - 횡단중,안전운전불이행,건조,맑음,단일로 - 기타,승용,남,63세,상해없음,보행자,여,90세,중상
2012052500100260,2012년 5월 25일 11시,금요일,대전광역시 동구 대동,경상사고,0,0,1,0,차대차 - 추돌 - 주정차중,안전거리미확보,건조,맑음,단일로 - 기타,승합,남,43세,상해없음,승용,여,22세,경상
2012052500100290,2012년 5월 25일 12시,금요일,대전광역시 중구 오류동,중상사고,0,1,0,0,차대차 - 기타,안전운전불이행,건조,맑음,단일로 - 기타,승용,남,23세,상해없음,자전거,남,54세,중상
2012052500100291,2012년 5월 25일 12시,금요일,대전광역시 동구 홍도동,중상사고,0,1,1,0,차대차 - 추돌 - 진행중,안전운전불이행,건조,맑음,단일로 - 기타,승용,남,45세,상해없음,승용,여,57세,중상
2012052500100292,2012년 5월 25일 12시,금요일,대전광역시 유성구 장동,경상사고,0,0,2,0,차대차 - 추돌 - 진행중,안전운전불이행,건조,맑음,단일로 - 기타,승용,여,41세,상해없음,승용,남,37세,경상
2012052500100321,2012년 5월 25일 13시,금요일,대전광역시 중구 은행동,경상사고,0,0,1,0,차대사람 - 기타,안전운전불이행,건조,맑음,단일로 - 기타,화물,남,58세,상해없음,보행자,여,69세,경상
2012052500100322,2012년 5월 25일 13시,금요일,대전광역시 중구 산성동,중상사고,0,1,0,0,차대차 - 측면직각충돌,직진우회전진행방해,건조,맑음,교차로 - 교차로안,승용,여,51세,상해없음,원동기,남,28세,중상
2012052500100436,2012년 5월 25일 16시,금요일,대전광역시 대덕구 읍내동,경상사고,0,0,3,0,차대차 - 측면직각충돌,교차로운행방법위반,건조,맑음,교차로 - 교차로안,승용,여,51세,상해없음,승용,남,29세,경상
2012052500100477,2012년 5월 25일 17시,금요일,대전광역시 유성구 봉명동,경상사고,0,0,2,0,차대차 - 추돌 - 진행중,안전운전불이행,건조,맑음,단일로 - 기타,승용,남,46세,상해없음,승용,여,26세,경상
2012052500100555,2012년 5월 25일 19시,금요일,대전광역시 서구 복수동,경상사고,0,0,4,0,차대차 - 기타,기타,건조,맑음,단일로 - 기타,승용,남,21세,상해없음,승용,남,39세,경상
2012052500100556,2012년 5월 25일 19시,금요일,대전광역시 서구 둔산동,경상사고,0,0,1,0,차대차 - 추돌 - 주정차중,안전운전불이행,건조,맑음,교차로 - 교차로부근,승용,남,47세,상해없음,승용,여,34세,경상
2012052500100644,2012년 5월 25일 21시,금요일,대전광역시 서구 가장동,경상사고,0,0,1,0,차대사람 - 보도통행중,안전운전불이행,건조,기타,기타 - 기타,자전거,남,16세,기타불명,보행자,여,63세,경상
2012052500100645,2012년 5월 25일 21시,금요일,대전광역시 서구 둔산동,경상사고,0,0,1,0,차대차 - 추돌 - 주정차중,안전운전불이행,건조,맑음,단일로 - 기타,승합,남,56세,상해없음,화물,남,43세,경상
2012052500100702,2012년 5월 25일 23시,금요일,대전광역시 서구 용문동,경상사고,0,0,3,0,차대차 - 추돌 - 주정차중,안전운전불이행,건조,맑음,단일로 - 횡단보도부근,승용,남,24세,상해없음,승용,남,21세,경상