사고번호,사고일시,요일,시군구,사고내용,사망자수,중상자수,경상자수,부상신고자수,사고유형,법규위반,노면상태,기상상태,도로형태,가해운전자 차종,가해운전자 성별,가해운전자 연령,가해운전자 상해정도,피해운전자 차종,피해운전자 성별,피해운전자 연령,피해운전자 상해정도
2012060500100140,2012년 6월 5일 08시,화요일,대전광역시 대덕구 중리동,중상사고,0,1,0,0,차대차 - 측면직각충돌,안전운전불이행,건조,맑음,교차로 - 교차로부근,승용,남,23세,상해없음,자전거,남,25세,중상
2012060500100179,2012년 6월 5일 09시,화요일,대전광역시 서구 월평동,사망사고,1,0,0,0,차대사람 - 횡단중,안전운전불이행,건조,맑음,교차로 - 교차로안,승용,여,41세,상해없음,보행자,여,69세,사망
2012060500100210,2012년 6월 5일 10시,화요일,대전광역시 중구 중촌동,경상사고,0,0,2,0,차대차 - 추돌 - 주정차중,안전운전불이행,건조,맑음,단일로 - 기타,승용,남,28세,상해없음,승용,남,51세,상해없음
2012060500100260,2012년 6월 5일 12시,화요일,대전광역시 서구 둔산동,경상사고,0,0,1,0,차대차 - 기타,안전거리미확보,건조,맑음,단일로 - 기타,승용,여,56세,상해없음,승합,남,46세,상해없음
2012060500100284,2012년 6월 5일 13시,화요일,대전광역시 서구 흑석동,경상사고,0,0,1,0,차대사람 - 차도통행중,안전운전불이행,건조,맑음,단일로 - 기타,승용,남,60세,상해없음,보행자,남,85세,경상
2012060500100347,2012년 6월 5일 15시,화요일,대전광역시 서구 관저동,중상사고,0,1,0,0,차대차 - 측면직각충돌,신호위반,건조,맑음,교차로 - 교차로부근,화물,남,31세,상해없음,자전거,여,10세,중상
2012060500100594,2012년 6월 5일 21시,화요일,대전광역시 대덕구 송촌동,경상사고,0,0,1,0,차대차 - 측면직각충돌,안전운전불이행,건조,맑음,교차로 - 교차로안,승용,남,41세,상해없음,이륜,남,48세,경상
2012060500100627,2012년 6월 5일 22시,화요일,대전광역시 동구 판암동,경상사고,0,0,1,0,차대차 - 기타,불법유턴,건조,맑음,교차로 - 교차로부근,승합,남,50세,상해없음,승용,남,28세,경상
2012060500100628,2012년 6월 5일 22시,화요일,대전광역시 서구 둔산동,경상사고,0,0,1,0,차대사람 - 길가장자리구역통행중,안전운전불이행,건조,맑음,단일로 - 기타,승용,기타불명,기타불명,기타불명,보행자,여,66세,경상
2012060500100666,2012년 6월 5일 23시,화요일,대전광역시 중구 대흥동,중상사고,0,1,0,0,차량단독 - 기타,기타,건조,맑음,단일로 - 기타,승용,남,27세,상해없음,,,,
2012060600100031,2012년 6월 6일 00시,수요일,대전광역시 중구 중촌동,경상사고,0,0,2,0,차대차 - 추돌 - 주정차중,안전운전불이행,건조,맑음,교차로 - 교차로부근,승용,남,38세,상해없음,승용,남,44세,경상
2012060600100057,2012년 6월 6일 01시,수요일,대전광역시 동구 성남동,중상사고,0,1,0,0,차대사람 - 기타,안전운전불이행,건조,맑음,단일로 - 기타,승용,기타불명,기타불명,기타불명,보행자,남,48세,중상
2012060600100058,2012년 6월 6일 01시,수요일,대전광역시 서구 월평동,경상사고,0,0,1,0,차대차 - 추돌 - 진행중,안전운전불이행,건조,맑음,교차로 - 교차로부근,승용,남,48세,상해없음,승용,남,28세,경상
2012060600100085,2012년 6월 6일 03시,수요일,대전광역시 동구 삼성동,중상사고,0,1,0,0,차대사람 - 횡단중,안전운전불이행,건조,맑음,교차로 - 교차로안,화물,남,21세,상해없음,보행자,남,43세,중상
2012060600100086,2012년 6월 6일 03시,수요일,대전광역시 유성구 궁동,중상사고,0,1,0,0,차대사람 - 길가장자리구역통행중,안전운전불이행,건조,맑음,단일로 - 기타,승용,남,30세,상해없음,보행자,여,26세,중상
2012060600100099,2012년 6월 6일 04시,수요일,대전광역시 중구 은행동,경상사고,0,0,1,0,차대차 - 측면직각충돌,신호위반,건조,맑음,교차로 - 교차로안,승용,남,22세,상해없음,화물,남,44세,경상
2012060600100185,2012년 6월 6일 09시,수요일,대전광역시 서구 갈마동,경상사고,0,0,1,0,차대차 - 정면충돌,중앙선침범,건조,맑음,교차로 - 교차로부근,승용,남,28세,상해없음,승용,남,57세,경상
2012060600100213,2012년 6월 6일 10시,수요일,대전광역시 동구 판암동,중상사고,0,1,0,0,차대차 - 측면직각충돌,신호위반,건조,맑음,교차로 - 교차로안,이륜,남,33세,상해없음,원동기,남,51세,중상
2012060600100286,2012년 6월 6일 13시,수요일,대전광역시 중구 문화동,중상사고,0,1,0,0,차대차 - 추돌 - 주정차중,안전운전불이행,건조,맑음,단일로 - 기타,승용,남,45세,상해없음,승용,여,30세,중상
2012060600100313,2012년 6월 6일 14시,수요일,대전광역시 서구 복수동,중상사고,0,1,0,0,차대차 - 정면충돌,신호위반,건조,맑음,교차로 - 교차로안,화물,남,27세,상해없음,승용,남,39세,중상
2012060600100488,2012년 6월 6일 19시,수요일,대전광역시 동구 판암동,중상사고,0,1,1,0,차대사람 - 기타,안전운전불이행,건조,맑음,기타 - 기타,승용,남,55세,상해없음,보행자,여,40세,중상
2012060600100551,2012년 6월 6일 21시,수요일,대전광역시 동구 가양동,중상사고,0,1,0,0,차대사람 - 기타,안전운전불이행,건조,맑음,단일로 - 기타,승용,남,43세,상해없음,보행자,남,4세,중상
2012060600100552,2012년 6월 6일 21시,수요일,대전광역시 대덕구 송촌동,경상사고,0,0,1,0,차대차 - 측면직각충돌,안전운전불이행,건조,맑음,단일로 - 기타,승용,남,34세,상해없음,승용,남,47세,경상
2012060600100580,2012년 6월 6일 23시,수요일,대전광역시 중구 태평동,경상사고,0,0,2,0,차대차 - 추돌 - 주정차중,안전운전불이행,건조,맑음,단일로 - 기타,화물,남,30세,상해없음,승용,여,54세,경상
2012060700100031,2012년 6월 7일 03시,목요일,대전광역시 유성구 복용동,중상사고,0,1,0,0,차량단독 - 기타,안전운전불이행,건조,맑음,단일로 - 기타,승용,남,37세,중상,,,,
2012060700100040,2012년 6월 7일 04시,목요일,대전광역시 중구 대흥동,경상사고,0,0,1,0,차대차 - 추돌 - 주정차중,안전운전불이행,건조,맑음,교차로 - 교차로부근,승용,남,29세,상해없음,승용,남,67세,경상
2012060700100095,2012년 6월 7일 07시,목요일,대전광역시 대덕구 중리동,경상사고,0,0,2,0,차대차 - 추돌 - 진행중,안전운전불이행,건조,맑음,단일로 - 기타,승용,남,54세,상해없음,승용,남,35세,경상
2012060700100096,2012년 6월 7일 07시,목요일,대전광역시 유성구 노은동,경상사고,0,0,2,0,차대차 - 기타,신호위반,건조,맑음,교차로 - 교차로안,화물,여,45세,상해없음,승용,남,26세,경상
2012060700100141,2012년 6월 7일 08시,목요일,대전광역시 중구 선화동,경상사고,0,0,1,0,차대사람 - 길가장자리구역통행중,안전운전불이행,건조,맑음,단일로 - 기타,승합,남,56세,상해없음,보행자,여,71세,경상
2012060700100173,2012년 6월 7일 09시,목요일,대전광역시 서구 용문동,경상사고,0,0,1,0,차대차 - 기타,안전거리미확보,건조,맑음,교차로 - 교차로안,승용,남,75세,상해없음,승용,남,30세,경상
2012060700100243,2012년 6월 7일 11시,목요일,대전광역시 동구 용전동,경상사고,0,0,1,0,차대차 - 측면직각충돌,안전운전불이행,건조,맑음,단일로 - 기타,승용,여,32세,상해없음,원동기,남,28세,경상
2012060700100244,2012년 6월 7일 11시,목요일,대전광역시 유성구 도룡동,경상사고,0,0,2,0,차대차 - 기타,신호위반,건조,맑음,교차로 - 교차로안,승용,여,26세,상해없음,승용,남,67세,경상
2012060700100347,2012년 6월 7일 15시,목요일,대전광역시 중구 대사동,경상사고,0,0,1,0,차대차 - 측면직각충돌,신호위반,건조,맑음,교차로 - 교차로안,승용,남,51세,상해없음,이륜,남,59세,경상
2012060700100348,2012년 6월 7일 15시,목요일,대전광역시 동구 천동,사망사고,1,0,0,0,차대사람 - 보도통행중,기타,건조,맑음,단일로 - 횡단보도부근,화물,남,52세,상해없음,보행자,여,46세,사망
2012060700100349,2012년 6월 7일 15시,목요일,대전광역시 서구 관저동,경상사고,0,0,1,0,차대차 - 추돌 - 진행중,안전운전불이행,건조,맑음,단일로 - 기타,승용,남,73세,상해없음,화물,남,44세,경상
2012060700100388,2012년 6월 7일 16시,목요일,대전광역시 서구 괴정동,경상사고,0,0,1,0,차대사람 - 기타,신호위반,건조,맑음,단일로 - 기타,이륜,남,24세,상해없음,보행자,여,54세,경상
2012060700100473,2012년 6월 7일 18시,목요일,대전광역시 동구 낭월동,경상사고,0,0,1,0,차대차 - 추돌 - 주정차중,불법유턴,건조,맑음,교차로 - 교차로부근,화물,남,43세,상해없음,승용,남,63세,경상
2012060700100570,2012년 6월 7일 21시,목요일,대전광역시 동구 판암동,경상사고,0,0,1,0,차대차 - 추돌 - 진행중,안전운전불이행,건조,맑음,단일로 - 기타,승용,남,32세,상해없음,승용,여,38세,경상
2012060700100571,2012년 6월 7일 21시,목요일,대전광역시 동구 효동,경상사고,0,0,2,0,차대차 - 정면충돌,신호위반,건조,맑음,교차로 - 교차로안,화물,남,56세,경상,승용,여,50세,경상
2012060700100572,2012년 6월 7일 21시,목요일,대전광역시 동구 자양동,중상사고,0,1,0,0,차대사람 - 횡단중,보행자보호의무위반,건조,맑음,단일로 - 횡단보도상,승용,여,49세,상해없음,보행자,여,18세,중상
2012060700100573,2012년 6월 7일 21시,목요일,대전광역시 대덕구 송촌동,경상사고,0,0,1,0,차대차 - 추돌 - 주정차중,중앙선침범,건조,맑음,교차로 - 교차로안,화물,남,45세,상해없음,승용,남,32세,경상
2012060700100574,2012년 6월 7일 21시,목요일,대전광역시 유성구 봉명동,중상사고,0,1,0,0,차대차 - 기타,안전운전불이행,건조,맑음,교차로 - 교차로부근,기타불명,기타불명,기타불명,기타불명,자전거,남,41세,중상
2012060700100601,2012년 6월 7일 22시,목요일,대전광역시 서구 월평동,경상사고,0,0,4,0,차대차 - 측면직각충돌,중앙선침범,건조,맑음,교차로 - 교차로부근,승용,남,49세,상해없음,승용,남,44세,경상
2012060800100023,2012년 6월 8일 00시,금요일,대전광역시 동구 용운동,경상사고,0,0,2,0,차대사람 - 차도통행중,안전운전불이행,건조,맑음,단일로 - 기타,화물,남,27세,기타불명,보행자,남,23세,경상
2012060800100024,2012년 6월 8일 00시,금요일,대전광역시 유성구 궁동,경상사고,0,0,3,0,차대차 - 정면충돌,안전운전불이행,건조,맑음,교차로 - 교차로부근,승용,남,25세,상해없음,승용,여,35세,경상
2012060800100074,2012년 6월 8일 03시,금요일,대전광역시 동구 삼정동,경상사고,0,0,3,0,차량단독 - 공작물충돌,안전운전불이행,건조,맑음,단일로 - 기타,승용,남,18세,상해없음,,,,
2012060800100175,2012년 6월 8일 08시,금요일,대전광역시 대덕구 덕암동,경상사고,0,0,1,0,차대차 - 기타,신호위반,건조,맑음,교차로 - 교차로안,승용,여,50세,상해없음,승용,남,32세,경상
2012060800100210,2012년 6월 8일 09시,금요일,대전광역시 중구 대사동,중상사고,0,1,1,0,차대차 - 정면충돌,중앙선침범,습기,비,단일로 - 기타,화물,남,33세,상해없음,화물,남,64세,중상
2012060800100211,2012년 6월 8일 09시,금요일,대전광역시 동구 자양동,경상사고,0,0,1,0,차대사람 - 기타,기타,습기,비,단일로 - 기타,화물,남,51세,상해없음,보행자,남,53세,경상
2012060800100287,2012년 6월 8일 12시,금요일,대전광역시 중구 대사동,경상사고,0,0,4,0,차대차 - 측면직각충돌,신호위반,습기,비,교차로 - 교차로안,승용,남,52세,상해없음,승용,여,29세,경상
2012060800100288,2012년 6월 8일 12시,금요일,대전광역시 유성구 도룡동,경상사고,0,0,1,0,차량단독 - 전도전복,안전운전불이행,습기,비,교차로 - 교차로안,화물,남,42세,상해없음,,,,
2012060800100355,2012년 6월 8일 14시,금요일,대전광역시 서구 괴정동,경상사고,0,0,1,0,차대차 - 측면직각충돌,신호위반,습기,비,교차로 - 교차로안,승용,남,32세,상해없음,원동기,남,19세,경상
2012060800100489,2012년 6월 8일 17시,금요일,대전광역시 대덕구 비래동,경상사고,0,0,1,0,차대차 - 측면직각충돌,교차로운행방법위반,건조,맑음,교차로 - 교차로안,승용,여,40세,기타불명,승용,남,54세,경상
2012060800100490,2012년 6월 8일 17시,금요일,대전광역시 유성구 교촌동,중상사고,0,1,1,0,차대차 - 추돌 - 진행중,안전운전불이행,습기,흐림,단일로 - 기타,승용,남,34세,상해없음,화물,남,34세,경상
2012060800100491,2012년 6월 8일 17시,금요일,대전광역시 유성구 관평동,경상사고,0,0,2,0,차대차 - 기타,교차로운행방법위반,습기,흐림,교차로 - 교차로안,승용,여,36세,상해없음,승용,남,32세,경상
2012060800100534,2012년 6월 8일 18시,금요일,대전광역시 중구 대흥동,경상사고,0,0,1,0,차대차 - 측면직각충돌,안전운전불이행,건조,맑음,단일로 - 횡단보도상,승용,여,26세,상해없음,자전거,남,34세,경상
2012060800100535,2012년 6월 8일 18시,금요일,대전광역시 서구 둔산동,경상사고,0,0,1,0,차대차 - 기타,안전운전불이행,건조,맑음,교차로 - 교차로부근,승용,남,49세,상해없음,자전거,남,23세,경상
2012060800100636,2012년 6월 8일 20시,금요일,대전광역시 중구 유천동,경상사고,0,0,1,0,차대차 - 추돌 - 주정차중,안전운전불이행,건조,맑음,단일로 - 기타,화물,남,40세,상해없음,승합,남,41세,경상
2012060800100677,2012년 6월 8일 21시,금요일,대전광역시 동구 용운동,경상사고,0,0,2,0,차대차 - 측면직각충돌,안전운전불이행,건조,맑음,교차로 - 교차로부근,화물,남,52세,상해없음,승용,남,41세,경상
2012060800100678,2012년 6월 8일 21시,금요일,대전광역시 서구 용문동,중상사고,0,1,0,0,차대차 - 추돌 - 주정차중,안전운전불이행,건조,흐림,단일로 - 기타,화물,남,47세,상해없음,승용,여,49세,중상
2012060800100729,2012년 6월 8일 22시,금요일,대전광역시 서구 도안동,중상사고,0,2,1,0,차대차 - 추돌 - 진행중,안전운전불이행,건조,흐림,단일로 - 기타,승용,남,19세,상해없음,승용,남,45세,경상
2012060800100730,2012년 6월 8일 22시,금요일,대전광역시 서구 탄방동,경상사고,0,0,1,0,차대차 - 기타,안전운전불이행,건조,맑음,교차로 - 교차로부근,승용,남,27세,상해없음,승용,여,53세,경상
2012060900100056,2012년 6월 9일 02시,토요일,대전광역시 서구 둔산동,경상사고,0,0,3,0,차대차 - 추돌 - 진행중,안전운전불이행,건조,맑음,교차로 - 교차로부근,승용,남,42세,상해없음,승용,남,26세,경상
2012060900100084,2012년 6월 9일 04시,토요일,대전광역시 유성구 학하동,사망사고,1,0,0,0,차량단독 - 기타,안전운전불이행,건조,맑음,교차로 - 교차로안,승용,남,36세,사망,,,,
2012060900100157,2012년 6월 9일 08시,토요일,대전광역시 서구 내동,경상사고,0,0,1,0,차대사람 - 기타,안전운전불이행,건조,맑음,단일로 - 기타,승용,여,45세,기타불명,보행자,여,26세,경상
2012060900100187,2012년 6월 9일 09시,토요일,대전광역시 동구 원동,경상사고,0,0,1,0,차대차 - 측면직각충돌,안전운전불이행,건조,맑음,교차로 - 교차로안,승용,기타불명,기타불명,기타불명,자전거,여,49세,경상
2012060900100188,2012년 6월 9일 09시,토요일,대전광역시 서구 정림동,경상사고,0,0,2,0,차대차 - 측면직각충돌,중앙선침범,건조,맑음,교차로 - 교차로부근,승용,여,53세,상해없음,승용,남,40세,경상
2012060900100259,2012년 6월 9일 11시,토요일,대전광역시 동구 하소동,중상사고,0,1,0,0,차량단독 - 기타,안전운전불이행,건조,맑음,단일로 - 기타,승합,남,57세,상해없음,,,,
2012060900100260,2012년 6월 9일 11시,토요일,대전광역시 서구 용문동,경상사고,0,0,1,0,차대차 - 추돌 - 주정차중,안전운전불이행,건조,맑음,단일로 - 기타,승용,남,57세,상해없음,승용,남,55세,경상
2012060900100296,2012년 6월 9일 12시,토요일,대전광역시 서구 월평동,중상사고,0,1,0,0,차대차 - 측면직각충돌,신호위반,건조,맑음,단일로 - 횡단보도상,이륜,남,23세,상해없음,자전거,남,75세,중상
2012060900100328,2012년 6월 9일 13시,토요일,대전광역시 서구 월평동,중상사고,0,1,0,0,차대차 - 측면직각충돌,안전운전불이행,건조,맑음,단일로 - 횡단보도상,승용,남,46세,상해없음,자전거,남,78세,중상
2012060900100365,2012년 6월 9일 14시,토요일,대전광역시 서구 둔산동,중상사고,0,1,5,0,차대차 - 추돌 - 진행중,안전운전불이행,건조,맑음,단일로 - 기타,승용,남,63세,상해없음,승용,남,60세,경상
2012060900100396,2012년 6월 9일 15시,토요일,대전광역시 중구 문화동,경상사고,0,0,1,0,차대차 - 기타,안전거리미확보,건조,맑음,단일로 - 기타,승용,여,49세,상해없음,승용,남,30세,상해없음
2012060900100433,2012년 6월 9일 16시,토요일,대전광역시 동구 용전동,중상사고,0,1,0,0,차대차 - 측면직각충돌,신호위반,건조,맑음,교차로 - 교차로안,화물,남,63세,상해없음,원동기,남,66세,중상
2012060900100434,2012년 6월 9일 16시,토요일,대전광역시 대덕구 중리동,경상사고,0,0,1,0,차대차 - 측면직각충돌,안전운전불이행,건조,맑음,기타 - 기타,승용,기타불명,기타불명,기타불명,자전거,남,78세,경상
2012060900100500,2012년 6월 9일 18시,토요일,대전광역시 대덕구 중리동,경상사고,0,0,1,0,차대사람 - 횡단중,신호위반,건조,맑음,교차로 - 교차로안,승용,기타불명,기타불명,기타불명,보행자,남,13세,경상
2012060900100529,2012년 6월 9일 19시,토요일,대전광역시 동구 판암동,경상사고,0,0,2,0,차대차 - 정면충돌,안전운전불이행,건조,맑음,단일로 - 기타,승용,남,68세,상해없음,승용,남,22세,경상
2012060900100584,2012년 6월 9일 21시,토요일,대전광역시 대덕구 신탄진동,사망사고,1,0,0,0,차대사람 - 횡단중,안전운전불이행,건조,맑음,단일로 - 기타,승용,남,51세,상해없음,보행자,여,77세,사망
2012060900100585,2012년 6월 9일 21시,토요일,대전광역시 유성구 도룡동,중상사고,0,1,4,0,차대차 - 기타,신호위반,건조,맑음,교차로 - 교차로안,승용,남,50세,상해없음,승용,여,40세,경상
2012060900100616,2012년 6월 9일 22시,토요일,대전광역시 동구 인동,경상사고,0,0,1,0,차대사람 - 길가장자리구역통행중,안전운전불이행,건조,맑음,단일로 - 기타,승용,남,52세,기타불명,보행자,남,57세,경상
2012060900100617,2012년 6월 9일 22시,토요일,대전광역시 서구 변동,경상사고,0,0,1,0,차대차 - 측면직각충돌,차로위반,건조,맑음,단일로 - 기타,승용,남,49세,상해없음,승용,남,36세,경상
2012060900100618,2012년 6월 9일 22시,토요일,대전광역시 서구 갈마동,경상사고,0,0,1,0,차대사람 - 기타,안전운전불이행,건조,맑음,단일로 - 기타,이륜,기타불명,기타불명,기타불명,보행자,여,18세,경상
2012061000100018,2012년 6월 10일 00시,일요일,대전광역시 대덕구 오정동,경상사고,0,0,1,0,차대차 - 측면직각충돌,신호위반,건조,맑음,교차로 - 교차로안,승용,남,26세,상해없음,승용,남,44세,경상
2012061000100044,2012년 6월 10일 01시,일요일,대전광역시 대덕구 신탄진동,경상사고,0,0,1,0,차대사람 - 기타,안전운전불이행,건조,맑음,단일로 - 기타,승용,여,24세,상해없음,보행자,남,50세,경상
2012061000100120,2012년 6월 10일 07시,일요일,대전광역시 중구 문창동,사망사고,1,0,0,0,차대사람 - 보도통행중,보행자보호의무위반,건조,흐림,단일로 - 횡단보도상,승용,남,25세,상해없음,보행자,남,83세,사망
2012061000100138,2012년 6월 10일 08시,일요일,대전광역시 대덕구 중리동,부상신고사고,0,0,0,1,차대사람 - 횡단중,안전운전불이행,건조,맑음,단일로 - 기타,승합,남,40세,상해없음,보행자,남,32세,부상신고
2012061000100355,2012년 6월 10일 16시,일요일,대전광역시 서구 괴정동,경상사고,0,0,1,0,차대사람 - 기타,안전운전불이행,건조,맑음,교차로 - 교차로안,승용,남,60세,상해없음,보행자,남,20세,경상
2012061000100461,2012년 6월 10일 19시,일요일,대전광역시 서구 관저동,중상사고,0,2,0,0,차대차 - 측면직각충돌,신호위반,건조,맑음,교차로 - 교차로안,화물,남,50세,상해없음,승용,남,57세,중상
2012061000100534,2012년 6월 10일 21시,일요일,대전광역시 동구 용전동,중상사고,0,2,0,0,차대차 - 측면직각충돌,안전운전불이행,건조,맑음,단일로 - 기타,승용,여,61세,상해없음,원동기,남,19세,중상
2012061000100535,2012년 6월 10일 21시,일요일,대전광역시 서구 관저동,경상사고,0,0,2,3,차대차 - 측면직각충돌,신호위반,건조,흐림,교차로 - 교차로안,승용,남,50세,상해없음,승용,남,35세,경상
2012061100100103,2012년 6월 11일 07시,월요일,대전광역시 유성구 하기동,중상사고,0,2,2,0,차대차 - 측면직각충돌,신호위반,건조,맑음,교차로 - 교차로안,승용,남,65세,중상,승용,남,49세,경상
2012061100100162,2012년 6월 11일 09시,월요일,대전광역시 동구 용전동,경상사고,0,0,1,0,차량단독 - 기타,기타,건조,맑음,단일로 - 기타,승합,남,48세,상해없음,,,,
2012061100100190,2012년 6월 11일 10시,월요일,대전광역시 대덕구 오정동,중상사고,0,1,0,0,차대차 - 측면직각충돌,신호위반,건조,맑음,교차로 - 교차로안,승용,남,63세,상해없음,화물,남,33세,중상
2012061100100211,2012년 6월 11일 11시,월요일,대전광역시 중구 문화동,경상사고,0,0,2,0,차대차 - 측면직각충돌,교차로운행방법위반,건조,맑음,교차로 - 교차로안,승용,남,32세,경상,승용,여,68세,경상
2012061100100212,2012년 6월 11일 11시,월요일,대전광역시 대덕구 비래동,경상사고,0,0,1,0,차대차 - 측면직각충돌,안전운전불이행,건조,맑음,단일로 - 기타,화물,남,36세,상해없음,승용,남,57세,경상
2012061100100235,2012년 6월 11일 12시,월요일,대전광역시 동구 자양동,중상사고,0,1,0,0,차대차 - 측면직각충돌,안전운전불이행,건조,맑음,단일로 - 기타,승용,여,58세,상해없음,이륜,남,21세,중상
2012061100100236,2012년 6월 11일 12시,월요일,대전광역시 동구 용전동,경상사고,0,0,1,0,차대차 - 기타,안전거리미확보,건조,맑음,단일로 - 기타,승용,남,43세,상해없음,승합,남,51세,상해없음
2012061100100287,2012년 6월 11일 14시,월요일,대전광역시 대덕구 비래동,경상사고,0,0,1,0,차대차 - 측면직각충돌,안전운전불이행,건조,맑음,교차로 - 교차로부근,승용,남,43세,상해없음,승용,남,39세,경상
2012061100100322,2012년 6월 11일 15시,월요일,대전광역시 중구 문창동,중상사고,0,1,0,0,차대차 - 측면직각충돌,안전운전불이행,건조,맑음,단일로 - 횡단보도상,승용,여,37세,상해없음,자전거,남,77세,중상
2012061100100323,2012년 6월 11일 15시,월요일,대전광역시 동구 성남동,경상사고,0,0,1,0,차대사람 - 길가장자리구역통행중,안전운전불이행,건조,맑음,단일로 - 기타,승용,남,46세,상해없음,보행자,남,39세,경상
2012061100100435,2012년 6월 11일 18시,월요일,대전광역시 동구 인동,중상사고,0,1,0,0,차대사람 - 길가장자리구역통행중,안전운전불이행,건조,맑음,단일로 - 기타,화물,남,37세,상해없음,보행자,남,53세,중상
2012061100100436,2012년 6월 11일 18시,월요일,대전광역시 서구 도마동,중상사고,0,1,0,0,차대사람 - 횡단중,안전운전불이행,건조,맑음,단일로 - 기타,승용,남,34세,상해없음,보행자,남,12세,중상
2012061100100589,2012년 6월 11일 23시,월요일,대전광역시 대덕구 중리동,중상사고,0,1,0,0,차대차 - 측면직각충돌,신호위반,건조,맑음,교차로 - 교차로안,이륜,남,16세,중상,승용,남,24세,상해없음
2012061200100018,2012년 6월 12일 00시,화요일,대전광역시 유성구 도룡동,경상사고,0,0,1,0,차대사람 - 횡단중,보행자보호의무위반,건조,맑음,교차로 - 교차로안,승용,남,48세,상해없음,보행자,여,46세,경상
2012061200100019,2012년 6월 12일 00시,화요일,대전광역시 서구 갈마동,중상사고,0,1,0,0,차대사람 - 기타,안전운전불이행,건조,맑음,단일로 - 기타,승용,여,27세,상해없음,보행자,여,40세,중상
2012061200100033,2012년 6월 12일 01시,화요일,대전광역시 중구 유천동,경상사고,0,0,3,0,차대차 - 추돌 - 진행중,안전운전불이행,건조,맑음,교차로 - 교차로안,승용,남,45세,상해없음,승용,남,46세,경상
2012061200100034,2012년 6월 12일 01시,화요일,대전광역시 중구 태평동,경상사고,0,0,2,0,차대차 - 추돌 - 주정차중,안전운전불이행,건조,맑음,교차로 - 교차로부근,승용,남,42세,상해없음,승용,남,37세,경상
2012061200100035,2012년 6월 12일 01시,화요일,대전광역시 서구 용문동,경상사고,0,0,1,0,차대차 - 추돌 - 주정차중,안전거리미확보,건조,맑음,교차로 - 교차로부근,승용,남,33세,상해없음,승용,남,39세,경상
2012061200100036,2012년 6월 12일 01시,화요일,대전광역시 대덕구 상서동,경상사고,0,0,1,0,차대사람 - 차도통행중,안전운전불이행,건조,맑음,교차로 - 교차로부근,승용,남,19세,상해없음,보행자,남,42세,경상
2012061200100049,2012년 6월 12일 02시,화요일,대전광역시 동구 세천동,중상사고,0,2,0,0,차량단독 - 전도전복,과속,건조,맑음,교차로 - 교차로부근,승용,남,60세,중상,,,,
2012061200100050,2012년 6월 12일 02시,화요일,대전광역시 서구 둔산동,경상사고,0,0,2,0,차대사람 - 길가장자리구역통행중,안전운전불이행,건조,맑음,단일로 - 기타,승용,남,33세,상해없음,보행자,남,27세,경상
2012061200100074,2012년 6월 12일 05시,화요일,대전광역시 대덕구 대화동,중상사고,0,1,1,0,차대차 - 측면직각충돌,교차로운행방법위반,건조,맑음,교차로 - 교차로안,화물,남,32세,중상,특수,남,32세,경상
2012061200100148,2012년 6월 12일 08시,화요일,대전광역시 유성구 죽동,중상사고,0,3,0,0,차대차 - 정면충돌,신호위반,건조,맑음,교차로 - 교차로안,승용,남,57세,상해없음,승용,남,54세,중상
2012061200100168,2012년 6월 12일 09시,화요일,대전광역시 대덕구 덕암동,중상사고,0,1,0,0,차량단독 - 공작물충돌,안전운전불이행,건조,맑음,단일로 - 기타,승용,남,53세,상해없음,,,,
2012061200100206,2012년 6월 12일 10시,화요일,대전광역시 동구 소제동,사망사고,1,0,0,0,차대차 - 측면직각충돌,중앙선침범,건조,맑음,단일로 - 횡단보도부근,자전거,남,84세,사망,승용,남,32세,상해없음
2012061200100238,2012년 6월 12일 11시,화요일,대전광역시 대덕구 목상동,중상사고,0,2,0,0,차대차 - 측면직각충돌,교차로운행방법위반,건조,맑음,교차로 - 교차로안,승용,남,39세,상해없음,승용,여,33세,중상
2012061200100283,2012년 6월 12일 13시,화요일,대전광역시 동구 대동,중상사고,0,2,1,0,차대차 - 측면직각충돌,신호위반,건조,맑음,교차로 - 교차로안,승용,여,56세,중상,화물,남,51세,경상
2012061200100348,2012년 6월 12일 15시,화요일,대전광역시 대덕구 비래동,경상사고,0,0,5,0,차대차 - 측면직각충돌,안전운전불이행,건조,맑음,단일로 - 기타,승용,남,52세,상해없음,건설기계,남,64세,경상
2012061200100411,2012년 6월 12일 17시,화요일,대전광역시 중구 부사동,경상사고,0,0,1,0,차대사람 - 기타,안전운전불이행,건조,맑음,단일로 - 기타,승용,여,65세,상해없음,보행자,여,61세,경상
2012061200100412,2012년 6월 12일 17시,화요일,대전광역시 유성구 노은동,경상사고,0,0,3,0,차대차 - 기타,안전거리미확보,건조,맑음,단일로 - 기타,승용,여,47세,상해없음,승용,여,55세,경상
2012061200100496,2012년 6월 12일 19시,화요일,대전광역시 동구 가양동,경상사고,0,0,3,0,차대차 - 추돌 - 주정차중,안전운전불이행,건조,맑음,단일로 - 기타,승용,남,40세,상해없음,승용,남,27세,경상
2012061200100497,2012년 6월 12일 19시,화요일,대전광역시 서구 용문동,경상사고,0,0,1,0,차대사람 - 횡단중,보행자보호의무위반,건조,맑음,교차로 - 교차로부근,승용,남,42세,상해없음,보행자,여,24세,경상
2012061200100530,2012년 6월 12일 20시,화요일,대전광역시 동구 가양동,중상사고,0,1,0,0,차대사람 - 횡단중,보행자보호의무위반,건조,맑음,교차로 - 교차로안,승용,남,42세,상해없음,보행자,남,32세,중상