사고번호,사고일시,요일,시군구,사고내용,사망자수,중상자수,경상자수,부상신고자수,사고유형,법규위반,노면상태,기상상태,도로형태,가해운전자 차종,가해운전자 성별,가해운전자 연령,가해운전자 상해정도,피해운전자 차종,피해운전자 성별,피해운전자 연령,피해운전자 상해정도
2012061200100531,2012년 6월 12일 20시,화요일,대전광역시 서구 둔산동,중상사고,0,1,0,1,차대차 - 측면직각충돌,신호위반,습기,비,교차로 - 교차로안,승용,여,47세,상해없음,승용,여,34세,중상
2012061200100558,2012년 6월 12일 21시,화요일,대전광역시 중구 태평동,중상사고,0,1,0,0,차대차 - 기타,안전운전불이행,습기,비,교차로 - 교차로부근,승용,여,43세,상해없음,승용,남,20세,중상
2012061200100559,2012년 6월 12일 21시,화요일,대전광역시 유성구 원촌동,경상사고,0,0,1,0,차대차 - 추돌 - 진행중,안전거리미확보,습기,비,단일로 - 기타,승용,남,43세,상해없음,승용,남,47세,경상
2012061200100560,2012년 6월 12일 21시,화요일,대전광역시 유성구 지족동,중상사고,0,1,0,0,차대사람 - 횡단중,보행자보호의무위반,건조,맑음,단일로 - 횡단보도상,승용,여,54세,상해없음,보행자,여,51세,중상
2012061200100622,2012년 6월 12일 23시,화요일,대전광역시 서구 월평동,중상사고,0,1,0,0,차대차 - 추돌 - 진행중,안전운전불이행,기타,비,교차로 - 교차로부근,승용,남,44세,상해없음,승용,남,59세,중상
2012061300100161,2012년 6월 13일 09시,수요일,대전광역시 서구 월평동,경상사고,0,0,1,0,차대차 - 기타,신호위반,건조,맑음,교차로 - 교차로안,승용,남,32세,상해없음,승용,남,36세,경상
2012061300100207,2012년 6월 13일 11시,수요일,대전광역시 유성구 장대동,경상사고,0,0,1,0,차대차 - 기타,안전운전불이행,건조,맑음,단일로 - 기타,원동기,남,18세,상해없음,승용,여,48세,상해없음
2012061300100227,2012년 6월 13일 12시,수요일,대전광역시 유성구 관평동,경상사고,0,0,3,0,차대차 - 추돌 - 진행중,불법유턴,건조,맑음,단일로 - 기타,승용,남,26세,상해없음,승용,여,36세,경상
2012061300100256,2012년 6월 13일 13시,수요일,대전광역시 서구 괴정동,경상사고,0,0,4,0,차대차 - 측면직각충돌,교차로운행방법위반,건조,맑음,교차로 - 교차로안,승용,남,50세,경상,승용,남,28세,경상
2012061300100257,2012년 6월 13일 13시,수요일,대전광역시 대덕구 비래동,경상사고,0,0,1,0,차대차 - 측면직각충돌,안전운전불이행,건조,맑음,단일로 - 기타,승용,남,49세,상해없음,화물,남,65세,경상
2012061300100372,2012년 6월 13일 16시,수요일,대전광역시 동구 신흥동,경상사고,0,0,1,0,차대차 - 측면직각충돌,안전운전불이행,건조,맑음,교차로 - 교차로부근,화물,여,22세,상해없음,승용,남,71세,경상
2012061300100373,2012년 6월 13일 16시,수요일,대전광역시 동구 효동,경상사고,0,0,1,0,차대사람 - 기타,기타,건조,맑음,단일로 - 기타,승용,남,53세,상해없음,보행자,남,6세,경상
2012061300100419,2012년 6월 13일 17시,수요일,대전광역시 중구 유천동,중상사고,0,1,0,0,차대사람 - 횡단중,안전운전불이행,건조,맑음,교차로 - 교차로안,승용,여,44세,상해없음,보행자,남,8세,중상
2012061300100420,2012년 6월 13일 17시,수요일,대전광역시 서구 용문동,경상사고,0,0,1,0,차대차 - 측면직각충돌,안전거리미확보,건조,맑음,교차로 - 교차로안,승용,남,59세,상해없음,원동기,남,23세,경상
2012061300100421,2012년 6월 13일 17시,수요일,대전광역시 서구 둔산동,경상사고,0,0,3,0,차대차 - 추돌 - 진행중,안전운전불이행,건조,맑음,단일로 - 기타,승용,여,54세,상해없음,화물,남,40세,상해없음
2012061300100422,2012년 6월 13일 17시,수요일,대전광역시 서구 월평동,중상사고,0,1,0,0,차대차 - 추돌 - 주정차중,안전거리미확보,건조,맑음,단일로 - 기타,승용,남,51세,상해없음,승용,여,47세,중상
2012061300100493,2012년 6월 13일 19시,수요일,대전광역시 서구 괴정동,경상사고,0,0,1,0,차대차 - 측면직각충돌,안전운전불이행,건조,맑음,단일로 - 기타,화물,남,47세,상해없음,자전거,여,7세,경상
2012061300100598,2012년 6월 13일 22시,수요일,대전광역시 중구 문화동,경상사고,0,0,1,0,차대차 - 측면직각충돌,신호위반,건조,맑음,교차로 - 교차로안,승용,여,43세,상해없음,승용,여,48세,경상
2012061400100080,2012년 6월 14일 06시,목요일,대전광역시 대덕구 중리동,경상사고,0,0,1,0,차대차 - 추돌 - 주정차중,안전운전불이행,건조,맑음,교차로 - 교차로부근,승용,기타불명,기타불명,기타불명,승합,남,43세,경상
2012061400100120,2012년 6월 14일 07시,목요일,대전광역시 대덕구 중리동,경상사고,0,0,1,0,차대차 - 측면직각충돌,신호위반,건조,맑음,교차로 - 교차로안,화물,남,43세,상해없음,승용,여,43세,경상
2012061400100154,2012년 6월 14일 08시,목요일,대전광역시 중구 문화동,경상사고,0,0,1,0,차대사람 - 횡단중,안전운전불이행,건조,맑음,단일로 - 기타,승합,남,49세,상해없음,보행자,여,73세,경상
2012061400100155,2012년 6월 14일 08시,목요일,대전광역시 동구 성남동,경상사고,0,0,1,0,차대차 - 추돌 - 진행중,안전거리미확보,건조,맑음,단일로 - 기타,승용,남,59세,상해없음,승용,남,28세,경상
2012061400100156,2012년 6월 14일 08시,목요일,대전광역시 동구 신흥동,경상사고,0,0,1,0,차대차 - 기타,안전거리미확보,건조,맑음,단일로 - 기타,승용,여,36세,상해없음,승합,남,48세,상해없음
2012061400100182,2012년 6월 14일 09시,목요일,대전광역시 중구 오류동,중상사고,0,1,0,0,차대사람 - 보도통행중,신호위반,건조,맑음,교차로 - 교차로부근,승용,남,65세,상해없음,보행자,여,50세,중상
2012061400100230,2012년 6월 14일 11시,목요일,대전광역시 유성구 원내동,중상사고,0,2,1,0,차대차 - 기타,신호위반,건조,맑음,교차로 - 교차로안,승용,여,61세,중상,화물,남,33세,경상
2012061400100312,2012년 6월 14일 14시,목요일,대전광역시 서구 가수원동,경상사고,0,0,1,0,차대사람 - 기타,안전운전불이행,건조,맑음,교차로 - 교차로안,승용,남,63세,상해없음,보행자,여,44세,경상
2012061400100345,2012년 6월 14일 15시,목요일,대전광역시 서구 월평동,경상사고,0,0,3,0,차대차 - 기타,안전거리미확보,건조,맑음,기타 - 기타,승용,남,42세,상해없음,화물,남,40세,경상
2012061400100372,2012년 6월 14일 16시,목요일,대전광역시 동구 용운동,경상사고,0,0,1,0,차대차 - 측면직각충돌,안전거리미확보,건조,맑음,교차로 - 교차로부근,승용,기타불명,기타불명,기타불명,승합,남,44세,경상
2012061400100373,2012년 6월 14일 16시,목요일,대전광역시 서구 가장동,경상사고,0,0,1,0,차대차 - 측면직각충돌,안전운전불이행,건조,맑음,교차로 - 교차로부근,승용,여,53세,상해없음,자전거,남,10세,경상
2012061400100417,2012년 6월 14일 17시,목요일,대전광역시 유성구 장대동,경상사고,0,0,1,0,차대사람 - 기타,안전운전불이행,건조,맑음,단일로 - 기타,승용,남,54세,상해없음,보행자,여,6세,경상
2012061400100529,2012년 6월 14일 20시,목요일,대전광역시 중구 대흥동,경상사고,0,0,1,0,차대사람 - 보도통행중,신호위반,건조,맑음,교차로 - 교차로안,승용,남,65세,상해없음,보행자,여,16세,경상
2012061400100530,2012년 6월 14일 20시,목요일,대전광역시 동구 정동,중상사고,0,1,0,0,차대사람 - 기타,안전운전불이행,건조,맑음,교차로 - 교차로부근,승용,남,70세,상해없음,보행자,남,76세,중상
2012061400100552,2012년 6월 14일 21시,목요일,대전광역시 중구 유천동,중상사고,0,2,0,0,차대사람 - 횡단중,보행자보호의무위반,건조,맑음,단일로 - 횡단보도상,승용,남,21세,상해없음,보행자,남,35세,중상
2012061400100553,2012년 6월 14일 21시,목요일,대전광역시 동구 세천동,경상사고,0,0,2,0,차대차 - 측면직각충돌,안전운전불이행,건조,맑음,단일로 - 기타,화물,여,26세,상해없음,승용,남,41세,경상
2012061400100554,2012년 6월 14일 21시,목요일,대전광역시 서구 월평동,중상사고,0,1,0,0,차대차 - 측면직각충돌,안전운전불이행,건조,맑음,교차로 - 교차로부근,화물,남,52세,상해없음,이륜,남,33세,중상
2012061400100590,2012년 6월 14일 22시,목요일,대전광역시 유성구 덕명동,중상사고,0,1,0,0,차대차 - 측면직각충돌,안전운전불이행,건조,맑음,단일로 - 기타,승용,남,65세,상해없음,승용,여,46세,중상
2012061500100021,2012년 6월 15일 00시,금요일,대전광역시 동구 자양동,경상사고,0,0,1,0,차대차 - 측면직각충돌,안전운전불이행,건조,맑음,교차로 - 교차로안,승용,남,26세,상해없음,이륜,남,24세,경상
2012061500100040,2012년 6월 15일 01시,금요일,대전광역시 유성구 궁동,경상사고,0,0,1,0,차대차 - 추돌 - 진행중,안전운전불이행,건조,맑음,교차로 - 교차로부근,승용,남,19세,상해없음,원동기,남,23세,경상
2012061500100041,2012년 6월 15일 01시,금요일,대전광역시 유성구 화암동,경상사고,0,0,1,0,차대차 - 측면직각충돌,안전운전불이행,건조,맑음,단일로 - 기타,승용,남,32세,상해없음,승용,여,39세,경상
2012061500100153,2012년 6월 15일 08시,금요일,대전광역시 중구 오류동,경상사고,0,0,2,0,차대차 - 측면직각충돌,안전운전불이행,건조,맑음,단일로 - 기타,승용,남,55세,상해없음,승용,남,55세,경상
2012061500100271,2012년 6월 15일 12시,금요일,대전광역시 중구 대사동,중상사고,0,1,1,0,차대사람 - 횡단중,신호위반,건조,흐림,단일로 - 횡단보도상,승용,남,79세,상해없음,보행자,여,59세,중상
2012061500100424,2012년 6월 15일 16시,금요일,대전광역시 중구 산성동,중상사고,0,1,3,0,차대차 - 측면직각충돌,교차로운행방법위반,건조,맑음,교차로 - 교차로부근,건설기계,남,41세,상해없음,승용,남,71세,중상
2012061500100612,2012년 6월 15일 20시,금요일,대전광역시 서구 관저동,중상사고,0,1,0,0,차대차 - 측면직각충돌,신호위반,건조,맑음,교차로 - 교차로안,승용,여,41세,상해없음,이륜,남,20세,중상
2012061500100613,2012년 6월 15일 20시,금요일,대전광역시 대덕구 오정동,중상사고,0,1,0,0,차대사람 - 횡단중,안전운전불이행,건조,맑음,교차로 - 교차로부근,승용,남,40세,상해없음,보행자,여,22세,중상
2012061500100667,2012년 6월 15일 21시,금요일,대전광역시 서구 괴정동,경상사고,0,0,1,0,차대차 - 측면직각충돌,안전운전불이행,건조,맑음,단일로 - 교량,승용,남,47세,상해없음,승용,남,27세,경상
2012061500100712,2012년 6월 15일 22시,금요일,대전광역시 중구 산성동,경상사고,0,0,3,0,차대차 - 추돌 - 주정차중,안전운전불이행,건조,맑음,교차로 - 교차로부근,승용,남,48세,상해없음,승용,남,24세,경상
2012061500100713,2012년 6월 15일 22시,금요일,대전광역시 서구 탄방동,경상사고,0,0,1,0,차대사람 - 기타,기타,건조,맑음,단일로 - 기타,이륜,기타불명,기타불명,기타불명,보행자,남,45세,경상
2012061600100046,2012년 6월 16일 00시,토요일,대전광역시 서구 도마동,경상사고,0,0,1,0,차대차 - 기타,안전운전불이행,건조,맑음,단일로 - 기타,승용,기타불명,기타불명,기타불명,승용,남,62세,경상
2012061600100047,2012년 6월 16일 00시,토요일,대전광역시 대덕구 덕암동,중상사고,0,1,0,0,차대사람 - 기타,안전운전불이행,건조,맑음,교차로 - 교차로부근,승용,남,40세,상해없음,보행자,남,51세,중상
2012061600100087,2012년 6월 16일 01시,토요일,대전광역시 서구 내동,경상사고,0,0,1,0,차대사람 - 기타,안전운전불이행,건조,흐림,교차로 - 교차로안,승용,남,41세,상해없음,보행자,남,36세,경상
2012061600100097,2012년 6월 16일 02시,토요일,대전광역시 대덕구 석봉동,경상사고,0,0,1,0,차대차 - 기타,안전운전불이행,건조,맑음,단일로 - 기타,승용,남,39세,상해없음,화물,남,45세,경상
2012061600100102,2012년 6월 16일 02시,토요일,대전광역시 서구 관저동,중상사고,0,1,0,0,차대사람 - 기타,신호위반,건조,흐림,단일로 - 횡단보도상,승용,남,49세,상해없음,보행자,여,19세,중상
2012061600100290,2012년 6월 16일 11시,토요일,대전광역시 동구 가오동,경상사고,0,0,4,0,차대차 - 추돌 - 주정차중,안전운전불이행,건조,맑음,단일로 - 기타,승용,여,54세,상해없음,화물,남,57세,경상
2012061600100291,2012년 6월 16일 11시,토요일,대전광역시 서구 용문동,경상사고,0,0,1,0,차대차 - 측면직각충돌,신호위반,건조,맑음,교차로 - 교차로부근,화물,남,66세,상해없음,승용,여,45세,경상
2012061600100292,2012년 6월 16일 11시,토요일,대전광역시 서구 복수동,경상사고,0,0,2,0,차대차 - 측면직각충돌,안전운전불이행,건조,맑음,단일로 - 기타,화물,기타불명,기타불명,기타불명,승용,남,73세,경상
2012061600100293,2012년 6월 16일 11시,토요일,대전광역시 서구 갈마동,중상사고,0,1,0,0,차대사람 - 기타,안전운전불이행,건조,맑음,교차로 - 교차로부근,화물,남,52세,상해없음,보행자,여,85세,중상
2012061600100533,2012년 6월 16일 18시,토요일,대전광역시 서구 용문동,중상사고,0,1,0,0,차대차 - 추돌 - 진행중,안전운전불이행,건조,기타,단일로 - 기타,승용,남,29세,상해없음,자전거,남,58세,중상
2012061600100534,2012년 6월 16일 18시,토요일,대전광역시 서구 변동,경상사고,0,0,1,0,차대차 - 측면직각충돌,신호위반,건조,기타,교차로 - 교차로안,승용,여,47세,상해없음,승용,남,38세,경상
2012061600100560,2012년 6월 16일 19시,토요일,대전광역시 서구 둔산동,경상사고,0,0,1,0,차대차 - 측면직각충돌,중앙선침범,건조,맑음,단일로 - 기타,승용,남,31세,상해없음,이륜,남,21세,경상
2012061600100622,2012년 6월 16일 21시,토요일,대전광역시 중구 안영동,중상사고,0,1,0,0,차대사람 - 횡단중,안전운전불이행,건조,맑음,교차로 - 교차로안,승용,여,52세,상해없음,보행자,여,54세,중상
2012061600100623,2012년 6월 16일 21시,토요일,대전광역시 중구 유천동,경상사고,0,0,1,0,차대차 - 기타,안전운전불이행,건조,맑음,단일로 - 기타,승용,남,41세,상해없음,승용,여,40세,경상
2012061600100624,2012년 6월 16일 21시,토요일,대전광역시 유성구 구암동,중상사고,0,1,1,0,차대차 - 측면직각충돌,안전운전불이행,건조,맑음,단일로 - 기타,승용,여,45세,상해없음,승용,남,35세,경상
2012061600100655,2012년 6월 16일 22시,토요일,대전광역시 동구 삼성동,부상신고사고,0,0,0,1,차대차 - 기타,안전운전불이행,건조,맑음,단일로 - 기타,원동기,남,19세,부상신고,승용,남,36세,상해없음
2012061600100678,2012년 6월 16일 23시,토요일,대전광역시 동구 가양동,중상사고,0,1,0,0,차대차 - 기타,안전운전불이행,건조,맑음,단일로 - 횡단보도부근,승용,남,30세,상해없음,자전거,남,19세,중상
2012061600100679,2012년 6월 16일 23시,토요일,대전광역시 서구 내동,경상사고,0,0,1,0,차대차 - 측면직각충돌,안전운전불이행,건조,맑음,단일로 - 횡단보도부근,승용,기타불명,기타불명,기타불명,자전거,남,24세,경상
2012061700100024,2012년 6월 17일 00시,일요일,대전광역시 서구 용문동,경상사고,0,0,1,0,차대차 - 측면직각충돌,신호위반,건조,맑음,교차로 - 교차로안,승용,남,27세,상해없음,승용,남,72세,경상
2012061700100048,2012년 6월 17일 01시,일요일,대전광역시 대덕구 와동,경상사고,0,0,3,0,차대차 - 측면직각충돌,중앙선침범,건조,맑음,단일로 - 기타,승용,남,29세,기타불명,승용,남,53세,경상
2012061700100139,2012년 6월 17일 08시,일요일,대전광역시 동구 용운동,경상사고,0,0,1,0,차대차 - 측면직각충돌,안전운전불이행,건조,맑음,교차로 - 교차로안,승용,남,21세,상해없음,승용,남,42세,경상
2012061700100196,2012년 6월 17일 11시,일요일,대전광역시 서구 괴정동,경상사고,0,0,1,0,차대차 - 측면직각충돌,안전운전불이행,건조,맑음,단일로 - 기타,승용,남,34세,상해없음,자전거,남,53세,경상
2012061700100197,2012년 6월 17일 11시,일요일,대전광역시 서구 둔산동,경상사고,0,0,2,0,차대차 - 추돌 - 주정차중,안전거리미확보,건조,맑음,단일로 - 기타,승용,남,53세,기타불명,승용,남,25세,경상
2012061700100273,2012년 6월 17일 14시,일요일,대전광역시 유성구 갑동,경상사고,0,0,6,0,차대차 - 추돌 - 주정차중,안전운전불이행,건조,맑음,단일로 - 기타,승합,남,38세,상해없음,승용,남,44세,경상
2012061700100383,2012년 6월 17일 18시,일요일,대전광역시 동구 효동,경상사고,0,0,1,0,차대차 - 측면직각충돌,안전거리미확보,건조,맑음,단일로 - 기타,화물,남,56세,경상,승용,남,57세,상해없음
2012061700100411,2012년 6월 17일 19시,일요일,대전광역시 서구 도마동,경상사고,0,0,4,0,차대차 - 추돌 - 진행중,안전운전불이행,건조,맑음,단일로 - 기타,승용,남,20세,기타불명,승용,남,54세,경상
2012061700100474,2012년 6월 17일 21시,일요일,대전광역시 동구 용운동,경상사고,0,0,2,0,차대차 - 추돌 - 주정차중,안전거리미확보,건조,맑음,단일로 - 기타,승용,여,42세,상해없음,승용,남,32세,경상
2012061800100017,2012년 6월 18일 00시,월요일,대전광역시 동구 세천동,중상사고,0,4,1,0,차량단독 - 공작물충돌,안전운전불이행,건조,맑음,단일로 - 기타,승용,남,19세,상해없음,,,,
2012061800100025,2012년 6월 18일 01시,월요일,대전광역시 중구 문창동,중상사고,0,1,0,0,차대사람 - 차도통행중,안전운전불이행,건조,맑음,단일로 - 기타,승용,남,33세,상해없음,보행자,여,70세,중상
2012061800100052,2012년 6월 18일 05시,월요일,대전광역시 대덕구 신일동,중상사고,0,1,1,0,차대차 - 추돌 - 주정차중,안전운전불이행,건조,맑음,단일로 - 기타,승용,남,31세,중상,화물,미분류,기타불명,기타불명
2012061800100139,2012년 6월 18일 08시,월요일,대전광역시 서구 둔산동,경상사고,0,0,3,0,차대차 - 추돌 - 진행중,안전운전불이행,건조,맑음,교차로 - 교차로부근,승용,남,47세,상해없음,승용,여,30세,경상
2012061800100163,2012년 6월 18일 09시,월요일,대전광역시 중구 문화동,경상사고,0,0,1,0,차량단독 - 공작물충돌,기타,건조,맑음,단일로 - 기타,승합,남,45세,상해없음,,,,
2012061800100258,2012년 6월 18일 13시,월요일,대전광역시 서구 관저동,경상사고,0,0,1,0,차대사람 - 기타,안전운전불이행,건조,맑음,기타 - 기타,승용,남,65세,상해없음,보행자,여,45세,경상
2012061800100282,2012년 6월 18일 14시,월요일,대전광역시 중구 태평동,사망사고,1,0,0,0,차대사람 - 횡단중,중앙선침범,건조,맑음,단일로 - 기타,승용,남,35세,상해없음,보행자,여,86세,사망
2012061800100435,2012년 6월 18일 18시,월요일,대전광역시 동구 성남동,중상사고,0,1,0,0,차대사람 - 차도통행중,안전운전불이행,건조,맑음,단일로 - 기타,승용,여,24세,상해없음,보행자,여,39세,중상
2012061800100436,2012년 6월 18일 18시,월요일,대전광역시 동구 자양동,중상사고,0,1,2,0,차대차 - 정면충돌,안전운전불이행,건조,맑음,교차로 - 교차로안,승용,남,24세,상해없음,승용,남,35세,경상
2012061800100437,2012년 6월 18일 18시,월요일,대전광역시 대덕구 송촌동,중상사고,0,1,0,0,차대사람 - 기타,안전운전불이행,건조,맑음,단일로 - 기타,승합,남,52세,상해없음,보행자,남,9세,중상
2012061800100512,2012년 6월 18일 20시,월요일,대전광역시 동구 자양동,경상사고,0,0,2,0,차대차 - 측면직각충돌,안전거리미확보,건조,맑음,단일로 - 기타,승용,남,52세,상해없음,이륜,남,18세,경상
2012061800100567,2012년 6월 18일 21시,월요일,대전광역시 중구 용두동,중상사고,0,1,0,0,차대사람 - 차도통행중,안전운전불이행,건조,흐림,단일로 - 기타,승용,남,70세,상해없음,보행자,남,75세,중상
2012061800100637,2012년 6월 18일 23시,월요일,대전광역시 유성구 장대동,경상사고,0,0,2,0,차대차 - 측면직각충돌,안전운전불이행,건조,맑음,교차로 - 교차로안,승용,남,45세,상해없음,승용,남,24세,경상
2012061900100061,2012년 6월 19일 02시,화요일,대전광역시 서구 둔산동,경상사고,0,0,2,0,차대차 - 측면직각충돌,안전운전불이행,습기,비,단일로 - 기타,승용,여,42세,상해없음,승용,남,32세,경상
2012061900100137,2012년 6월 19일 07시,화요일,대전광역시 대덕구 읍내동,중상사고,0,1,0,0,차대차 - 측면직각충돌,신호위반,건조,맑음,교차로 - 교차로부근,승용,남,28세,상해없음,자전거,남,63세,중상
2012061900100205,2012년 6월 19일 09시,화요일,대전광역시 중구 용두동,경상사고,0,0,1,0,차대차 - 기타,안전거리미확보,건조,맑음,단일로 - 기타,승용,여,26세,상해없음,화물,남,54세,경상
2012061900100232,2012년 6월 19일 10시,화요일,대전광역시 동구 삼성동,중상사고,0,1,0,0,차대차 - 측면직각충돌,안전운전불이행,건조,맑음,단일로 - 기타,승용,남,56세,상해없음,특수,남,49세,상해없음
2012061900100338,2012년 6월 19일 14시,화요일,대전광역시 중구 유천동,경상사고,0,0,2,0,차대차 - 추돌 - 진행중,안전운전불이행,건조,맑음,교차로 - 교차로부근,승용,여,63세,상해없음,승용,남,54세,경상
2012061900100360,2012년 6월 19일 15시,화요일,대전광역시 중구 대사동,경상사고,0,0,2,0,차대차 - 측면직각충돌,교차로운행방법위반,건조,맑음,교차로 - 교차로안,승합,남,57세,상해없음,승용,여,52세,경상
2012061900100383,2012년 6월 19일 16시,화요일,대전광역시 서구 둔산동,중상사고,0,1,0,0,차대차 - 기타,안전운전불이행,건조,맑음,단일로 - 기타,승용,여,44세,상해없음,승용,남,36세,중상
2012061900100535,2012년 6월 19일 20시,화요일,대전광역시 유성구 노은동,경상사고,0,0,2,0,차대차 - 정면충돌,신호위반,건조,맑음,교차로 - 교차로안,이륜,남,21세,경상,승용,여,41세,경상
2012061900100570,2012년 6월 19일 21시,화요일,대전광역시 중구 유천동,경상사고,0,0,1,0,차대사람 - 횡단중,안전운전불이행,습기,흐림,단일로 - 기타,승용,남,56세,상해없음,보행자,여,14세,경상
2012061900100571,2012년 6월 19일 21시,화요일,대전광역시 중구 태평동,경상사고,0,0,2,0,차대차 - 추돌 - 진행중,안전운전불이행,건조,맑음,단일로 - 기타,승용,남,59세,상해없음,승용,남,29세,경상
2012061900100572,2012년 6월 19일 21시,화요일,대전광역시 서구 둔산동,경상사고,0,0,1,0,차대차 - 기타,안전운전불이행,습기,비,교차로 - 교차로안,승용,기타불명,기타불명,기타불명,이륜,남,21세,경상
2012061900100599,2012년 6월 19일 22시,화요일,대전광역시 서구 변동,경상사고,0,0,1,0,차대차 - 추돌 - 주정차중,안전운전불이행,건조,맑음,교차로 - 교차로부근,승합,남,49세,상해없음,화물,남,27세,경상
2012061900100619,2012년 6월 19일 23시,화요일,대전광역시 서구 탄방동,경상사고,0,0,1,0,차대차 - 측면직각충돌,신호위반,습기,비,교차로 - 교차로안,승용,여,22세,상해없음,승용,여,50세,경상
2012062000100049,2012년 6월 20일 03시,수요일,대전광역시 대덕구 오정동,부상신고사고,0,0,0,1,차대차 - 측면직각충돌,신호위반,건조,맑음,교차로 - 교차로안,승용,남,20세,상해없음,승용,여,39세,부상신고
2012062000100087,2012년 6월 20일 06시,수요일,대전광역시 중구 안영동,경상사고,0,0,6,0,차대차 - 측면직각충돌,안전거리미확보,건조,맑음,단일로 - 기타,승용,남,42세,상해없음,승합,남,48세,경상
2012062000100151,2012년 6월 20일 08시,수요일,대전광역시 대덕구 송촌동,경상사고,0,0,1,0,차대사람 - 보도통행중,중앙선침범,건조,맑음,단일로 - 기타,화물,남,54세,상해없음,보행자,남,58세,경상
2012062000100172,2012년 6월 20일 09시,수요일,대전광역시 서구 내동,경상사고,0,0,19,1,차대차 - 추돌 - 진행중,안전운전불이행,건조,맑음,단일로 - 기타,승합,남,55세,상해없음,승합,남,50세,경상
2012062000100228,2012년 6월 20일 11시,수요일,대전광역시 동구 원동,경상사고,0,0,1,0,차대차 - 측면직각충돌,안전운전불이행,건조,맑음,단일로 - 기타,승합,남,48세,상해없음,이륜,남,34세,경상
2012062000100262,2012년 6월 20일 12시,수요일,대전광역시 중구 문화동,경상사고,0,0,1,0,차대차 - 추돌 - 주정차중,안전운전불이행,건조,맑음,단일로 - 기타,승용,남,35세,상해없음,승용,남,63세,경상
2012062000100351,2012년 6월 20일 15시,수요일,대전광역시 중구 문화동,경상사고,0,0,1,0,차대차 - 추돌 - 주정차중,안전운전불이행,건조,맑음,단일로 - 기타,승용,여,50세,상해없음,승용,남,25세,상해없음
2012062000100416,2012년 6월 20일 17시,수요일,대전광역시 동구 가양동,경상사고,0,0,1,0,차대사람 - 길가장자리구역통행중,안전운전불이행,건조,맑음,단일로 - 기타,화물,남,60세,상해없음,보행자,여,87세,경상
2012062000100452,2012년 6월 20일 18시,수요일,대전광역시 서구 복수동,경상사고,0,0,1,0,차대차 - 정면충돌,신호위반,건조,맑음,교차로 - 교차로안,승용,남,60세,상해없음,승용,여,42세,경상
2012062000100579,2012년 6월 20일 22시,수요일,대전광역시 동구 판암동,경상사고,0,0,1,0,차대사람 - 횡단중,보행자보호의무위반,건조,맑음,교차로 - 교차로안,화물,여,57세,상해없음,보행자,남,17세,경상
2012062000100580,2012년 6월 20일 22시,수요일,대전광역시 유성구 원신흥동,경상사고,0,0,1,0,차대차 - 추돌 - 주정차중,안전운전불이행,건조,맑음,단일로 - 기타,승용,남,47세,상해없음,승용,남,34세,경상
2012062100100029,2012년 6월 21일 01시,목요일,대전광역시 대덕구 문평동,경상사고,0,0,2,0,차대차 - 측면직각충돌,신호위반,건조,맑음,교차로 - 교차로안,승용,남,25세,상해없음,승용,남,42세,경상
2012062100100090,2012년 6월 21일 06시,목요일,대전광역시 중구 오류동,중상사고,0,1,1,0,차대차 - 측면직각충돌,신호위반,건조,맑음,교차로 - 교차로안,화물,남,41세,상해없음,승용,남,67세,경상
2012062100100091,2012년 6월 21일 06시,목요일,대전광역시 동구 용운동,중상사고,0,1,0,0,차대사람 - 기타,안전운전불이행,건조,맑음,단일로 - 기타,승용,기타불명,기타불명,기타불명,보행자,남,16세,중상
2012062100100160,2012년 6월 21일 08시,목요일,대전광역시 중구 문화동,경상사고,0,0,1,0,차량단독 - 기타,기타,건조,맑음,단일로 - 기타,승합,남,48세,상해없음,,,,
2012062100100161,2012년 6월 21일 08시,목요일,대전광역시 서구 월평동,경상사고,0,0,1,0,차대차 - 측면직각충돌,안전운전불이행,건조,맑음,교차로 - 교차로안,승용,기타불명,기타불명,기타불명,승용,여,28세,경상
2012062100100186,2012년 6월 21일 09시,목요일,대전광역시 중구 부사동,경상사고,0,0,1,0,차대차 - 기타,안전운전불이행,건조,맑음,교차로 - 교차로안,원동기,남,78세,상해없음,자전거,남,59세,경상
2012062100100213,2012년 6월 21일 10시,목요일,대전광역시 서구 탄방동,경상사고,0,0,1,0,차대사람 - 횡단중,보행자보호의무위반,건조,맑음,단일로 - 횡단보도상,승용,남,31세,상해없음,보행자,여,26세,경상
2012062100100442,2012년 6월 21일 17시,목요일,대전광역시 서구 도마동,경상사고,0,0,1,0,차대차 - 기타,안전거리미확보,건조,맑음,단일로 - 기타,승용,남,54세,상해없음,승용,남,36세,경상
2012062100100443,2012년 6월 21일 17시,목요일,대전광역시 유성구 도룡동,중상사고,0,1,0,0,차대차 - 기타,안전거리미확보,건조,맑음,단일로 - 기타,승합,남,41세,상해없음,승용,남,26세,상해없음
2012062100100487,2012년 6월 21일 18시,목요일,대전광역시 중구 태평동,경상사고,0,0,1,0,차대차 - 기타,안전운전불이행,건조,맑음,단일로 - 기타,승용,여,48세,상해없음,자전거,남,22세,경상
2012062100100550,2012년 6월 21일 20시,목요일,대전광역시 서구 복수동,중상사고,0,1,2,1,차대차 - 추돌 - 진행중,안전운전불이행,건조,맑음,단일로 - 기타,승합,기타불명,기타불명,기타불명,승용,여,44세,중상
2012062100100551,2012년 6월 21일 20시,목요일,대전광역시 서구 만년동,경상사고,0,0,3,0,차대차 - 기타,신호위반,건조,맑음,교차로 - 교차로안,승용,남,55세,상해없음,승용,남,60세,경상