사고번호,사고일시,요일,시군구,사고내용,사망자수,중상자수,경상자수,부상신고자수,사고유형,법규위반,노면상태,기상상태,도로형태,가해운전자 차종,가해운전자 성별,가해운전자 연령,가해운전자 상해정도,피해운전자 차종,피해운전자 성별,피해운전자 연령,피해운전자 상해정도
2012062100100591,2012년 6월 21일 21시,목요일,대전광역시 서구 월평동,경상사고,0,0,1,0,차대차 - 측면직각충돌,안전운전불이행,건조,맑음,교차로 - 교차로안,승용,기타불명,기타불명,기타불명,원동기,여,46세,경상
2012062100100620,2012년 6월 21일 22시,목요일,대전광역시 서구 갈마동,경상사고,0,0,2,0,차대차 - 추돌 - 주정차중,안전운전불이행,건조,맑음,단일로 - 기타,승용,여,27세,상해없음,승용,남,43세,경상
2012062200100048,2012년 6월 22일 01시,금요일,대전광역시 서구 용문동,경상사고,0,0,2,0,차대차 - 측면직각충돌,신호위반,건조,맑음,단일로 - 기타,승합,남,45세,상해없음,승용,남,51세,경상
2012062200100072,2012년 6월 22일 03시,금요일,대전광역시 유성구 봉명동,경상사고,0,0,1,0,차대차 - 측면직각충돌,교차로운행방법위반,건조,맑음,교차로 - 교차로안,승용,남,23세,상해없음,승용,여,33세,경상
2012062200100142,2012년 6월 22일 07시,금요일,대전광역시 서구 가수원동,중상사고,0,1,1,0,차대차 - 추돌 - 진행중,안전운전불이행,건조,맑음,단일로 - 기타,승용,남,23세,상해없음,승용,남,60세,중상
2012062200100143,2012년 6월 22일 07시,금요일,대전광역시 유성구 추목동,중상사고,0,1,0,0,차대차 - 기타,교차로운행방법위반,건조,맑음,교차로 - 교차로안,승용,기타불명,기타불명,기타불명,자전거,남,32세,중상
2012062200100187,2012년 6월 22일 08시,금요일,대전광역시 유성구 봉명동,경상사고,0,0,1,0,차대차 - 기타,안전운전불이행,건조,맑음,단일로 - 기타,승용,남,32세,상해없음,승용,남,60세,상해없음
2012062200100358,2012년 6월 22일 14시,금요일,대전광역시 동구 판암동,경상사고,0,0,1,0,차대사람 - 보도통행중,안전운전불이행,건조,맑음,단일로 - 기타,승용,남,55세,상해없음,보행자,남,52세,경상
2012062200100468,2012년 6월 22일 17시,금요일,대전광역시 동구 용전동,중상사고,0,1,0,0,차대차 - 측면직각충돌,교차로운행방법위반,건조,맑음,교차로 - 교차로안,이륜,남,23세,상해없음,자전거,남,13세,중상
2012062200100511,2012년 6월 22일 18시,금요일,대전광역시 중구 부사동,중상사고,0,1,0,0,차대사람 - 횡단중,안전운전불이행,건조,맑음,단일로 - 기타,승용,남,62세,상해없음,보행자,남,15세,중상
2012062200100541,2012년 6월 22일 19시,금요일,대전광역시 동구 홍도동,경상사고,0,0,1,0,차대차 - 기타,안전운전불이행,건조,맑음,교차로 - 교차로안,화물,남,55세,상해없음,자전거,여,22세,경상
2012062200100542,2012년 6월 22일 19시,금요일,대전광역시 서구 탄방동,중상사고,0,1,0,0,차대차 - 측면직각충돌,안전운전불이행,건조,맑음,교차로 - 교차로부근,승용,남,39세,상해없음,자전거,남,23세,중상
2012062200100584,2012년 6월 22일 20시,금요일,대전광역시 유성구 원내동,경상사고,0,0,1,0,차대사람 - 보도통행중,보행자보호의무위반,건조,맑음,단일로 - 횡단보도상,기타불명,기타불명,기타불명,기타불명,보행자,남,9세,경상
2012062200100625,2012년 6월 22일 21시,금요일,대전광역시 서구 가장동,경상사고,0,0,1,0,차대차 - 기타,안전운전불이행,건조,맑음,단일로 - 기타,승용,남,22세,상해없음,이륜,남,32세,경상
2012062200100666,2012년 6월 22일 22시,금요일,대전광역시 서구 월평동,경상사고,0,0,1,0,차대사람 - 횡단중,안전운전불이행,건조,맑음,단일로 - 기타,승용,남,24세,상해없음,보행자,여,8세,경상
2012062200100700,2012년 6월 22일 23시,금요일,대전광역시 서구 탄방동,중상사고,0,1,0,0,차대사람 - 횡단중,안전운전불이행,건조,맑음,단일로 - 횡단보도상,화물,남,26세,상해없음,보행자,여,41세,중상
2012062300100070,2012년 6월 23일 02시,토요일,대전광역시 동구 삼성동,중상사고,0,1,0,0,차대사람 - 횡단중,안전운전불이행,건조,맑음,단일로 - 횡단보도부근,승용,남,51세,상해없음,보행자,여,57세,중상
2012062300100071,2012년 6월 23일 02시,토요일,대전광역시 서구 월평동,경상사고,0,0,1,0,차대차 - 추돌 - 진행중,안전운전불이행,건조,맑음,교차로 - 교차로부근,승용,남,49세,상해없음,승용,남,51세,상해없음
2012062300100084,2012년 6월 23일 03시,토요일,대전광역시 대덕구 중리동,경상사고,0,0,1,0,차대차 - 측면직각충돌,교차로운행방법위반,건조,맑음,교차로 - 교차로안,승용,남,53세,상해없음,승용,남,45세,상해없음
2012062300100085,2012년 6월 23일 03시,토요일,대전광역시 서구 둔산동,중상사고,0,2,2,0,차대차 - 측면직각충돌,신호위반,건조,맑음,교차로 - 교차로안,승용,남,23세,경상,승합,남,49세,경상
2012062300100106,2012년 6월 23일 04시,토요일,대전광역시 서구 갈마동,경상사고,0,0,6,0,차대차 - 측면직각충돌,중앙선침범,건조,맑음,교차로 - 교차로부근,승용,남,27세,상해없음,승합,남,51세,경상
2012062300100177,2012년 6월 23일 08시,토요일,대전광역시 서구 용문동,중상사고,0,1,0,0,차대사람 - 보도통행중,기타,건조,맑음,단일로 - 기타,자전거,기타불명,기타불명,기타불명,보행자,여,48세,중상
2012062300100230,2012년 6월 23일 10시,토요일,대전광역시 중구 선화동,경상사고,0,0,1,0,차대차 - 측면직각충돌,안전거리미확보,건조,맑음,단일로 - 기타,승용,남,42세,상해없음,승용,남,40세,경상
2012062300100231,2012년 6월 23일 10시,토요일,대전광역시 동구 원동,중상사고,0,1,0,0,차량단독 - 기타,안전운전불이행,건조,맑음,단일로 - 기타,승합,남,55세,상해없음,,,,
2012062300100323,2012년 6월 23일 13시,토요일,대전광역시 서구 월평동,경상사고,0,0,2,0,차대차 - 추돌 - 진행중,안전운전불이행,건조,맑음,단일로 - 기타,승용,남,60세,상해없음,승용,남,33세,경상
2012062300100454,2012년 6월 23일 17시,토요일,대전광역시 중구 산성동,경상사고,0,0,1,0,차대차 - 측면직각충돌,교차로운행방법위반,건조,맑음,교차로 - 교차로안,승용,여,36세,상해없음,승용,여,51세,경상
2012062300100491,2012년 6월 23일 18시,토요일,대전광역시 중구 호동,경상사고,0,0,1,0,차대차 - 측면직각충돌,교차로운행방법위반,건조,맑음,단일로 - 기타,승용,남,38세,상해없음,자전거,남,17세,경상
2012062300100492,2012년 6월 23일 18시,토요일,대전광역시 중구 사정동,경상사고,0,0,1,0,차대차 - 추돌 - 진행중,안전운전불이행,건조,맑음,교차로 - 교차로안,승용,남,45세,상해없음,이륜,남,17세,경상
2012062300100493,2012년 6월 23일 18시,토요일,대전광역시 중구 부사동,중상사고,0,1,0,0,차량단독 - 기타,기타,건조,맑음,교차로 - 교차로부근,승합,남,38세,상해없음,,,,
2012062300100520,2012년 6월 23일 19시,토요일,대전광역시 동구 홍도동,경상사고,0,0,1,0,차대차 - 측면직각충돌,안전운전불이행,건조,맑음,교차로 - 교차로안,승용,남,30세,상해없음,자전거,남,9세,경상
2012062300100556,2012년 6월 23일 20시,토요일,대전광역시 중구 문화동,경상사고,0,0,1,0,차량단독 - 공작물충돌,기타,습기,흐림,단일로 - 기타,승합,남,45세,상해없음,,,,
2012062300100594,2012년 6월 23일 21시,토요일,대전광역시 중구 중촌동,사망사고,1,0,0,0,차량단독 - 전도전복,안전운전불이행,건조,맑음,교차로 - 교차로안,이륜,남,21세,사망,,,,
2012062300100595,2012년 6월 23일 21시,토요일,대전광역시 유성구 관평동,경상사고,0,0,1,0,차대사람 - 횡단중,보행자보호의무위반,건조,맑음,교차로 - 교차로안,이륜,남,20세,상해없음,보행자,남,53세,경상
2012062300100621,2012년 6월 23일 22시,토요일,대전광역시 서구 갈마동,경상사고,0,0,1,0,차대사람 - 횡단중,보행자보호의무위반,건조,맑음,단일로 - 횡단보도상,승용,기타불명,기타불명,기타불명,보행자,남,22세,경상
2012062300100650,2012년 6월 23일 23시,토요일,대전광역시 서구 둔산동,경상사고,0,0,1,0,차대사람 - 길가장자리구역통행중,안전운전불이행,건조,맑음,단일로 - 기타,승용,남,25세,상해없음,보행자,남,28세,경상
2012062400100021,2012년 6월 24일 00시,일요일,대전광역시 동구 대동,경상사고,0,0,1,0,차대차 - 측면직각충돌,안전운전불이행,건조,맑음,단일로 - 기타,승용,남,25세,상해없음,승용,남,35세,경상
2012062400100045,2012년 6월 24일 01시,일요일,대전광역시 서구 월평동,경상사고,0,0,1,0,차대차 - 추돌 - 주정차중,안전운전불이행,건조,맑음,단일로 - 기타,승합,남,37세,상해없음,화물,여,48세,경상
2012062400100183,2012년 6월 24일 11시,일요일,대전광역시 중구 대흥동,경상사고,0,0,1,0,차대사람 - 기타,기타,건조,맑음,단일로 - 기타,승합,남,52세,상해없음,보행자,여,73세,경상
2012062400100233,2012년 6월 24일 13시,일요일,대전광역시 동구 용전동,경상사고,0,0,1,0,차대차 - 측면직각충돌,교차로운행방법위반,건조,맑음,교차로 - 교차로안,승용,남,44세,상해없음,승용,여,31세,경상
2012062400100331,2012년 6월 24일 16시,일요일,대전광역시 대덕구 법동,경상사고,0,0,3,0,차대차 - 기타,안전운전불이행,건조,맑음,교차로 - 교차로부근,승합,남,51세,상해없음,승용,남,47세,경상
2012062400100350,2012년 6월 24일 17시,일요일,대전광역시 대덕구 목상동,중상사고,0,1,1,0,차대차 - 측면직각충돌,신호위반,건조,맑음,교차로 - 교차로안,승용,남,27세,기타불명,승용,남,44세,상해없음
2012062400100375,2012년 6월 24일 18시,일요일,대전광역시 중구 오류동,경상사고,0,0,1,0,차대사람 - 기타,안전운전불이행,건조,맑음,단일로 - 기타,승합,남,55세,상해없음,보행자,남,40세,경상
2012062400100469,2012년 6월 24일 21시,일요일,대전광역시 대덕구 중리동,경상사고,0,0,1,0,차대차 - 추돌 - 진행중,안전운전불이행,건조,맑음,단일로 - 기타,승용,기타불명,45세,기타불명,승용,여,38세,경상
2012062400100519,2012년 6월 24일 23시,일요일,대전광역시 서구 괴정동,중상사고,0,1,0,0,차대사람 - 기타,안전운전불이행,건조,기타,단일로 - 교량,승용,여,47세,상해없음,보행자,여,24세,중상
2012062500100043,2012년 6월 25일 04시,월요일,대전광역시 서구 도마동,경상사고,0,0,1,0,차대차 - 추돌 - 진행중,안전운전불이행,건조,기타,단일로 - 기타,승용,남,50세,상해없음,승용,남,42세,경상
2012062500100131,2012년 6월 25일 08시,월요일,대전광역시 중구 석교동,경상사고,0,0,2,0,차대차 - 측면직각충돌,차로위반,건조,맑음,단일로 - 기타,화물,남,47세,상해없음,승용,여,34세,경상
2012062500100167,2012년 6월 25일 09시,월요일,대전광역시 서구 둔산동,경상사고,0,0,2,0,차대차 - 측면직각충돌,안전운전불이행,건조,맑음,교차로 - 교차로부근,기타불명,기타불명,기타불명,기타불명,승용,남,40세,경상
2012062500100196,2012년 6월 25일 10시,월요일,대전광역시 서구 둔산동,경상사고,0,0,1,0,차대차 - 측면직각충돌,안전운전불이행,건조,맑음,단일로 - 기타,승용,여,47세,상해없음,원동기,남,28세,경상
2012062500100290,2012년 6월 25일 13시,월요일,대전광역시 대덕구 대화동,중상사고,0,1,0,0,차대차 - 측면직각충돌,안전운전불이행,건조,맑음,단일로 - 기타,승용,남,34세,상해없음,자전거,남,74세,중상
2012062500100328,2012년 6월 25일 14시,월요일,대전광역시 동구 삼성동,중상사고,0,1,0,0,차대차 - 측면직각충돌,안전운전불이행,건조,맑음,단일로 - 기타,승합,남,54세,상해없음,자전거,남,82세,중상
2012062500100329,2012년 6월 25일 14시,월요일,대전광역시 유성구 송강동,경상사고,0,0,1,0,차대사람 - 기타,신호위반,건조,맑음,단일로 - 횡단보도상,원동기,남,16세,상해없음,보행자,여,7세,경상
2012062500100395,2012년 6월 25일 16시,월요일,대전광역시 동구 신흥동,경상사고,0,0,1,0,차대사람 - 기타,안전운전불이행,건조,맑음,단일로 - 기타,승용,남,58세,상해없음,보행자,여,79세,경상
2012062500100494,2012년 6월 25일 18시,월요일,대전광역시 동구 홍도동,사망사고,1,1,0,0,차량단독 - 공작물충돌,안전운전불이행,건조,맑음,미분류 - 미분류,원동기,남,21세,중상,,,,
2012062500100495,2012년 6월 25일 18시,월요일,대전광역시 대덕구 신탄진동,중상사고,0,1,0,0,차대사람 - 횡단중,중앙선침범,건조,맑음,단일로 - 기타,이륜,남,19세,상해없음,보행자,남,15세,중상
2012062500100496,2012년 6월 25일 18시,월요일,대전광역시 유성구 대정동,경상사고,0,0,1,0,차대차 - 기타,안전운전불이행,건조,맑음,단일로 - 기타,승합,남,54세,상해없음,승용,여,45세,경상
2012062500100497,2012년 6월 25일 18시,월요일,대전광역시 유성구 구암동,경상사고,0,0,1,0,차량단독 - 기타,안전운전불이행,건조,맑음,단일로 - 기타,승합,남,56세,상해없음,,,,
2012062500100531,2012년 6월 25일 19시,월요일,대전광역시 중구 대사동,사망사고,1,2,0,0,차대차 - 기타,중앙선침범,건조,맑음,단일로 - 기타,승용,남,42세,사망,승용,남,47세,중상
2012062500100571,2012년 6월 25일 20시,월요일,대전광역시 동구 가양동,경상사고,0,0,1,0,차대차 - 측면직각충돌,안전운전불이행,건조,맑음,교차로 - 교차로안,승합,남,34세,상해없음,자전거,남,21세,경상
2012062500100600,2012년 6월 25일 21시,월요일,대전광역시 중구 유천동,사망사고,1,0,0,0,차대사람 - 횡단중,보행자보호의무위반,건조,맑음,교차로 - 교차로부근,승용,남,61세,상해없음,보행자,여,65세,사망
2012062500100601,2012년 6월 25일 21시,월요일,대전광역시 중구 부사동,경상사고,0,0,1,0,차대사람 - 횡단중,신호위반,건조,맑음,교차로 - 교차로부근,승용,남,33세,상해없음,보행자,남,30세,경상
2012062500100602,2012년 6월 25일 21시,월요일,대전광역시 동구 낭월동,중상사고,0,1,0,0,차대사람 - 횡단중,신호위반,건조,맑음,교차로 - 교차로부근,승용,남,33세,상해없음,보행자,여,17세,중상
2012062500100603,2012년 6월 25일 21시,월요일,대전광역시 유성구 관평동,경상사고,0,0,1,0,차대차 - 측면직각충돌,교차로운행방법위반,건조,맑음,교차로 - 교차로안,기타불명,기타불명,기타불명,기타불명,화물,남,55세,경상
2012062500100654,2012년 6월 25일 23시,월요일,대전광역시 서구 만년동,경상사고,0,0,1,0,차대차 - 기타,안전운전불이행,건조,맑음,단일로 - 기타,승용,남,37세,상해없음,자전거,남,19세,경상
2012062500100655,2012년 6월 25일 23시,월요일,대전광역시 유성구 노은동,경상사고,0,0,6,0,차대차 - 측면직각충돌,안전운전불이행,건조,맑음,교차로 - 교차로부근,승용,남,18세,상해없음,승용,남,32세,경상
2012062600100015,2012년 6월 26일 00시,화요일,대전광역시 유성구 송강동,중상사고,0,1,1,0,차대차 - 기타,교차로운행방법위반,건조,맑음,교차로 - 교차로안,승용,남,33세,상해없음,승용,남,50세,경상
2012062600100029,2012년 6월 26일 01시,화요일,대전광역시 동구 가양동,경상사고,0,0,1,0,차대차 - 측면직각충돌,교차로운행방법위반,건조,맑음,교차로 - 교차로안,이륜,남,24세,경상,승용,여,46세,상해없음
2012062600100063,2012년 6월 26일 04시,화요일,대전광역시 대덕구 대화동,중상사고,0,1,0,0,차대차 - 기타,안전운전불이행,건조,맑음,단일로 - 기타,승용,기타불명,기타불명,기타불명,자전거,남,37세,중상
2012062600100180,2012년 6월 26일 09시,화요일,대전광역시 서구 변동,중상사고,0,1,0,0,차대사람 - 횡단중,안전운전불이행,건조,맑음,단일로 - 기타,승용,남,60세,상해없음,보행자,남,71세,중상
2012062600100230,2012년 6월 26일 11시,화요일,대전광역시 서구 둔산동,경상사고,0,0,3,0,차대차 - 기타,안전운전불이행,건조,맑음,단일로 - 기타,승용,여,41세,상해없음,승용,남,40세,경상
2012062600100268,2012년 6월 26일 13시,화요일,대전광역시 중구 부사동,중상사고,0,1,0,0,차대차 - 측면직각충돌,안전운전불이행,건조,맑음,교차로 - 교차로부근,이륜,남,19세,상해없음,승용,남,53세,상해없음
2012062600100312,2012년 6월 26일 14시,화요일,대전광역시 동구 중동,경상사고,0,0,1,0,차대차 - 측면직각충돌,안전운전불이행,건조,맑음,단일로 - 기타,승합,남,44세,상해없음,승용,남,60세,경상
2012062600100418,2012년 6월 26일 17시,화요일,대전광역시 유성구 죽동,경상사고,0,0,3,0,차대차 - 기타,신호위반,건조,맑음,교차로 - 교차로안,승용,여,42세,경상,승용,남,61세,경상
2012062600100547,2012년 6월 26일 21시,화요일,대전광역시 중구 유천동,중상사고,0,1,0,0,차대차 - 측면직각충돌,신호위반,건조,맑음,교차로 - 교차로부근,화물,남,49세,상해없음,이륜,남,27세,중상
2012062600100588,2012년 6월 26일 22시,화요일,대전광역시 대덕구 중리동,중상사고,0,1,1,0,차대차 - 측면직각충돌,신호위반,건조,맑음,교차로 - 교차로안,승용,여,36세,상해없음,승용,여,25세,경상
2012062600100589,2012년 6월 26일 22시,화요일,대전광역시 서구 월평동,경상사고,0,0,5,0,차대차 - 추돌 - 진행중,안전운전불이행,건조,맑음,단일로 - 기타,승용,여,47세,상해없음,승용,남,57세,경상
2012062700100027,2012년 6월 27일 00시,수요일,대전광역시 유성구 대정동,경상사고,0,0,1,0,차대사람 - 길가장자리구역통행중,안전운전불이행,건조,맑음,단일로 - 기타,승용,기타불명,기타불명,기타불명,보행자,남,17세,경상
2012062700100074,2012년 6월 27일 03시,수요일,대전광역시 서구 내동,중상사고,0,2,0,0,차대차 - 측면직각충돌,중앙선침범,건조,맑음,단일로 - 기타,승용,남,22세,상해없음,이륜,남,17세,중상
2012062700100075,2012년 6월 27일 03시,수요일,대전광역시 서구 탄방동,경상사고,0,0,4,0,차대차 - 측면직각충돌,신호위반,건조,맑음,교차로 - 교차로안,승용,남,39세,상해없음,승용,남,31세,경상
2012062700100076,2012년 6월 27일 03시,수요일,대전광역시 서구 둔산동,경상사고,0,0,1,0,차대사람 - 차도통행중,안전운전불이행,건조,맑음,단일로 - 횡단보도상,승용,남,26세,상해없음,보행자,남,44세,경상
2012062700100134,2012년 6월 27일 07시,수요일,대전광역시 중구 태평동,중상사고,0,1,0,0,차대사람 - 기타,안전운전불이행,건조,맑음,단일로 - 기타,승용,남,70세,상해없음,보행자,여,71세,중상
2012062700100216,2012년 6월 27일 09시,수요일,대전광역시 중구 선화동,경상사고,0,0,1,0,차대차 - 기타,안전운전불이행,건조,맑음,교차로 - 교차로부근,승용,기타불명,기타불명,기타불명,자전거,여,52세,경상
2012062700100217,2012년 6월 27일 09시,수요일,대전광역시 동구 대별동,중상사고,0,1,0,0,차대차 - 측면직각충돌,안전운전불이행,건조,맑음,교차로 - 교차로안,승합,여,36세,상해없음,원동기,남,78세,중상
2012062700100247,2012년 6월 27일 10시,수요일,대전광역시 유성구 봉명동,중상사고,0,1,0,0,차량단독 - 기타,안전운전불이행,건조,맑음,교차로 - 교차로안,승합,남,37세,상해없음,,,,
2012062700100315,2012년 6월 27일 13시,수요일,대전광역시 서구 가장동,경상사고,0,0,1,0,차량단독 - 기타,기타,건조,맑음,단일로 - 기타,승합,남,49세,상해없음,,,,
2012062700100347,2012년 6월 27일 14시,수요일,대전광역시 서구 가수원동,경상사고,0,0,2,0,차대차 - 정면충돌,중앙선침범,건조,맑음,단일로 - 기타,승용,남,63세,상해없음,승용,남,54세,경상
2012062700100348,2012년 6월 27일 14시,수요일,대전광역시 대덕구 신대동,중상사고,0,1,5,0,차대차 - 추돌 - 진행중,안전운전불이행,건조,맑음,단일로 - 교량,화물,남,50세,상해없음,승용,남,38세,중상
2012062700100389,2012년 6월 27일 15시,수요일,대전광역시 서구 둔산동,중상사고,0,1,0,0,차대사람 - 기타,안전운전불이행,건조,맑음,단일로 - 기타,승용,여,73세,상해없음,보행자,여,12세,중상
2012062700100462,2012년 6월 27일 17시,수요일,대전광역시 유성구 하기동,중상사고,0,1,0,0,차대사람 - 보도통행중,기타,건조,맑음,단일로 - 기타,승용,여,58세,상해없음,보행자,여,76세,중상
2012062700100496,2012년 6월 27일 18시,수요일,대전광역시 중구 은행동,경상사고,0,0,1,0,차량단독 - 공작물충돌,안전운전불이행,건조,맑음,단일로 - 기타,승합,남,49세,상해없음,,,,
2012062700100532,2012년 6월 27일 19시,수요일,대전광역시 중구 태평동,경상사고,0,0,1,0,차대차 - 추돌 - 진행중,안전거리미확보,건조,맑음,단일로 - 기타,승용,남,39세,상해없음,승용,남,29세,경상
2012062700100533,2012년 6월 27일 19시,수요일,대전광역시 대덕구 비래동,중상사고,0,1,0,0,차대사람 - 횡단중,안전운전불이행,건조,맑음,단일로 - 기타,승용,여,45세,상해없음,보행자,남,14세,중상
2012062700100593,2012년 6월 27일 21시,수요일,대전광역시 유성구 자운동,경상사고,0,0,1,0,차대차 - 기타,안전운전불이행,건조,맑음,단일로 - 기타,승용,남,34세,상해없음,승용,남,37세,경상
2012062700100608,2012년 6월 27일 21시,수요일,대전광역시 서구 관저동,사망사고,1,0,0,0,차대사람 - 횡단중,신호위반,건조,맑음,교차로 - 교차로안,승용,여,27세,상해없음,보행자,여,58세,사망
2012062700100639,2012년 6월 27일 22시,수요일,대전광역시 대덕구 상서동,중상사고,0,1,0,0,차대사람 - 횡단중,신호위반,건조,맑음,단일로 - 기타,화물,여,44세,상해없음,보행자,여,21세,중상
2012062700100668,2012년 6월 27일 23시,수요일,대전광역시 동구 용전동,경상사고,0,0,1,0,차대차 - 측면직각충돌,안전운전불이행,건조,맑음,단일로 - 횡단보도부근,승용,남,26세,상해없음,자전거,남,20세,경상
2012062700100669,2012년 6월 27일 23시,수요일,대전광역시 서구 월평동,경상사고,0,0,3,0,차대차 - 기타,안전운전불이행,건조,맑음,단일로 - 기타,승용,남,32세,상해없음,승용,남,23세,경상
2012062700100670,2012년 6월 27일 23시,수요일,대전광역시 서구 갈마동,중상사고,0,1,0,0,차대사람 - 기타,안전운전불이행,건조,맑음,기타 - 기타,화물,남,41세,상해없음,보행자,남,40세,중상
2012062800100055,2012년 6월 28일 02시,목요일,대전광역시 서구 갈마동,경상사고,0,0,1,0,차대차 - 추돌 - 진행중,안전운전불이행,건조,맑음,단일로 - 기타,승용,남,44세,기타불명,승용,남,60세,경상
2012062800100081,2012년 6월 28일 05시,목요일,대전광역시 서구 둔산동,경상사고,0,0,2,0,차대차 - 기타,신호위반,건조,맑음,교차로 - 교차로안,승용,여,53세,경상,승용,남,43세,경상
2012062800100129,2012년 6월 28일 07시,목요일,대전광역시 서구 도마동,중상사고,0,1,0,0,차대사람 - 횡단중,안전운전불이행,건조,맑음,단일로 - 기타,승용,남,53세,상해없음,보행자,여,75세,중상
2012062800100130,2012년 6월 28일 07시,목요일,대전광역시 대덕구 법동,중상사고,0,1,4,0,차대차 - 기타,안전운전불이행,건조,맑음,교차로 - 교차로부근,이륜,남,27세,상해없음,승합,남,55세,상해없음
2012062800100180,2012년 6월 28일 08시,목요일,대전광역시 서구 가수원동,경상사고,0,0,1,0,차대차 - 추돌 - 진행중,안전거리미확보,건조,맑음,단일로 - 기타,승용,남,41세,상해없음,승용,남,68세,경상
2012062800100181,2012년 6월 28일 08시,목요일,대전광역시 서구 매노동,중상사고,0,1,0,0,차대사람 - 횡단중,안전운전불이행,건조,맑음,단일로 - 횡단보도부근,화물,여,63세,상해없음,보행자,남,7세,중상
2012062800100239,2012년 6월 28일 10시,목요일,대전광역시 서구 둔산동,사망사고,1,0,0,0,차대차 - 측면직각충돌,신호위반,건조,맑음,교차로 - 교차로안,승용,여,60세,상해없음,원동기,남,70세,사망
2012062800100290,2012년 6월 28일 12시,목요일,대전광역시 중구 은행동,중상사고,0,1,0,0,차량단독 - 기타,안전운전불이행,건조,맑음,단일로 - 기타,승합,남,60세,상해없음,,,,
2012062800100313,2012년 6월 28일 13시,목요일,대전광역시 중구 은행동,경상사고,0,0,1,0,차량단독 - 기타,안전운전불이행,건조,맑음,단일로 - 기타,승합,남,52세,상해없음,,,,
2012062800100314,2012년 6월 28일 13시,목요일,대전광역시 서구 갈마동,경상사고,0,0,1,0,차대차 - 측면직각충돌,신호위반,건조,맑음,교차로 - 교차로안,승용,여,48세,상해없음,승용,남,28세,경상
2012062800100327,2012년 6월 28일 14시,목요일,대전광역시 대덕구 연축동,중상사고,0,1,0,0,차대차 - 추돌 - 주정차중,안전운전불이행,건조,맑음,단일로 - 기타,화물,남,53세,중상,화물,남,58세,상해없음
2012062800100444,2012년 6월 28일 18시,목요일,대전광역시 중구 문화동,중상사고,0,1,1,0,차대차 - 측면직각충돌,안전운전불이행,건조,맑음,단일로 - 기타,승용,여,41세,상해없음,승용,남,39세,경상
2012062800100470,2012년 6월 28일 19시,목요일,대전광역시 중구 대사동,경상사고,0,0,1,0,차대차 - 기타,안전운전불이행,건조,맑음,교차로 - 교차로부근,승합,남,45세,상해없음,승용,남,39세,경상
2012062800100572,2012년 6월 28일 22시,목요일,대전광역시 중구 옥계동,중상사고,0,1,2,0,차대차 - 정면충돌,중앙선침범,건조,맑음,교차로 - 교차로부근,승용,남,31세,중상,화물,남,25세,경상
2012062900100029,2012년 6월 29일 00시,금요일,대전광역시 서구 탄방동,중상사고,0,1,0,0,차대차 - 추돌 - 진행중,중앙선침범,건조,맑음,교차로 - 교차로부근,이륜,남,18세,상해없음,이륜,남,17세,중상
2012062900100057,2012년 6월 29일 01시,금요일,대전광역시 중구 유천동,경상사고,0,0,1,0,차대사람 - 횡단중,보행자보호의무위반,건조,맑음,단일로 - 기타,화물,남,62세,상해없음,보행자,여,31세,경상
2012062900100058,2012년 6월 29일 01시,금요일,대전광역시 유성구 관평동,경상사고,0,0,1,0,차대차 - 추돌 - 진행중,교차로운행방법위반,건조,맑음,교차로 - 교차로안,승용,남,28세,상해없음,승용,남,30세,경상
2012062900100074,2012년 6월 29일 02시,금요일,대전광역시 서구 갈마동,중상사고,0,1,0,0,차대사람 - 횡단중,보행자보호의무위반,건조,맑음,교차로 - 교차로안,승용,남,28세,상해없음,보행자,여,20세,중상
2012062900100107,2012년 6월 29일 05시,금요일,대전광역시 중구 대흥동,경상사고,0,0,1,0,차대차 - 기타,안전운전불이행,건조,맑음,단일로 - 기타,화물,남,29세,상해없음,화물,남,57세,경상
2012062900100144,2012년 6월 29일 07시,금요일,대전광역시 대덕구 상서동,중상사고,0,1,0,0,차대차 - 추돌 - 주정차중,안전거리미확보,건조,맑음,단일로 - 기타,승합,남,53세,상해없음,승용,남,56세,중상
2012062900100181,2012년 6월 29일 08시,금요일,대전광역시 대덕구 신대동,중상사고,0,1,0,0,차대차 - 측면직각충돌,중앙선침범,건조,맑음,단일로 - 기타,승용,남,34세,상해없음,승용,남,34세,중상
2012062900100246,2012년 6월 29일 10시,금요일,대전광역시 대덕구 읍내동,경상사고,0,0,1,0,차대사람 - 기타,안전운전불이행,건조,맑음,단일로 - 기타,화물,남,60세,상해없음,보행자,남,52세,경상
2012062900100270,2012년 6월 29일 11시,금요일,대전광역시 중구 오류동,경상사고,0,0,1,0,차대차 - 추돌 - 주정차중,안전운전불이행,건조,맑음,단일로 - 기타,승용,여,43세,상해없음,승용,남,30세,경상
2012062900100271,2012년 6월 29일 11시,금요일,대전광역시 대덕구 오정동,경상사고,0,0,2,0,차대차 - 측면직각충돌,안전운전불이행,건조,맑음,단일로 - 기타,승합,남,53세,상해없음,승용,여,27세,경상
2012062900100299,2012년 6월 29일 12시,금요일,대전광역시 중구 오류동,경상사고,0,0,1,0,차대차 - 측면직각충돌,안전운전불이행,건조,맑음,단일로 - 기타,승용,남,73세,상해없음,승용,여,27세,경상
2012062900100436,2012년 6월 29일 16시,금요일,대전광역시 서구 갈마동,중상사고,0,1,0,0,차대차 - 측면직각충돌,안전운전불이행,건조,맑음,단일로 - 횡단보도상,승용,남,43세,상해없음,자전거,여,69세,중상