사고번호,사고일시,요일,시군구,사고내용,사망자수,중상자수,경상자수,부상신고자수,사고유형,법규위반,노면상태,기상상태,도로형태,가해운전자 차종,가해운전자 성별,가해운전자 연령,가해운전자 상해정도,피해운전자 차종,피해운전자 성별,피해운전자 연령,피해운전자 상해정도
2012062900100463,2012년 6월 29일 17시,금요일,대전광역시 유성구 도룡동,중상사고,0,1,0,0,차대사람 - 횡단중,안전운전불이행,건조,맑음,교차로 - 교차로부근,승용,남,44세,상해없음,보행자,남,15세,중상
2012062900100552,2012년 6월 29일 19시,금요일,대전광역시 서구 둔산동,경상사고,0,0,1,0,차대차 - 측면직각충돌,신호위반,건조,맑음,교차로 - 교차로부근,승용,남,57세,기타불명,자전거,남,68세,경상
2012062900100604,2012년 6월 29일 20시,금요일,대전광역시 서구 둔산동,경상사고,0,0,1,0,차대사람 - 차도통행중,안전운전불이행,습기,비,단일로 - 기타,승용,기타불명,기타불명,기타불명,보행자,여,38세,경상
2012062900100671,2012년 6월 29일 21시,금요일,대전광역시 유성구 노은동,중상사고,0,3,0,0,차대차 - 측면직각충돌,신호위반,습기,비,교차로 - 교차로안,승용,남,38세,중상,승용,남,45세,중상
2012062900100672,2012년 6월 29일 21시,금요일,대전광역시 서구 월평동,경상사고,0,0,1,0,차대차 - 측면직각충돌,안전운전불이행,습기,비,교차로 - 교차로안,승용,여,42세,상해없음,자전거,남,58세,경상
2012062900100750,2012년 6월 29일 22시,금요일,대전광역시 서구 둔산동,경상사고,0,0,2,0,차대차 - 추돌 - 주정차중,안전운전불이행,습기,비,단일로 - 기타,승용,남,47세,상해없음,승용,남,54세,경상
2012062900100820,2012년 6월 29일 23시,금요일,대전광역시 서구 용문동,경상사고,0,0,1,0,차대차 - 추돌 - 주정차중,안전운전불이행,건조,맑음,단일로 - 기타,승용,남,47세,상해없음,승용,남,42세,경상
2012062900100821,2012년 6월 29일 23시,금요일,대전광역시 유성구 봉명동,경상사고,0,0,2,0,차대차 - 정면충돌,안전운전불이행,습기,비,단일로 - 기타,승용,기타불명,기타불명,기타불명,승용,남,54세,경상
2012063000100046,2012년 6월 30일 00시,토요일,대전광역시 동구 자양동,중상사고,0,1,0,0,차대사람 - 차도통행중,안전운전불이행,건조,맑음,교차로 - 교차로안,승용,남,23세,상해없음,보행자,남,47세,중상
2012063000100047,2012년 6월 30일 00시,토요일,대전광역시 유성구 장대동,중상사고,0,1,0,0,차대차 - 측면직각충돌,신호위반,습기,비,교차로 - 교차로안,승용,남,47세,상해없음,승용,남,56세,상해없음
2012063000100048,2012년 6월 30일 00시,토요일,대전광역시 서구 둔산동,경상사고,0,0,1,0,차대차 - 추돌 - 주정차중,안전거리미확보,습기,비,교차로 - 교차로안,승용,남,43세,상해없음,승용,여,29세,경상
2012063000100105,2012년 6월 30일 01시,토요일,대전광역시 중구 유천동,경상사고,0,0,1,0,차대차 - 추돌 - 진행중,안전운전불이행,습기,비,단일로 - 기타,승용,남,26세,상해없음,승용,남,52세,경상
2012063000100106,2012년 6월 30일 01시,토요일,대전광역시 서구 탄방동,경상사고,0,0,2,0,차대차 - 측면직각충돌,신호위반,습기,비,교차로 - 교차로안,승용,남,26세,상해없음,승용,남,49세,경상
2012063000100154,2012년 6월 30일 02시,토요일,대전광역시 서구 도마동,중상사고,0,1,0,0,차대사람 - 기타,보행자보호의무위반,습기,비,단일로 - 기타,화물,남,47세,상해없음,보행자,남,22세,중상
2012063000100155,2012년 6월 30일 02시,토요일,대전광역시 서구 월평동,중상사고,0,6,0,0,차대차 - 측면직각충돌,중앙선침범,건조,맑음,단일로 - 기타,승용,남,33세,상해없음,승용,남,38세,중상
2012063000100215,2012년 6월 30일 04시,토요일,대전광역시 중구 태평동,경상사고,0,0,2,0,차대차 - 추돌 - 주정차중,안전운전불이행,습기,비,교차로 - 교차로부근,승용,남,49세,상해없음,승용,남,60세,경상
2012063000100216,2012년 6월 30일 04시,토요일,대전광역시 유성구 장대동,경상사고,0,0,1,0,차대차 - 측면직각충돌,신호위반,건조,맑음,교차로 - 교차로안,승용,남,41세,기타불명,승용,남,55세,경상
2012063000100217,2012년 6월 30일 04시,토요일,대전광역시 서구 월평동,경상사고,0,0,1,0,차대사람 - 차도통행중,안전운전불이행,습기,흐림,단일로 - 기타,승용,기타불명,기타불명,기타불명,보행자,여,24세,경상
2012063000100248,2012년 6월 30일 05시,토요일,대전광역시 대덕구 중리동,경상사고,0,0,3,0,차대차 - 측면직각충돌,교차로운행방법위반,습기,비,교차로 - 교차로안,승용,여,49세,상해없음,승용,남,39세,경상
2012063000100346,2012년 6월 30일 10시,토요일,대전광역시 대덕구 오정동,경상사고,0,0,1,0,차대차 - 측면직각충돌,교차로운행방법위반,습기,맑음,교차로 - 교차로안,승용,여,77세,상해없음,화물,남,30세,경상
2012063000100370,2012년 6월 30일 11시,토요일,대전광역시 동구 용운동,중상사고,0,1,0,0,차대사람 - 횡단중,보행자보호의무위반,습기,비,교차로 - 교차로안,승용,남,77세,상해없음,보행자,여,77세,중상
2012063000100371,2012년 6월 30일 11시,토요일,대전광역시 대덕구 송촌동,경상사고,0,0,1,0,차대차 - 추돌 - 주정차중,안전운전불이행,건조,맑음,교차로 - 교차로부근,승합,남,45세,상해없음,승합,남,55세,상해없음
2012063000100450,2012년 6월 30일 14시,토요일,대전광역시 동구 용전동,경상사고,0,0,1,0,차대차 - 측면직각충돌,안전운전불이행,습기,비,단일로 - 기타,이륜,남,43세,상해없음,승용,남,38세,경상
2012063000100480,2012년 6월 30일 15시,토요일,대전광역시 중구 오류동,경상사고,0,0,1,0,차대차 - 기타,안전운전불이행,건조,맑음,단일로 - 기타,승용,남,69세,상해없음,승용,여,24세,경상
2012063000100481,2012년 6월 30일 15시,토요일,대전광역시 서구 둔산동,경상사고,0,0,2,0,차대차 - 기타,안전운전불이행,습기,비,교차로 - 교차로부근,승합,남,67세,상해없음,승용,남,27세,경상
2012063000100517,2012년 6월 30일 16시,토요일,대전광역시 중구 문화동,경상사고,0,0,2,0,차대사람 - 횡단중,안전운전불이행,습기,비,교차로 - 교차로부근,승용,남,48세,상해없음,보행자,여,28세,경상
2012063000100518,2012년 6월 30일 16시,토요일,대전광역시 대덕구 읍내동,경상사고,0,0,1,0,차대차 - 측면직각충돌,교차로운행방법위반,습기,비,교차로 - 교차로안,승용,남,41세,상해없음,이륜,남,66세,경상
2012063000100554,2012년 6월 30일 17시,토요일,대전광역시 동구 판암동,경상사고,0,0,2,0,차대차 - 기타,안전운전불이행,습기,비,교차로 - 교차로부근,화물,남,45세,상해없음,승용,남,33세,경상
2012063000100589,2012년 6월 30일 18시,토요일,대전광역시 동구 대동,경상사고,0,0,1,0,차대차 - 측면직각충돌,중앙선침범,건조,맑음,단일로 - 기타,승용,여,35세,상해없음,승용,남,26세,경상
2012063000100590,2012년 6월 30일 18시,토요일,대전광역시 대덕구 중리동,경상사고,0,0,1,0,차대차 - 기타,차로위반,습기,비,단일로 - 기타,승용,남,60세,상해없음,이륜,남,22세,경상
2012063000100629,2012년 6월 30일 19시,토요일,대전광역시 유성구 방동,경상사고,0,0,1,0,차대차 - 추돌 - 주정차중,안전운전불이행,건조,맑음,교차로 - 교차로부근,화물,남,53세,상해없음,승용,여,43세,경상
2012063000100675,2012년 6월 30일 20시,토요일,대전광역시 동구 용전동,경상사고,0,0,1,0,차대사람 - 횡단중,안전운전불이행,건조,맑음,교차로 - 교차로부근,승용,남,51세,상해없음,보행자,여,24세,경상
2012063000100676,2012년 6월 30일 20시,토요일,대전광역시 대덕구 법동,부상신고사고,0,0,0,2,차대차 - 추돌 - 주정차중,안전운전불이행,건조,맑음,단일로 - 기타,승용,남,43세,기타불명,승용,여,24세,부상신고
2012063000100677,2012년 6월 30일 20시,토요일,대전광역시 유성구 봉명동,경상사고,0,0,1,0,차대차 - 측면직각충돌,교차로운행방법위반,건조,맑음,교차로 - 교차로안,승용,남,57세,상해없음,승용,남,49세,경상
2012063000100678,2012년 6월 30일 20시,토요일,대전광역시 서구 둔산동,경상사고,0,0,1,0,차대사람 - 길가장자리구역통행중,안전운전불이행,건조,맑음,단일로 - 기타,승용,남,29세,상해없음,보행자,여,22세,경상
2012063000100733,2012년 6월 30일 21시,토요일,대전광역시 동구 정동,중상사고,0,1,0,0,차대사람 - 횡단중,안전운전불이행,건조,맑음,단일로 - 기타,승용,여,23세,상해없음,보행자,남,56세,중상
2012063000100734,2012년 6월 30일 21시,토요일,대전광역시 서구 갈마동,경상사고,0,0,1,0,차대차 - 측면직각충돌,안전운전불이행,건조,맑음,단일로 - 기타,승용,남,24세,상해없음,승용,남,41세,기타불명
2012063000100735,2012년 6월 30일 21시,토요일,대전광역시 서구 갈마동,경상사고,0,0,3,0,차대차 - 추돌 - 진행중,안전운전불이행,건조,맑음,단일로 - 기타,승용,남,44세,상해없음,승용,남,33세,경상
2012063000100782,2012년 6월 30일 22시,토요일,대전광역시 중구 문화동,경상사고,0,0,1,0,차대차 - 추돌 - 주정차중,안전운전불이행,건조,맑음,단일로 - 기타,승용,남,34세,상해없음,승용,남,26세,상해없음
2012063000100783,2012년 6월 30일 22시,토요일,대전광역시 동구 중동,경상사고,0,0,2,0,차대차 - 측면직각충돌,신호위반,건조,맑음,교차로 - 교차로안,승용,남,51세,상해없음,승용,남,52세,경상
2012070100100029,2012년 7월 1일 00시,일요일,대전광역시 중구 대사동,중상사고,0,1,1,0,차대차 - 정면충돌,신호위반,건조,맑음,교차로 - 교차로안,원동기,남,30세,중상,승용,남,28세,경상
2012070100100030,2012년 7월 1일 00시,일요일,대전광역시 서구 용문동,경상사고,0,0,1,0,차대차 - 측면직각충돌,안전운전불이행,건조,맑음,교차로 - 교차로안,승용,남,63세,상해없음,원동기,남,42세,경상
2012070100100031,2012년 7월 1일 00시,일요일,대전광역시 서구 갈마동,경상사고,0,0,1,0,차대사람 - 길가장자리구역통행중,안전운전불이행,건조,맑음,단일로 - 기타,승용,여,26세,상해없음,보행자,남,18세,경상
2012070100100122,2012년 7월 1일 06시,일요일,대전광역시 서구 월평동,경상사고,0,0,3,0,차대차 - 측면직각충돌,교차로운행방법위반,건조,맑음,교차로 - 교차로안,승용,남,31세,상해없음,승용,남,44세,경상
2012070100100179,2012년 7월 1일 10시,일요일,대전광역시 대덕구 중리동,경상사고,0,0,2,0,차대차 - 측면직각충돌,교차로운행방법위반,건조,맑음,교차로 - 교차로안,승용,여,24세,상해없음,이륜,남,52세,경상
2012070100100217,2012년 7월 1일 12시,일요일,대전광역시 유성구 원내동,경상사고,0,0,1,0,차대차 - 기타,신호위반,건조,맑음,교차로 - 교차로부근,승용,남,61세,상해없음,자전거,여,14세,경상
2012070100100334,2012년 7월 1일 16시,일요일,대전광역시 대덕구 송촌동,중상사고,0,2,1,0,차대차 - 추돌 - 주정차중,안전운전불이행,건조,맑음,교차로 - 교차로부근,승용,남,53세,상해없음,승용,남,57세,경상
2012070100100335,2012년 7월 1일 16시,일요일,대전광역시 대덕구 미호동,중상사고,0,1,1,0,차대사람 - 기타,안전운전불이행,건조,맑음,단일로 - 기타,자전거,남,43세,중상,보행자,남,7세,경상
2012070100100391,2012년 7월 1일 18시,일요일,대전광역시 동구 성남동,경상사고,0,0,5,0,차대차 - 기타,안전운전불이행,건조,맑음,단일로 - 기타,승용,남,50세,경상,승용,남,59세,경상
2012070100100417,2012년 7월 1일 19시,일요일,대전광역시 동구 판암동,경상사고,0,0,1,0,차대사람 - 차도통행중,안전운전불이행,건조,맑음,교차로 - 교차로안,승합,남,37세,상해없음,보행자,남,73세,경상
2012070100100448,2012년 7월 1일 20시,일요일,대전광역시 중구 대사동,중상사고,0,1,0,0,차대사람 - 횡단중,안전운전불이행,건조,맑음,단일로 - 기타,승용,남,42세,상해없음,보행자,남,53세,중상
2012070100100476,2012년 7월 1일 21시,일요일,대전광역시 동구 용전동,경상사고,0,0,1,0,차대사람 - 횡단중,신호위반,건조,맑음,단일로 - 횡단보도상,승용,여,27세,상해없음,보행자,여,4세,경상
2012070200100035,2012년 7월 2일 02시,월요일,대전광역시 중구 유천동,경상사고,0,0,1,0,차대차 - 기타,안전운전불이행,건조,맑음,교차로 - 교차로안,승용,남,44세,상해없음,자전거,남,31세,경상
2012070200100040,2012년 7월 2일 03시,월요일,대전광역시 동구 삼성동,경상사고,0,0,1,0,차대사람 - 기타,안전운전불이행,건조,맑음,단일로 - 기타,승용,기타불명,기타불명,기타불명,보행자,남,50세,경상
2012070200100118,2012년 7월 2일 08시,월요일,대전광역시 서구 둔산동,중상사고,0,1,0,0,차대사람 - 횡단중,안전운전불이행,건조,맑음,단일로 - 기타,승용,여,30세,상해없음,보행자,여,14세,중상
2012070200100210,2012년 7월 2일 11시,월요일,대전광역시 중구 산성동,중상사고,0,1,0,0,차대차 - 추돌 - 진행중,안전운전불이행,건조,맑음,단일로 - 기타,승용,여,51세,상해없음,승용,여,60세,중상
2012070200100211,2012년 7월 2일 11시,월요일,대전광역시 유성구 원촌동,중상사고,0,3,0,0,차대차 - 추돌 - 진행중,안전운전불이행,건조,맑음,교차로 - 교차로부근,승용,여,62세,상해없음,승용,남,50세,중상
2012070200100231,2012년 7월 2일 12시,월요일,대전광역시 중구 유천동,경상사고,0,0,1,0,차대차 - 측면직각충돌,교차로운행방법위반,건조,맑음,교차로 - 교차로안,승용,남,50세,상해없음,이륜,남,60세,경상
2012070200100267,2012년 7월 2일 13시,월요일,대전광역시 중구 태평동,경상사고,0,0,1,0,차대사람 - 길가장자리구역통행중,안전운전불이행,건조,맑음,단일로 - 기타,승용,여,66세,상해없음,보행자,여,18세,경상
2012070200100305,2012년 7월 2일 14시,월요일,대전광역시 중구 태평동,경상사고,0,0,1,0,차대사람 - 보도통행중,신호위반,건조,맑음,교차로 - 교차로안,승용,남,43세,상해없음,보행자,남,6세,경상
2012070200100334,2012년 7월 2일 15시,월요일,대전광역시 대덕구 오정동,경상사고,0,0,1,0,차대차 - 측면직각충돌,안전운전불이행,건조,맑음,단일로 - 기타,화물,기타불명,기타불명,기타불명,승용,여,52세,경상
2012070200100419,2012년 7월 2일 17시,월요일,대전광역시 중구 대흥동,경상사고,0,0,1,0,차대차 - 측면직각충돌,안전운전불이행,건조,맑음,단일로 - 기타,승용,남,65세,상해없음,승합,남,37세,경상
2012070200100420,2012년 7월 2일 17시,월요일,대전광역시 대덕구 오정동,경상사고,0,0,1,0,차대차 - 추돌 - 진행중,안전운전불이행,건조,흐림,단일로 - 기타,승용,남,49세,기타불명,승용,남,30세,경상
2012070200100455,2012년 7월 2일 18시,월요일,대전광역시 서구 가장동,경상사고,0,0,1,0,차대차 - 측면직각충돌,안전거리미확보,건조,맑음,단일로 - 기타,이륜,남,65세,상해없음,승용,여,40세,경상
2012070200100456,2012년 7월 2일 18시,월요일,대전광역시 대덕구 미호동,경상사고,0,0,1,0,차량단독 - 기타,안전운전불이행,건조,맑음,단일로 - 기타,이륜,남,15세,상해없음,,,,
2012070200100528,2012년 7월 2일 20시,월요일,대전광역시 서구 관저동,부상신고사고,0,0,0,1,차대차 - 측면직각충돌,안전운전불이행,건조,맑음,단일로 - 기타,기타불명,기타불명,기타불명,기타불명,자전거,남,9세,부상신고
2012070200100564,2012년 7월 2일 21시,월요일,대전광역시 서구 관저동,중상사고,0,1,0,0,차대차 - 측면직각충돌,안전운전불이행,건조,맑음,교차로 - 교차로안,화물,남,42세,상해없음,승용,여,42세,중상
2012070200100565,2012년 7월 2일 21시,월요일,대전광역시 대덕구 비래동,경상사고,0,0,1,0,차대사람 - 보도통행중,기타,건조,맑음,단일로 - 기타,자전거,기타불명,기타불명,기타불명,보행자,여,55세,경상
2012070300100039,2012년 7월 3일 02시,화요일,대전광역시 유성구 장대동,경상사고,0,0,1,0,차대차 - 측면직각충돌,안전운전불이행,건조,맑음,단일로 - 기타,승용,여,24세,상해없음,승용,여,35세,경상
2012070300100048,2012년 7월 3일 03시,화요일,대전광역시 대덕구 비래동,중상사고,0,1,0,0,차량단독 - 공작물충돌,안전운전불이행,건조,맑음,교차로 - 교차로안,승용,남,39세,중상,,,,
2012070300100198,2012년 7월 3일 10시,화요일,대전광역시 중구 부사동,사망사고,1,0,0,0,차대차 - 기타,안전운전불이행,건조,맑음,단일로 - 기타,승용,남,80세,상해없음,자전거,남,69세,사망
2012070300100222,2012년 7월 3일 11시,화요일,대전광역시 동구 효동,경상사고,0,0,1,0,차대사람 - 횡단중,안전운전불이행,건조,맑음,단일로 - 횡단보도부근,승용,남,64세,상해없음,보행자,여,60세,경상
2012070300100223,2012년 7월 3일 11시,화요일,대전광역시 대덕구 오정동,중상사고,0,1,0,0,차대차 - 기타,안전운전불이행,건조,맑음,단일로 - 기타,승용,기타불명,기타불명,기타불명,자전거,남,15세,중상
2012070300100283,2012년 7월 3일 13시,화요일,대전광역시 서구 가수원동,중상사고,0,1,1,0,차대차 - 측면직각충돌,안전거리미확보,건조,맑음,단일로 - 기타,승용,남,52세,상해없음,화물,남,43세,중상
2012070300100284,2012년 7월 3일 13시,화요일,대전광역시 대덕구 덕암동,경상사고,0,0,2,0,차대차 - 추돌 - 주정차중,안전운전불이행,건조,맑음,단일로 - 기타,화물,여,48세,상해없음,승용,남,31세,경상
2012070300100503,2012년 7월 3일 19시,화요일,대전광역시 동구 홍도동,경상사고,0,0,1,0,차대사람 - 횡단중,중앙선침범,습기,흐림,단일로 - 기타,이륜,남,31세,상해없음,보행자,남,23세,경상
2012070300100608,2012년 7월 3일 22시,화요일,대전광역시 유성구 노은동,중상사고,0,1,0,0,차대차 - 측면직각충돌,신호위반,습기,비,교차로 - 교차로안,승용,남,33세,상해없음,승용,남,48세,중상
2012070400100124,2012년 7월 4일 08시,수요일,대전광역시 중구 중촌동,경상사고,0,0,1,0,차대차 - 추돌 - 주정차중,안전운전불이행,건조,맑음,교차로 - 교차로부근,승용,남,51세,상해없음,승용,여,40세,경상
2012070400100125,2012년 7월 4일 08시,수요일,대전광역시 서구 내동,경상사고,0,0,1,0,차대사람 - 길가장자리구역통행중,안전운전불이행,건조,맑음,단일로 - 기타,승용,여,44세,상해없음,보행자,여,14세,경상
2012070400100126,2012년 7월 4일 08시,수요일,대전광역시 대덕구 대화동,경상사고,0,0,1,0,차대사람 - 길가장자리구역통행중,안전운전불이행,건조,맑음,단일로 - 기타,건설기계,기타불명,기타불명,기타불명,보행자,남,29세,경상
2012070400100170,2012년 7월 4일 10시,수요일,대전광역시 유성구 화암동,경상사고,0,0,1,0,차대차 - 측면직각충돌,안전운전불이행,건조,맑음,단일로 - 기타,승용,여,45세,상해없음,승용,남,43세,경상
2012070400100244,2012년 7월 4일 13시,수요일,대전광역시 동구 자양동,경상사고,0,0,1,0,차대차 - 측면직각충돌,신호위반,건조,맑음,교차로 - 교차로안,승용,남,62세,상해없음,이륜,남,42세,경상
2012070400100334,2012년 7월 4일 16시,수요일,대전광역시 동구 삼성동,사망사고,1,0,0,0,차대사람 - 차도통행중,안전운전불이행,건조,맑음,단일로 - 기타,승용,남,66세,상해없음,보행자,여,84세,사망
2012070400100335,2012년 7월 4일 16시,수요일,대전광역시 유성구 지족동,중상사고,0,1,0,0,차대차 - 측면직각충돌,신호위반,건조,맑음,교차로 - 교차로부근,승용,여,36세,상해없음,승용,남,26세,중상
2012070400100534,2012년 7월 4일 22시,수요일,대전광역시 동구 삼성동,중상사고,0,1,0,0,차대차 - 측면직각충돌,안전운전불이행,건조,맑음,교차로 - 교차로안,승합,남,55세,상해없음,자전거,남,69세,중상
2012070500100088,2012년 7월 5일 05시,목요일,대전광역시 서구 변동,경상사고,0,0,2,0,차대차 - 정면충돌,신호위반,건조,맑음,교차로 - 교차로안,승용,남,36세,상해없음,승용,남,57세,경상
2012070500100163,2012년 7월 5일 08시,목요일,대전광역시 서구 갈마동,경상사고,0,0,1,0,차대차 - 측면직각충돌,안전운전불이행,습기,비,미분류 - 미분류,승용,여,24세,상해없음,승용,남,44세,경상
2012070500100227,2012년 7월 5일 10시,목요일,대전광역시 동구 정동,경상사고,0,0,1,0,차대차 - 추돌 - 주정차중,안전운전불이행,건조,맑음,단일로 - 기타,승용,남,27세,상해없음,승용,남,61세,경상
2012070500100343,2012년 7월 5일 14시,목요일,대전광역시 중구 부사동,경상사고,0,0,1,0,차대차 - 추돌 - 진행중,안전거리미확보,습기,비,교차로 - 교차로부근,승합,남,37세,상해없음,승용,여,48세,경상
2012070500100374,2012년 7월 5일 15시,목요일,대전광역시 서구 정림동,중상사고,0,4,7,0,차대차 - 측면직각충돌,중앙선침범,습기,비,단일로 - 기타,승합,남,58세,상해없음,승용,여,43세,중상
2012070500100375,2012년 7월 5일 15시,목요일,대전광역시 유성구 장대동,경상사고,0,0,1,0,차대사람 - 길가장자리구역통행중,안전운전불이행,건조,맑음,단일로 - 기타,이륜,기타불명,기타불명,기타불명,보행자,여,10세,경상
2012070500100672,2012년 7월 5일 22시,목요일,대전광역시 대덕구 삼정동,경상사고,0,0,2,0,차대차 - 추돌 - 진행중,안전운전불이행,습기,맑음,교차로 - 교차로부근,승용,남,53세,상해없음,승용,남,35세,경상
2012070500100673,2012년 7월 5일 22시,목요일,대전광역시 유성구 외삼동,경상사고,0,0,2,0,차대차 - 측면직각충돌,안전운전불이행,습기,비,단일로 - 기타,승용,남,31세,상해없음,승용,남,28세,경상
2012070500100720,2012년 7월 5일 23시,목요일,대전광역시 동구 삼성동,경상사고,0,0,1,0,차대사람 - 횡단중,안전운전불이행,건조,맑음,단일로 - 횡단보도상,승용,남,24세,상해없음,보행자,여,27세,경상
2012070600100046,2012년 7월 6일 00시,금요일,대전광역시 서구 관저동,경상사고,0,0,1,0,차대사람 - 횡단중,보행자보호의무위반,건조,맑음,교차로 - 교차로부근,승용,남,49세,상해없음,보행자,여,18세,경상
2012070600100077,2012년 7월 6일 01시,금요일,대전광역시 중구 유천동,경상사고,0,0,2,0,차대차 - 측면직각충돌,안전운전불이행,건조,흐림,교차로 - 교차로안,승용,남,28세,상해없음,승용,남,25세,경상
2012070600100201,2012년 7월 6일 08시,금요일,대전광역시 대덕구 읍내동,중상사고,0,1,1,0,차대차 - 기타,안전운전불이행,습기,비,단일로 - 기타,승용,여,23세,경상,승용,남,54세,중상
2012070600100276,2012년 7월 6일 11시,금요일,대전광역시 유성구 화암동,경상사고,0,0,1,0,차대차 - 측면직각충돌,안전운전불이행,습기,비,단일로 - 기타,기타불명,기타불명,기타불명,기타불명,승용,여,55세,경상
2012070600100289,2012년 7월 6일 11시,금요일,대전광역시 서구 변동,중상사고,0,1,1,0,차대차 - 기타,안전운전불이행,건조,맑음,단일로 - 기타,승합,남,47세,상해없음,화물,남,46세,경상
2012070600100290,2012년 7월 6일 11시,금요일,대전광역시 서구 둔산동,경상사고,0,0,1,0,차량단독 - 기타,안전운전불이행,습기,비,단일로 - 기타,승합,남,46세,상해없음,,,,
2012070600100321,2012년 7월 6일 12시,금요일,대전광역시 유성구 봉명동,경상사고,0,0,2,0,차대차 - 추돌 - 진행중,교차로운행방법위반,건조,맑음,교차로 - 교차로부근,승용,여,28세,상해없음,승용,남,69세,경상
2012070600100403,2012년 7월 6일 15시,금요일,대전광역시 서구 복수동,경상사고,0,0,2,0,차대차 - 측면직각충돌,신호위반,습기,비,교차로 - 교차로안,승용,남,72세,상해없음,승용,남,61세,경상
2012070600100566,2012년 7월 6일 19시,금요일,대전광역시 서구 내동,경상사고,0,0,1,0,차대차 - 측면직각충돌,신호위반,습기,비,단일로 - 기타,승용,여,39세,상해없음,승용,남,60세,경상
2012070600100567,2012년 7월 6일 19시,금요일,대전광역시 대덕구 신탄진동,경상사고,0,0,2,0,차대차 - 추돌 - 주정차중,안전운전불이행,건조,맑음,단일로 - 기타,승용,남,61세,기타불명,승용,남,46세,경상
2012070600100602,2012년 7월 6일 20시,금요일,대전광역시 유성구 덕명동,경상사고,0,0,1,0,차대차 - 측면직각충돌,안전운전불이행,습기,흐림,단일로 - 기타,승용,여,57세,상해없음,승용,남,24세,경상
2012070600100634,2012년 7월 6일 21시,금요일,대전광역시 유성구 관평동,중상사고,0,1,2,0,차대차 - 기타,안전운전불이행,습기,비,단일로 - 기타,승용,여,36세,상해없음,승용,남,30세,중상
2012070600100672,2012년 7월 6일 22시,금요일,대전광역시 유성구 구암동,경상사고,0,0,1,0,차대차 - 기타,안전운전불이행,습기,비,단일로 - 기타,승용,남,51세,상해없음,승용,남,27세,경상
2012070600100717,2012년 7월 6일 23시,금요일,대전광역시 동구 용전동,경상사고,0,0,1,0,차대사람 - 횡단중,보행자보호의무위반,습기,비,단일로 - 횡단보도상,승용,기타불명,기타불명,기타불명,보행자,남,20세,경상
2012070600100718,2012년 7월 6일 23시,금요일,대전광역시 유성구 지족동,경상사고,0,0,1,0,차대사람 - 횡단중,보행자보호의무위반,습기,비,교차로 - 교차로부근,승용,남,56세,상해없음,보행자,남,23세,경상
2012070700100041,2012년 7월 7일 00시,토요일,대전광역시 중구 중촌동,중상사고,0,3,0,0,차대차 - 측면직각충돌,안전거리미확보,습기,비,단일로 - 기타,승용,남,25세,상해없음,승합,남,52세,중상
2012070700100042,2012년 7월 7일 00시,토요일,대전광역시 동구 소제동,중상사고,0,1,0,0,차대사람 - 횡단중,안전운전불이행,습기,비,단일로 - 기타,화물,남,22세,상해없음,보행자,남,30세,중상
2012070700100043,2012년 7월 7일 00시,토요일,대전광역시 대덕구 와동,중상사고,0,1,1,0,차대차 - 추돌 - 주정차중,안전운전불이행,습기,비,교차로 - 교차로부근,승용,남,25세,상해없음,승용,여,52세,중상
2012070700100123,2012년 7월 7일 02시,토요일,대전광역시 유성구 노은동,사망사고,1,0,0,0,차량단독 - 공작물충돌,안전운전불이행,습기,비,단일로 - 기타,승용,남,44세,사망,,,,
2012070700100124,2012년 7월 7일 02시,토요일,대전광역시 유성구 관평동,경상사고,0,0,2,0,차대차 - 기타,안전운전불이행,건조,맑음,단일로 - 기타,승용,여,40세,상해없음,승용,남,24세,경상
2012070700100212,2012년 7월 7일 07시,토요일,대전광역시 중구 태평동,중상사고,0,2,0,0,차대차 - 추돌 - 진행중,안전운전불이행,건조,맑음,교차로 - 교차로부근,승용,남,53세,상해없음,승용,여,33세,중상
2012070700100291,2012년 7월 7일 10시,토요일,대전광역시 대덕구 신탄진동,경상사고,0,0,1,0,차대차 - 측면직각충돌,안전운전불이행,건조,맑음,교차로 - 교차로부근,승용,남,41세,상해없음,자전거,여,48세,경상
2012070700100325,2012년 7월 7일 11시,토요일,대전광역시 동구 성남동,중상사고,0,1,0,0,차대사람 - 기타,안전운전불이행,건조,맑음,단일로 - 기타,승합,남,55세,상해없음,보행자,여,31세,중상
2012070700100326,2012년 7월 7일 11시,토요일,대전광역시 동구 용전동,경상사고,0,0,1,0,차량단독 - 기타,기타,건조,맑음,교차로 - 교차로안,승합,남,56세,상해없음,,,,
2012070700100396,2012년 7월 7일 13시,토요일,대전광역시 서구 괴정동,경상사고,0,0,1,0,차대차 - 측면직각충돌,안전운전불이행,건조,맑음,단일로 - 기타,승용,남,30세,상해없음,자전거,남,10세,경상
2012070700100435,2012년 7월 7일 14시,토요일,대전광역시 동구 용전동,경상사고,0,0,2,0,차대차 - 측면직각충돌,교차로운행방법위반,건조,맑음,교차로 - 교차로안,승합,남,57세,상해없음,승용,남,58세,경상
2012070700100436,2012년 7월 7일 14시,토요일,대전광역시 대덕구 법동,경상사고,0,0,1,0,차량단독 - 기타,기타,건조,맑음,단일로 - 기타,승합,남,57세,상해없음,,,,
2012070700100544,2012년 7월 7일 17시,토요일,대전광역시 서구 월평동,경상사고,0,0,2,0,차대차 - 기타,안전거리미확보,건조,맑음,단일로 - 교량,승용,남,54세,상해없음,승용,남,46세,경상
2012070700100579,2012년 7월 7일 18시,토요일,대전광역시 유성구 하기동,경상사고,0,0,4,0,차대차 - 추돌 - 진행중,안전운전불이행,건조,맑음,교차로 - 교차로부근,화물,남,47세,상해없음,승용,남,34세,경상