사고번호,사고일시,요일,시군구,사고내용,사망자수,중상자수,경상자수,부상신고자수,사고유형,법규위반,노면상태,기상상태,도로형태,가해운전자 차종,가해운전자 성별,가해운전자 연령,가해운전자 상해정도,피해운전자 차종,피해운전자 성별,피해운전자 연령,피해운전자 상해정도
2012070700100580,2012년 7월 7일 18시,토요일,대전광역시 서구 탄방동,중상사고,0,1,0,0,차대차 - 기타,안전운전불이행,건조,맑음,교차로 - 교차로안,승용,여,52세,상해없음,자전거,남,60세,중상
2012070700100630,2012년 7월 7일 20시,토요일,대전광역시 서구 용문동,경상사고,0,0,3,0,차대차 - 정면충돌,중앙선침범,건조,맑음,단일로 - 기타,승용,남,45세,상해없음,승용,남,29세,경상
2012070700100717,2012년 7월 7일 23시,토요일,대전광역시 서구 둔산동,경상사고,0,0,1,0,차대차 - 측면직각충돌,신호위반,건조,맑음,교차로 - 교차로안,승용,남,58세,상해없음,승용,여,54세,경상
2012070800100018,2012년 7월 8일 00시,일요일,대전광역시 서구 복수동,경상사고,0,0,1,0,차대차 - 추돌 - 주정차중,안전운전불이행,건조,맑음,기타 - 기타,승합,남,52세,상해없음,승용,남,43세,경상
2012070800100019,2012년 7월 8일 00시,일요일,대전광역시 서구 탄방동,경상사고,0,0,1,0,차대차 - 추돌 - 진행중,안전운전불이행,건조,맑음,교차로 - 교차로부근,승용,남,42세,상해없음,승용,남,55세,상해없음
2012070800100055,2012년 7월 8일 01시,일요일,대전광역시 서구 탄방동,중상사고,0,1,0,0,차대사람 - 기타,안전운전불이행,건조,맑음,단일로 - 기타,승용,남,31세,상해없음,보행자,여,50세,중상
2012070800100076,2012년 7월 8일 02시,일요일,대전광역시 서구 도마동,경상사고,0,0,10,0,차대차 - 기타,신호위반,건조,맑음,교차로 - 교차로안,승용,남,38세,상해없음,승용,남,29세,경상
2012070800100119,2012년 7월 8일 05시,일요일,대전광역시 중구 사정동,중상사고,0,1,1,0,차대차 - 정면충돌,안전운전불이행,건조,맑음,단일로 - 기타,승용,남,27세,중상,승합,남,53세,경상
2012070800100120,2012년 7월 8일 05시,일요일,대전광역시 서구 가장동,중상사고,0,1,1,0,차대차 - 기타,중앙선침범,건조,맑음,단일로 - 기타,승용,남,50세,상해없음,승합,남,41세,경상
2012070800100121,2012년 7월 8일 05시,일요일,대전광역시 서구 월평동,경상사고,0,0,1,0,차대사람 - 기타,안전운전불이행,건조,맑음,단일로 - 기타,승용,남,44세,상해없음,보행자,여,16세,경상
2012070800100134,2012년 7월 8일 06시,일요일,대전광역시 유성구 장대동,중상사고,0,1,0,0,차대차 - 측면직각충돌,교차로운행방법위반,건조,맑음,교차로 - 교차로안,승용,남,27세,상해없음,승용,남,68세,중상
2012070800100274,2012년 7월 8일 13시,일요일,대전광역시 대덕구 비래동,중상사고,0,1,0,0,차량단독 - 기타,기타,건조,맑음,단일로 - 기타,승합,남,56세,상해없음,,,,
2012070800100275,2012년 7월 8일 13시,일요일,대전광역시 유성구 관평동,경상사고,0,0,3,0,차대차 - 추돌 - 진행중,안전거리미확보,건조,맑음,교차로 - 교차로부근,승용,남,37세,상해없음,승용,남,30세,경상
2012070800100330,2012년 7월 8일 15시,일요일,대전광역시 서구 괴정동,경상사고,0,0,1,0,차대차 - 측면직각충돌,안전운전불이행,건조,맑음,단일로 - 기타,화물,남,47세,상해없음,자전거,남,17세,경상
2012070800100331,2012년 7월 8일 15시,일요일,대전광역시 서구 갈마동,경상사고,0,0,2,0,차대차 - 추돌 - 진행중,안전운전불이행,건조,맑음,단일로 - 기타,승용,남,56세,상해없음,승용,여,59세,경상
2012070800100418,2012년 7월 8일 18시,일요일,대전광역시 동구 정동,중상사고,0,1,0,0,차대차 - 측면직각충돌,안전거리미확보,건조,맑음,단일로 - 기타,원동기,남,37세,상해없음,화물,남,27세,상해없음
2012070800100451,2012년 7월 8일 19시,일요일,대전광역시 동구 용전동,경상사고,0,0,1,0,차대차 - 측면직각충돌,안전거리미확보,건조,맑음,단일로 - 기타,승용,남,50세,상해없음,승용,남,51세,경상
2012070800100488,2012년 7월 8일 20시,일요일,대전광역시 중구 대흥동,중상사고,0,1,3,0,차대차 - 추돌 - 주정차중,안전운전불이행,건조,맑음,단일로 - 기타,승용,남,51세,상해없음,승용,여,28세,경상
2012070800100506,2012년 7월 8일 21시,일요일,대전광역시 동구 비룡동,중상사고,0,4,3,0,차량단독 - 공작물충돌,안전운전불이행,건조,맑음,단일로 - 기타,승용,남,43세,경상,,,,
2012070800100519,2012년 7월 8일 21시,일요일,대전광역시 중구 중촌동,경상사고,0,0,2,0,차대차 - 추돌 - 주정차중,안전운전불이행,건조,맑음,단일로 - 기타,승용,남,56세,상해없음,승용,남,21세,경상
2012070800100540,2012년 7월 8일 22시,일요일,대전광역시 중구 선화동,경상사고,0,0,3,0,차대차 - 추돌 - 진행중,안전운전불이행,건조,맑음,단일로 - 기타,승용,남,34세,상해없음,승용,남,27세,경상
2012070800100541,2012년 7월 8일 22시,일요일,대전광역시 서구 월평동,중상사고,0,1,1,0,차대사람 - 기타,기타,건조,맑음,기타 - 기타,원동기,남,23세,경상,보행자,남,21세,중상
2012070800100560,2012년 7월 8일 23시,일요일,대전광역시 서구 가수원동,경상사고,0,0,1,0,차대차 - 추돌 - 진행중,안전운전불이행,건조,맑음,단일로 - 기타,승용,남,45세,상해없음,승용,남,29세,경상
2012070900100121,2012년 7월 9일 08시,월요일,대전광역시 서구 둔산동,경상사고,0,0,2,0,차대차 - 기타,신호위반,건조,맑음,교차로 - 교차로안,승용,남,64세,상해없음,승용,여,51세,경상
2012070900100191,2012년 7월 9일 11시,월요일,대전광역시 중구 문창동,경상사고,0,0,1,0,차대사람 - 기타,신호위반,건조,맑음,단일로 - 기타,승용,남,51세,상해없음,보행자,남,54세,경상
2012070900100233,2012년 7월 9일 13시,월요일,대전광역시 중구 선화동,경상사고,0,0,2,0,차대차 - 추돌 - 주정차중,안전운전불이행,건조,맑음,단일로 - 기타,승용,남,51세,상해없음,승용,남,67세,경상
2012070900100274,2012년 7월 9일 14시,월요일,대전광역시 동구 삼성동,경상사고,0,0,1,0,차대차 - 측면직각충돌,신호위반,건조,맑음,단일로 - 횡단보도상,승용,남,60세,상해없음,자전거,여,54세,경상
2012070900100275,2012년 7월 9일 14시,월요일,대전광역시 서구 둔산동,경상사고,0,0,1,0,차대사람 - 횡단중,신호위반,건조,맑음,단일로 - 횡단보도상,승용,여,53세,상해없음,보행자,남,10세,경상
2012070900100318,2012년 7월 9일 15시,월요일,대전광역시 서구 둔산동,경상사고,0,0,1,0,차량단독 - 기타,안전운전불이행,건조,맑음,단일로 - 기타,승합,남,47세,상해없음,,,,
2012070900100446,2012년 7월 9일 18시,월요일,대전광역시 동구 가양동,경상사고,0,0,1,0,차대사람 - 횡단중,신호위반,건조,맑음,단일로 - 횡단보도상,승용,기타불명,기타불명,기타불명,보행자,남,13세,경상
2012070900100476,2012년 7월 9일 19시,월요일,대전광역시 서구 가수원동,중상사고,0,1,0,0,차대차 - 측면직각충돌,직진우회전진행방해,건조,맑음,교차로 - 교차로안,승용,남,47세,상해없음,이륜,남,35세,중상
2012070900100509,2012년 7월 9일 20시,월요일,대전광역시 서구 복수동,경상사고,0,0,1,0,차대차 - 기타,신호위반,건조,맑음,교차로 - 교차로안,승용,남,26세,상해없음,원동기,남,35세,경상
2012070900100510,2012년 7월 9일 20시,월요일,대전광역시 서구 탄방동,부상신고사고,0,0,0,1,차대차 - 측면직각충돌,안전운전불이행,건조,맑음,단일로 - 기타,승용,남,50세,상해없음,승용,남,32세,부상신고
2012070900100542,2012년 7월 9일 21시,월요일,대전광역시 대덕구 법동,경상사고,0,0,1,0,차대사람 - 횡단중,보행자보호의무위반,건조,맑음,단일로 - 횡단보도상,승용,남,58세,상해없음,보행자,여,9세,경상
2012070900100593,2012년 7월 9일 23시,월요일,대전광역시 동구 용전동,경상사고,0,0,4,0,차대차 - 추돌 - 진행중,안전운전불이행,건조,맑음,단일로 - 기타,승용,남,25세,상해없음,승용,여,28세,경상
2012071000100047,2012년 7월 10일 03시,화요일,대전광역시 서구 정림동,경상사고,0,0,1,0,차대차 - 추돌 - 진행중,안전운전불이행,건조,기타,단일로 - 기타,승용,남,33세,상해없음,화물,남,58세,경상
2012071000100059,2012년 7월 10일 05시,화요일,대전광역시 중구 중촌동,중상사고,0,2,1,0,차대차 - 측면직각충돌,안전운전불이행,건조,맑음,기타 - 기타,승용,남,23세,상해없음,승용,남,30세,중상
2012071000100072,2012년 7월 10일 06시,화요일,대전광역시 유성구 상대동,경상사고,0,0,1,0,차대차 - 추돌 - 주정차중,안전운전불이행,건조,맑음,교차로 - 교차로부근,승용,여,17세,상해없음,화물,여,45세,경상
2012071000100161,2012년 7월 10일 09시,화요일,대전광역시 동구 용전동,경상사고,0,0,1,0,차대차 - 추돌 - 주정차중,안전운전불이행,건조,맑음,단일로 - 기타,승용,기타불명,기타불명,기타불명,승용,여,32세,경상
2012071000100257,2012년 7월 10일 13시,화요일,대전광역시 중구 은행동,경상사고,0,0,4,0,차대차 - 측면직각충돌,신호위반,건조,맑음,교차로 - 교차로안,원동기,남,31세,경상,승용,남,51세,경상
2012071000100355,2012년 7월 10일 16시,화요일,대전광역시 유성구 관평동,경상사고,0,0,3,0,차대차 - 추돌 - 진행중,안전운전불이행,건조,맑음,단일로 - 횡단보도부근,승용,남,35세,상해없음,승용,여,50세,경상
2012071000100441,2012년 7월 10일 18시,화요일,대전광역시 중구 대사동,중상사고,0,1,0,0,차대사람 - 길가장자리구역통행중,안전운전불이행,건조,맑음,교차로 - 교차로안,건설기계,남,52세,상해없음,보행자,여,65세,중상
2012071000100565,2012년 7월 10일 21시,화요일,대전광역시 서구 월평동,중상사고,0,1,0,0,차대차 - 측면직각충돌,신호위반,습기,비,단일로 - 기타,승용,남,60세,상해없음,이륜,남,29세,중상
2012071000100610,2012년 7월 10일 22시,화요일,대전광역시 중구 문화동,중상사고,0,1,0,0,차대사람 - 횡단중,안전운전불이행,습기,비,단일로 - 기타,원동기,남,22세,상해없음,보행자,여,61세,중상
2012071000100611,2012년 7월 10일 22시,화요일,대전광역시 서구 도마동,경상사고,0,0,1,0,차대차 - 측면직각충돌,중앙선침범,습기,비,단일로 - 기타,승용,남,58세,기타불명,승용,남,38세,경상
2012071000100655,2012년 7월 10일 23시,화요일,대전광역시 중구 오류동,경상사고,0,0,1,0,차대사람 - 기타,안전운전불이행,습기,비,단일로 - 기타,승용,남,29세,상해없음,보행자,남,48세,경상
2012071100100068,2012년 7월 11일 01시,수요일,대전광역시 서구 월평동,중상사고,0,1,2,0,차대차 - 추돌 - 주정차중,안전운전불이행,습기,비,단일로 - 기타,승용,남,41세,상해없음,승용,남,37세,중상
2012071100100069,2012년 7월 11일 01시,수요일,대전광역시 서구 둔산동,경상사고,0,0,1,0,차대차 - 측면직각충돌,안전운전불이행,습기,비,단일로 - 기타,승용,남,46세,상해없음,승용,남,51세,경상
2012071100100083,2012년 7월 11일 02시,수요일,대전광역시 중구 중촌동,중상사고,0,1,0,0,차량단독 - 공작물충돌,중앙선침범,습기,비,단일로 - 기타,승용,남,34세,상해없음,,,,
2012071100100101,2012년 7월 11일 03시,수요일,대전광역시 서구 갈마동,중상사고,0,2,1,0,차대차 - 측면직각충돌,안전운전불이행,습기,비,단일로 - 기타,승용,남,21세,상해없음,승용,남,40세,경상
2012071100100133,2012년 7월 11일 05시,수요일,대전광역시 서구 도마동,경상사고,0,0,1,0,차대차 - 측면직각충돌,신호위반,습기,비,교차로 - 교차로안,승용,남,65세,상해없음,자전거,남,69세,경상
2012071100100173,2012년 7월 11일 07시,수요일,대전광역시 대덕구 중리동,중상사고,0,1,0,0,차대사람 - 횡단중,안전운전불이행,습기,비,교차로 - 교차로안,승용,남,56세,상해없음,보행자,여,16세,중상
2012071100100211,2012년 7월 11일 08시,수요일,대전광역시 동구 홍도동,부상신고사고,0,0,0,1,차대차 - 측면직각충돌,안전운전불이행,건조,맑음,단일로 - 기타,승용,기타불명,기타불명,기타불명,승용,여,28세,부상신고
2012071100100278,2012년 7월 11일 11시,수요일,대전광역시 대덕구 비래동,경상사고,0,0,1,0,차대차 - 기타,불법유턴,습기,흐림,교차로 - 교차로안,승용,남,22세,상해없음,승용,남,40세,경상
2012071100100307,2012년 7월 11일 12시,수요일,대전광역시 중구 사정동,경상사고,0,0,1,0,차대차 - 측면직각충돌,교차로운행방법위반,습기,비,교차로 - 교차로안,화물,남,41세,상해없음,이륜,여,41세,경상
2012071100100308,2012년 7월 11일 12시,수요일,대전광역시 유성구 봉명동,경상사고,0,0,1,0,차대차 - 기타,안전운전불이행,습기,비,교차로 - 교차로부근,승용,남,68세,상해없음,승용,남,41세,경상
2012071100100361,2012년 7월 11일 14시,수요일,대전광역시 유성구 장대동,중상사고,0,1,3,0,차대차 - 측면직각충돌,신호위반,습기,비,교차로 - 교차로안,화물,남,53세,중상,승합,남,45세,상해없음
2012071100100384,2012년 7월 11일 15시,수요일,대전광역시 중구 부사동,중상사고,0,1,0,0,차대사람 - 기타,안전운전불이행,건조,맑음,단일로 - 기타,승용,여,40세,상해없음,보행자,여,70세,중상
2012071100100385,2012년 7월 11일 15시,수요일,대전광역시 중구 문화동,경상사고,0,0,1,0,차대차 - 측면직각충돌,안전거리미확보,건조,맑음,교차로 - 교차로부근,승용,남,62세,상해없음,화물,남,31세,경상
2012071100100505,2012년 7월 11일 19시,수요일,대전광역시 중구 구완동,중상사고,0,1,0,0,차대차 - 측면직각충돌,안전거리미확보,건조,맑음,단일로 - 기타,승용,남,31세,상해없음,승용,남,40세,중상
2012071100100519,2012년 7월 11일 19시,수요일,대전광역시 동구 가양동,중상사고,0,1,0,0,차대차 - 측면직각충돌,안전운전불이행,건조,맑음,교차로 - 교차로안,승용,남,27세,상해없음,원동기,남,53세,중상
2012071100100520,2012년 7월 11일 19시,수요일,대전광역시 동구 홍도동,중상사고,0,1,0,0,차대사람 - 길가장자리구역통행중,안전운전불이행,건조,맑음,단일로 - 기타,승용,남,34세,상해없음,보행자,남,60세,중상
2012071100100550,2012년 7월 11일 20시,수요일,대전광역시 중구 은행동,경상사고,0,0,2,0,차대차 - 측면직각충돌,안전운전불이행,건조,맑음,교차로 - 교차로안,승용,남,58세,상해없음,승용,남,35세,경상
2012071100100622,2012년 7월 11일 22시,수요일,대전광역시 동구 구도동,중상사고,0,2,0,0,차대차 - 정면충돌,중앙선침범,건조,흐림,단일로 - 기타,승용,남,35세,기타불명,화물,남,41세,상해없음
2012071100100623,2012년 7월 11일 22시,수요일,대전광역시 서구 관저동,경상사고,0,0,1,0,차대사람 - 횡단중,안전운전불이행,건조,맑음,단일로 - 횡단보도상,승용,남,35세,상해없음,보행자,여,12세,경상
2012071100100624,2012년 7월 11일 22시,수요일,대전광역시 유성구 봉명동,경상사고,0,0,1,0,차대사람 - 차도통행중,안전운전불이행,건조,맑음,단일로 - 횡단보도부근,승용,기타불명,기타불명,기타불명,보행자,여,42세,경상
2012071200100024,2012년 7월 12일 00시,목요일,대전광역시 동구 대동,중상사고,0,1,0,0,차대차 - 측면직각충돌,신호위반,건조,맑음,교차로 - 교차로부근,승용,남,55세,상해없음,이륜,남,20세,중상
2012071200100042,2012년 7월 12일 01시,목요일,대전광역시 서구 둔산동,경상사고,0,0,2,0,차대차 - 측면직각충돌,교차로운행방법위반,건조,맑음,교차로 - 교차로안,승용,남,34세,상해없음,승용,남,49세,경상
2012071200100085,2012년 7월 12일 05시,목요일,대전광역시 서구 탄방동,경상사고,0,0,1,0,차대차 - 측면직각충돌,안전운전불이행,건조,맑음,단일로 - 기타,승용,남,48세,상해없음,승용,남,46세,경상
2012071200100206,2012년 7월 12일 10시,목요일,대전광역시 서구 관저동,중상사고,0,1,0,0,차대차 - 측면직각충돌,신호위반,건조,맑음,교차로 - 교차로부근,승용,여,33세,상해없음,자전거,남,79세,중상
2012071200100272,2012년 7월 12일 13시,목요일,대전광역시 서구 정림동,중상사고,0,1,0,0,차대사람 - 횡단중,보행자보호의무위반,건조,맑음,교차로 - 교차로안,승합,남,49세,상해없음,보행자,여,68세,중상
2012071200100587,2012년 7월 12일 22시,목요일,대전광역시 서구 괴정동,경상사고,0,0,1,0,차대사람 - 횡단중,보행자보호의무위반,습기,비,교차로 - 교차로안,승용,남,56세,상해없음,보행자,여,55세,경상
2012071200100588,2012년 7월 12일 22시,목요일,대전광역시 대덕구 석봉동,경상사고,0,0,1,0,차대차 - 기타,안전운전불이행,습기,흐림,단일로 - 기타,승용,남,30세,상해없음,승용,여,33세,경상
2012071200100589,2012년 7월 12일 22시,목요일,대전광역시 대덕구 신탄진동,경상사고,0,0,1,0,차대차 - 측면직각충돌,중앙선침범,건조,맑음,교차로 - 교차로부근,승용,기타불명,기타불명,기타불명,승용,여,26세,경상
2012071200100590,2012년 7월 12일 22시,목요일,대전광역시 유성구 신성동,경상사고,0,0,1,0,차대차 - 기타,안전운전불이행,건조,맑음,단일로 - 기타,승용,남,49세,상해없음,승용,남,38세,경상
2012071200100614,2012년 7월 12일 23시,목요일,대전광역시 중구 오류동,중상사고,0,1,0,0,차대차 - 측면직각충돌,안전운전불이행,습기,흐림,교차로 - 교차로부근,승용,남,38세,상해없음,화물,여,47세,중상
2012071200100615,2012년 7월 12일 23시,목요일,대전광역시 중구 오류동,경상사고,0,0,1,0,차대차 - 추돌 - 주정차중,안전운전불이행,습기,비,단일로 - 기타,이륜,남,17세,상해없음,승용,남,51세,상해없음
2012071300100029,2012년 7월 13일 01시,금요일,대전광역시 중구 대사동,부상신고사고,0,0,0,1,차대사람 - 기타,안전운전불이행,습기,흐림,단일로 - 기타,승용,남,26세,상해없음,보행자,남,35세,부상신고
2012071300100030,2012년 7월 13일 01시,금요일,대전광역시 서구 도마동,중상사고,0,1,1,0,차대차 - 측면직각충돌,안전거리미확보,습기,비,교차로 - 교차로부근,승용,여,31세,상해없음,승용,남,42세,중상
2012071300100031,2012년 7월 13일 01시,금요일,대전광역시 서구 둔산동,경상사고,0,0,3,0,차대차 - 측면직각충돌,중앙선침범,건조,맑음,단일로 - 기타,승합,남,41세,상해없음,승용,남,32세,경상
2012071300100051,2012년 7월 13일 02시,금요일,대전광역시 서구 둔산동,경상사고,0,0,2,0,차대차 - 기타,신호위반,습기,비,교차로 - 교차로안,승용,남,55세,상해없음,승용,여,26세,경상
2012071300100078,2012년 7월 13일 03시,금요일,대전광역시 서구 도마동,경상사고,0,0,1,0,차대사람 - 횡단중,안전운전불이행,건조,맑음,단일로 - 횡단보도부근,승용,남,51세,상해없음,보행자,여,47세,경상
2012071300100178,2012년 7월 13일 08시,금요일,대전광역시 서구 괴정동,중상사고,0,1,0,0,차대사람 - 보도통행중,보행자보호의무위반,건조,맑음,교차로 - 교차로안,승합,남,37세,상해없음,보행자,여,71세,중상
2012071300100242,2012년 7월 13일 11시,금요일,대전광역시 동구 가양동,사망사고,1,0,0,0,차대사람 - 차도통행중,안전운전불이행,건조,맑음,교차로 - 교차로안,승용,남,63세,상해없음,보행자,여,77세,사망
2012071300100243,2012년 7월 13일 11시,금요일,대전광역시 유성구 원내동,경상사고,0,0,1,0,차대차 - 측면직각충돌,안전운전불이행,건조,맑음,교차로 - 교차로안,화물,남,48세,상해없음,승용,여,57세,경상
2012071300100415,2012년 7월 13일 17시,금요일,대전광역시 중구 태평동,중상사고,0,1,0,0,차대사람 - 기타,기타,건조,맑음,단일로 - 기타,승합,남,58세,상해없음,보행자,남,77세,중상
2012071300100546,2012년 7월 13일 20시,금요일,대전광역시 서구 관저동,경상사고,0,0,1,0,차대사람 - 횡단중,안전운전불이행,습기,비,교차로 - 교차로부근,원동기,남,19세,상해없음,보행자,남,11세,경상
2012071300100547,2012년 7월 13일 20시,금요일,대전광역시 서구 괴정동,경상사고,0,0,2,0,차대차 - 추돌 - 주정차중,안전운전불이행,습기,비,단일로 - 기타,승용,남,43세,상해없음,승용,남,31세,경상
2012071300100670,2012년 7월 13일 23시,금요일,대전광역시 중구 태평동,중상사고,0,1,0,0,차대사람 - 기타,안전운전불이행,건조,맑음,단일로 - 기타,이륜,남,21세,상해없음,보행자,여,33세,중상
2012071300100671,2012년 7월 13일 23시,금요일,대전광역시 대덕구 중리동,중상사고,0,1,0,0,차대차 - 측면직각충돌,교차로운행방법위반,건조,흐림,교차로 - 교차로안,승용,남,49세,상해없음,원동기,남,23세,중상
2012071400100023,2012년 7월 14일 00시,토요일,대전광역시 동구 자양동,경상사고,0,0,1,0,차대사람 - 횡단중,중앙선침범,건조,맑음,단일로 - 기타,승용,남,38세,상해없음,보행자,여,19세,경상
2012071400100052,2012년 7월 14일 01시,토요일,대전광역시 중구 은행동,중상사고,0,1,0,0,차대사람 - 기타,안전운전불이행,건조,맑음,교차로 - 교차로부근,승용,남,20세,상해없음,보행자,여,18세,중상
2012071400100053,2012년 7월 14일 01시,토요일,대전광역시 서구 용문동,경상사고,0,0,1,0,차대차 - 추돌 - 주정차중,안전운전불이행,건조,맑음,단일로 - 기타,승용,기타불명,기타불명,기타불명,승용,여,53세,경상
2012071400100080,2012년 7월 14일 02시,토요일,대전광역시 대덕구 중리동,경상사고,0,0,2,0,차대차 - 추돌 - 주정차중,안전운전불이행,건조,흐림,교차로 - 교차로부근,승용,여,30세,상해없음,승용,남,23세,경상
2012071400100081,2012년 7월 14일 02시,토요일,대전광역시 서구 둔산동,경상사고,0,0,1,0,차대사람 - 차도통행중,안전운전불이행,건조,흐림,단일로 - 기타,기타불명,기타불명,기타불명,기타불명,보행자,여,27세,경상
2012071400100118,2012년 7월 14일 04시,토요일,대전광역시 대덕구 중리동,부상신고사고,0,0,0,1,차대사람 - 횡단중,안전운전불이행,건조,흐림,단일로 - 기타,화물,남,29세,상해없음,보행자,남,51세,부상신고
2012071400100203,2012년 7월 14일 09시,토요일,대전광역시 중구 오류동,경상사고,0,0,2,0,차대차 - 측면직각충돌,안전운전불이행,건조,맑음,교차로 - 교차로안,승용,남,23세,상해없음,승용,남,59세,경상
2012071400100204,2012년 7월 14일 09시,토요일,대전광역시 중구 대흥동,경상사고,0,0,2,0,차대차 - 측면직각충돌,안전운전불이행,건조,맑음,교차로 - 교차로부근,승용,여,24세,상해없음,승용,여,37세,경상
2012071400100222,2012년 7월 14일 10시,토요일,대전광역시 동구 삼성동,중상사고,0,1,1,0,차대차 - 측면직각충돌,안전운전불이행,건조,맑음,단일로 - 기타,승용,남,61세,상해없음,승용,남,47세,중상
2012071400100254,2012년 7월 14일 11시,토요일,대전광역시 서구 도마동,경상사고,0,0,2,0,차대차 - 기타,안전운전불이행,건조,흐림,단일로 - 기타,화물,남,70세,상해없음,승용,여,40세,경상
2012071400100323,2012년 7월 14일 13시,토요일,대전광역시 중구 용두동,중상사고,0,1,0,0,차대사람 - 기타,안전운전불이행,건조,흐림,단일로 - 기타,승용,여,49세,상해없음,보행자,남,48세,중상
2012071400100391,2012년 7월 14일 15시,토요일,대전광역시 중구 태평동,경상사고,0,0,1,0,차대사람 - 기타,안전운전불이행,습기,비,단일로 - 기타,승용,여,51세,상해없음,보행자,여,54세,경상
2012071400100392,2012년 7월 14일 15시,토요일,대전광역시 대덕구 오정동,중상사고,0,1,0,0,차대차 - 추돌 - 주정차중,안전운전불이행,습기,비,교차로 - 교차로부근,승합,남,61세,상해없음,승용,남,54세,중상
2012071400100608,2012년 7월 14일 20시,토요일,대전광역시 동구 낭월동,중상사고,0,2,0,0,차대차 - 추돌 - 주정차중,안전거리미확보,습기,비,교차로 - 교차로부근,승합,남,47세,상해없음,승용,남,69세,중상
2012071400100609,2012년 7월 14일 20시,토요일,대전광역시 서구 관저동,경상사고,0,0,4,0,차대차 - 추돌 - 진행중,안전운전불이행,습기,비,교차로 - 교차로부근,승용,남,49세,상해없음,승용,남,55세,경상
2012071400100610,2012년 7월 14일 20시,토요일,대전광역시 서구 정림동,경상사고,0,0,3,0,차대차 - 측면직각충돌,안전거리미확보,습기,비,단일로 - 기타,승용,남,57세,상해없음,승용,남,45세,경상
2012071400100611,2012년 7월 14일 20시,토요일,대전광역시 서구 둔산동,중상사고,0,1,4,0,차대차 - 측면직각충돌,신호위반,습기,비,교차로 - 교차로안,승용,여,55세,경상,승용,여,41세,중상
2012071400100612,2012년 7월 14일 20시,토요일,대전광역시 서구 둔산동,경상사고,0,0,3,0,차대차 - 정면충돌,중앙선침범,습기,비,교차로 - 교차로안,승용,남,41세,기타불명,승용,남,35세,경상
2012071400100668,2012년 7월 14일 21시,토요일,대전광역시 중구 문화동,중상사고,0,1,0,0,차대차 - 기타,안전운전불이행,습기,비,단일로 - 기타,화물,남,67세,상해없음,원동기,남,19세,중상
2012071400100669,2012년 7월 14일 21시,토요일,대전광역시 중구 유천동,경상사고,0,0,1,0,차대차 - 추돌 - 주정차중,안전운전불이행,습기,비,단일로 - 기타,승합,남,55세,상해없음,화물,남,24세,경상
2012071400100670,2012년 7월 14일 21시,토요일,대전광역시 서구 관저동,경상사고,0,0,1,0,차대사람 - 차도통행중,안전운전불이행,습기,비,단일로 - 기타,승용,기타불명,기타불명,기타불명,보행자,여,18세,경상
2012071400100671,2012년 7월 14일 21시,토요일,대전광역시 서구 갈마동,중상사고,0,3,0,0,차대차 - 측면직각충돌,신호위반,습기,비,교차로 - 교차로안,승합,남,55세,상해없음,승용,남,32세,중상
2012071400100725,2012년 7월 14일 22시,토요일,대전광역시 중구 오류동,경상사고,0,0,1,0,차대차 - 기타,안전운전불이행,건조,맑음,단일로 - 기타,승용,남,64세,상해없음,승용,여,24세,상해없음
2012071400100726,2012년 7월 14일 22시,토요일,대전광역시 유성구 송강동,중상사고,0,1,0,0,차대차 - 추돌 - 진행중,안전거리미확보,습기,흐림,단일로 - 기타,승용,기타불명,기타불명,기타불명,이륜,남,55세,중상
2012071400100774,2012년 7월 14일 23시,토요일,대전광역시 서구 관저동,경상사고,0,0,1,0,차대사람 - 보도통행중,신호위반,습기,비,교차로 - 교차로안,원동기,남,45세,상해없음,보행자,여,18세,경상
2012071500100046,2012년 7월 15일 00시,일요일,대전광역시 중구 목동,경상사고,0,0,1,0,차대차 - 측면직각충돌,안전운전불이행,습기,비,교차로 - 교차로안,승용,남,51세,상해없음,승용,남,62세,경상
2012071500100047,2012년 7월 15일 00시,일요일,대전광역시 중구 은행동,경상사고,0,0,1,0,차대차 - 추돌 - 주정차중,안전운전불이행,습기,비,단일로 - 기타,승용,남,26세,상해없음,승용,남,54세,경상
2012071500100048,2012년 7월 15일 00시,일요일,대전광역시 서구 둔산동,경상사고,0,0,1,0,차대차 - 측면직각충돌,신호위반,습기,비,교차로 - 교차로안,승용,남,46세,상해없음,승용,남,38세,경상
2012071500100073,2012년 7월 15일 01시,일요일,대전광역시 중구 산성동,중상사고,0,1,0,0,차대사람 - 횡단중,안전운전불이행,습기,비,단일로 - 횡단보도상,승용,여,45세,상해없음,보행자,남,27세,중상
2012071500100074,2012년 7월 15일 01시,일요일,대전광역시 중구 유천동,경상사고,0,0,1,0,차대차 - 측면직각충돌,안전운전불이행,습기,비,단일로 - 기타,승용,남,27세,기타불명,승용,여,36세,경상
2012071500100075,2012년 7월 15일 01시,일요일,대전광역시 서구 괴정동,경상사고,0,0,1,0,차대차 - 측면직각충돌,중앙선침범,습기,흐림,단일로 - 기타,승용,기타불명,기타불명,기타불명,승용,남,60세,경상
2012071500100103,2012년 7월 15일 02시,일요일,대전광역시 중구 유천동,중상사고,0,1,1,0,차대차 - 측면직각충돌,안전거리미확보,습기,비,단일로 - 기타,승용,남,23세,상해없음,승용,남,60세,경상