사고번호,사고일시,요일,시군구,사고내용,사망자수,중상자수,경상자수,부상신고자수,사고유형,법규위반,노면상태,기상상태,도로형태,가해운전자 차종,가해운전자 성별,가해운전자 연령,가해운전자 상해정도,피해운전자 차종,피해운전자 성별,피해운전자 연령,피해운전자 상해정도
2012071500100132,2012년 7월 15일 03시,일요일,대전광역시 동구 정동,경상사고,0,0,1,0,차대차 - 측면직각충돌,신호위반,습기,비,교차로 - 교차로안,화물,기타불명,기타불명,기타불명,승용,남,35세,경상
2012071500100133,2012년 7월 15일 03시,일요일,대전광역시 대덕구 오정동,경상사고,0,0,2,0,차대차 - 추돌 - 주정차중,안전운전불이행,습기,비,단일로 - 기타,승용,남,37세,기타불명,승용,남,44세,경상
2012071500100156,2012년 7월 15일 04시,일요일,대전광역시 유성구 노은동,중상사고,0,2,0,0,차대차 - 측면직각충돌,신호위반,습기,비,교차로 - 교차로안,승용,여,48세,중상,승용,남,31세,중상
2012071500100177,2012년 7월 15일 05시,일요일,대전광역시 동구 자양동,중상사고,0,2,1,0,차대차 - 측면직각충돌,안전운전불이행,습기,비,단일로 - 횡단보도부근,승용,남,26세,상해없음,승합,남,51세,경상
2012071500100215,2012년 7월 15일 08시,일요일,대전광역시 중구 오류동,경상사고,0,0,1,0,차대차 - 측면직각충돌,중앙선침범,건조,맑음,단일로 - 기타,승용,남,13세,상해없음,승용,남,54세,경상
2012071500100248,2012년 7월 15일 10시,일요일,대전광역시 대덕구 송촌동,경상사고,0,0,4,0,차대차 - 측면직각충돌,중앙선침범,건조,맑음,단일로 - 기타,승용,남,63세,상해없음,승용,남,47세,경상
2012071500100249,2012년 7월 15일 10시,일요일,대전광역시 대덕구 오정동,경상사고,0,0,3,0,차대차 - 추돌 - 주정차중,안전운전불이행,습기,비,교차로 - 교차로부근,승용,여,48세,상해없음,승용,남,31세,경상
2012071500100296,2012년 7월 15일 12시,일요일,대전광역시 중구 은행동,경상사고,0,0,1,0,차량단독 - 공작물충돌,기타,건조,맑음,교차로 - 교차로부근,승합,남,55세,상해없음,,,,
2012071500100472,2012년 7월 15일 18시,일요일,대전광역시 서구 월평동,경상사고,0,0,1,0,차대사람 - 보도통행중,안전운전불이행,건조,맑음,교차로 - 교차로부근,화물,남,48세,상해없음,보행자,남,45세,경상
2012071500100564,2012년 7월 15일 21시,일요일,대전광역시 서구 괴정동,경상사고,0,0,2,0,차대차 - 추돌 - 진행중,안전운전불이행,건조,맑음,교차로 - 교차로부근,승용,여,48세,상해없음,승용,남,56세,경상
2012071600100030,2012년 7월 16일 01시,월요일,대전광역시 서구 갈마동,경상사고,0,0,2,0,차대차 - 측면직각충돌,신호위반,건조,맑음,교차로 - 교차로안,승용,남,33세,상해없음,승용,남,25세,상해없음
2012071600100071,2012년 7월 16일 06시,월요일,대전광역시 서구 탄방동,중상사고,0,2,1,0,차대차 - 정면충돌,중앙선침범,건조,맑음,교차로 - 교차로부근,승용,남,31세,상해없음,승용,남,47세,경상
2012071600100098,2012년 7월 16일 07시,월요일,대전광역시 서구 가수원동,경상사고,0,0,1,0,차대차 - 기타,안전운전불이행,건조,맑음,단일로 - 기타,승용,남,24세,상해없음,승용,남,47세,경상
2012071600100099,2012년 7월 16일 07시,월요일,대전광역시 서구 도마동,경상사고,0,0,1,0,차대사람 - 기타,안전운전불이행,건조,맑음,단일로 - 기타,이륜,남,55세,상해없음,보행자,여,26세,경상
2012071600100100,2012년 7월 16일 07시,월요일,대전광역시 대덕구 중리동,경상사고,0,0,1,0,차대차 - 측면직각충돌,차로위반,건조,맑음,단일로 - 기타,승합,남,51세,상해없음,승용,남,57세,경상
2012071600100136,2012년 7월 16일 08시,월요일,대전광역시 대덕구 송촌동,경상사고,0,0,1,0,차대차 - 측면직각충돌,안전운전불이행,건조,맑음,단일로 - 기타,승용,남,38세,상해없음,자전거,남,45세,경상
2012071600100252,2012년 7월 16일 12시,월요일,대전광역시 대덕구 오정동,중상사고,0,1,0,0,차대차 - 기타,안전운전불이행,건조,맑음,단일로 - 기타,승용,남,63세,상해없음,이륜,남,36세,중상
2012071600100270,2012년 7월 16일 13시,월요일,대전광역시 유성구 장대동,경상사고,0,0,1,0,차대사람 - 기타,안전운전불이행,건조,흐림,교차로 - 교차로안,승용,여,51세,상해없음,보행자,남,49세,경상
2012071600100465,2012년 7월 16일 19시,월요일,대전광역시 유성구 전민동,중상사고,0,1,0,0,차대사람 - 기타,안전운전불이행,건조,맑음,교차로 - 교차로안,화물,여,49세,상해없음,보행자,여,21세,중상
2012071600100496,2012년 7월 16일 20시,월요일,대전광역시 중구 은행동,경상사고,0,0,1,0,차대차 - 측면직각충돌,신호위반,건조,맑음,교차로 - 교차로안,원동기,남,35세,상해없음,승용,남,57세,경상
2012071600100581,2012년 7월 16일 23시,월요일,대전광역시 서구 가장동,중상사고,0,2,1,0,차대차 - 측면직각충돌,신호위반,건조,맑음,교차로 - 교차로안,화물,남,29세,경상,승용,남,61세,중상
2012071600100582,2012년 7월 16일 23시,월요일,대전광역시 대덕구 신탄진동,부상신고사고,0,0,0,1,차대차 - 추돌 - 주정차중,안전운전불이행,건조,맑음,단일로 - 기타,이륜,남,51세,상해없음,화물,남,35세,부상신고
2012071700100026,2012년 7월 17일 00시,화요일,대전광역시 중구 유천동,경상사고,0,0,2,0,차대차 - 기타,안전운전불이행,건조,맑음,단일로 - 기타,승용,남,38세,상해없음,승용,남,23세,경상
2012071700100056,2012년 7월 17일 02시,화요일,대전광역시 동구 홍도동,중상사고,0,1,0,0,차대차 - 추돌 - 진행중,안전운전불이행,건조,맑음,단일로 - 기타,승용,남,39세,상해없음,승용,남,34세,중상
2012071700100073,2012년 7월 17일 04시,화요일,대전광역시 서구 가수원동,경상사고,0,0,1,0,차대차 - 추돌 - 주정차중,안전운전불이행,건조,맑음,교차로 - 교차로부근,승용,남,26세,상해없음,승용,남,55세,경상
2012071700100133,2012년 7월 17일 08시,화요일,대전광역시 서구 갈마동,경상사고,0,0,2,0,차대사람 - 기타,안전운전불이행,건조,맑음,단일로 - 기타,승용,남,26세,상해없음,보행자,남,20세,경상
2012071700100171,2012년 7월 17일 10시,화요일,대전광역시 중구 은행동,경상사고,0,0,1,0,차대차 - 측면직각충돌,신호위반,습기,비,교차로 - 교차로안,화물,남,38세,상해없음,승용,남,50세,경상
2012071700100172,2012년 7월 17일 10시,화요일,대전광역시 서구 도마동,경상사고,0,0,1,0,차대사람 - 보도통행중,기타,습기,비,단일로 - 기타,화물,여,46세,상해없음,보행자,여,58세,경상
2012071700100193,2012년 7월 17일 11시,화요일,대전광역시 대덕구 상서동,경상사고,0,0,4,0,차대차 - 추돌 - 주정차중,안전운전불이행,습기,비,미분류 - 미분류,화물,남,29세,상해없음,승용,남,56세,경상
2012071700100261,2012년 7월 17일 14시,화요일,대전광역시 서구 도마동,중상사고,0,1,0,0,차대사람 - 보도통행중,신호위반,습기,비,교차로 - 교차로안,승용,남,74세,상해없음,보행자,남,11세,중상
2012071700100307,2012년 7월 17일 15시,화요일,대전광역시 서구 만년동,경상사고,0,0,1,0,차대사람 - 기타,안전운전불이행,건조,맑음,단일로 - 기타,기타불명,기타불명,기타불명,기타불명,보행자,남,8세,경상
2012071700100412,2012년 7월 17일 18시,화요일,대전광역시 서구 도마동,경상사고,0,0,1,0,차대사람 - 기타,안전운전불이행,건조,맑음,교차로 - 교차로부근,기타불명,기타불명,기타불명,기타불명,보행자,여,56세,경상
2012071700100435,2012년 7월 17일 19시,화요일,대전광역시 서구 변동,경상사고,0,0,1,0,차대차 - 측면직각충돌,신호위반,건조,흐림,교차로 - 교차로안,승합,남,49세,상해없음,승용,남,36세,경상
2012071700100465,2012년 7월 17일 20시,화요일,대전광역시 대덕구 읍내동,경상사고,0,0,1,0,차대차 - 추돌 - 진행중,안전운전불이행,건조,맑음,단일로 - 기타,승용,남,28세,상해없음,승용,남,57세,경상
2012071700100527,2012년 7월 17일 22시,화요일,대전광역시 대덕구 법동,경상사고,0,0,1,0,차대차 - 측면직각충돌,교차로운행방법위반,건조,맑음,교차로 - 교차로안,승용,기타불명,기타불명,기타불명,승합,남,36세,경상
2012071700100550,2012년 7월 17일 23시,화요일,대전광역시 유성구 어은동,중상사고,0,2,2,0,차대차 - 측면직각충돌,안전운전불이행,건조,맑음,단일로 - 교량,승합,남,42세,기타불명,승용,남,54세,중상
2012071800100017,2012년 7월 18일 00시,수요일,대전광역시 서구 둔산동,경상사고,0,0,2,0,차대차 - 추돌 - 주정차중,안전운전불이행,건조,맑음,교차로 - 교차로부근,승용,남,35세,상해없음,승용,여,42세,경상
2012071800100044,2012년 7월 18일 01시,수요일,대전광역시 서구 복수동,중상사고,0,1,1,0,차대차 - 추돌 - 진행중,안전운전불이행,건조,기타,교차로 - 교차로부근,승용,남,44세,상해없음,승용,남,45세,경상
2012071800100203,2012년 7월 18일 10시,수요일,대전광역시 대덕구 읍내동,중상사고,0,1,0,0,차대차 - 측면직각충돌,신호위반,건조,맑음,교차로 - 교차로안,승용,여,52세,상해없음,승용,여,49세,중상
2012071800100271,2012년 7월 18일 12시,수요일,대전광역시 서구 도마동,경상사고,0,0,1,0,차대차 - 추돌 - 주정차중,안전운전불이행,건조,흐림,교차로 - 교차로부근,승용,여,52세,상해없음,승용,남,46세,경상
2012071800100338,2012년 7월 18일 14시,수요일,대전광역시 동구 용전동,경상사고,0,0,1,0,차대차 - 추돌 - 주정차중,안전거리미확보,건조,맑음,단일로 - 기타,승용,남,49세,상해없음,승용,남,72세,경상
2012071800100369,2012년 7월 18일 15시,수요일,대전광역시 중구 안영동,경상사고,0,0,1,0,차대사람 - 기타,안전운전불이행,건조,맑음,단일로 - 기타,화물,남,49세,상해없음,보행자,남,55세,경상
2012071800100446,2012년 7월 18일 17시,수요일,대전광역시 서구 탄방동,경상사고,0,0,1,0,차대차 - 기타,안전거리미확보,건조,맑음,기타 - 기타,승용,남,45세,상해없음,승용,여,38세,경상
2012071800100483,2012년 7월 18일 18시,수요일,대전광역시 중구 태평동,중상사고,0,1,0,0,차대사람 - 횡단중,안전운전불이행,건조,맑음,단일로 - 기타,승용,남,43세,상해없음,보행자,여,60세,중상
2012071800100484,2012년 7월 18일 18시,수요일,대전광역시 동구 용운동,경상사고,0,0,1,0,차대차 - 측면직각충돌,안전운전불이행,건조,맑음,단일로 - 기타,승용,남,65세,상해없음,승용,여,52세,경상
2012071800100485,2012년 7월 18일 18시,수요일,대전광역시 서구 도마동,중상사고,0,1,0,0,차대사람 - 차도통행중,안전운전불이행,건조,흐림,단일로 - 기타,승용,기타불명,57세,기타불명,보행자,남,4세,중상
2012071800100564,2012년 7월 18일 20시,수요일,대전광역시 동구 가양동,경상사고,0,0,2,0,차대차 - 측면직각충돌,교차로운행방법위반,건조,맑음,교차로 - 교차로안,승용,남,27세,경상,이륜,남,66세,상해없음
2012071800100565,2012년 7월 18일 20시,수요일,대전광역시 서구 가수원동,중상사고,0,1,1,0,차대사람 - 횡단중,안전운전불이행,습기,비,교차로 - 교차로안,승용,여,33세,경상,보행자,남,67세,중상
2012071800100566,2012년 7월 18일 20시,수요일,대전광역시 유성구 문지동,중상사고,0,1,0,0,차대사람 - 횡단중,보행자보호의무위반,습기,비,단일로 - 횡단보도상,승용,남,56세,상해없음,보행자,여,28세,중상
2012071800100621,2012년 7월 18일 21시,수요일,대전광역시 동구 신흥동,중상사고,0,1,0,0,차대사람 - 횡단중,신호위반,습기,비,단일로 - 횡단보도상,승용,남,45세,상해없음,보행자,남,52세,중상
2012071800100622,2012년 7월 18일 21시,수요일,대전광역시 서구 도안동,경상사고,0,0,1,0,차대차 - 추돌 - 진행중,안전운전불이행,습기,흐림,단일로 - 기타,승용,남,41세,상해없음,승용,여,45세,경상
2012071800100665,2012년 7월 18일 22시,수요일,대전광역시 서구 괴정동,경상사고,0,0,1,0,차대차 - 측면직각충돌,안전운전불이행,건조,흐림,단일로 - 기타,승용,남,26세,상해없음,승용,여,25세,경상
2012071900100025,2012년 7월 19일 00시,목요일,대전광역시 동구 인동,경상사고,0,0,2,0,차대차 - 추돌 - 주정차중,안전운전불이행,습기,비,교차로 - 교차로부근,승용,남,24세,상해없음,승용,남,58세,경상
2012071900100097,2012년 7월 19일 05시,목요일,대전광역시 동구 성남동,경상사고,0,0,1,0,차대차 - 추돌 - 주정차중,안전운전불이행,습기,비,단일로 - 기타,승용,남,22세,기타불명,승용,남,32세,경상
2012071900100098,2012년 7월 19일 05시,목요일,대전광역시 대덕구 법동,중상사고,0,1,0,0,차량단독 - 기타,안전운전불이행,습기,비,단일로 - 기타,이륜,남,50세,중상,,,,
2012071900100139,2012년 7월 19일 07시,목요일,대전광역시 중구 대흥동,경상사고,0,0,1,0,차대차 - 기타,안전운전불이행,건조,맑음,단일로 - 기타,승용,기타불명,기타불명,기타불명,자전거,남,18세,경상
2012071900100268,2012년 7월 19일 12시,목요일,대전광역시 동구 정동,중상사고,0,1,0,0,차대차 - 측면직각충돌,안전운전불이행,건조,맑음,기타 - 기타,화물,남,31세,상해없음,자전거,남,66세,중상
2012071900100269,2012년 7월 19일 12시,목요일,대전광역시 대덕구 오정동,중상사고,0,1,0,0,차대사람 - 기타,안전운전불이행,건조,맑음,단일로 - 기타,화물,남,63세,상해없음,보행자,남,59세,중상
2012071900100327,2012년 7월 19일 14시,목요일,대전광역시 서구 정림동,경상사고,0,0,2,0,차대차 - 측면직각충돌,안전운전불이행,건조,맑음,단일로 - 기타,승합,남,49세,상해없음,승용,남,43세,경상
2012071900100421,2012년 7월 19일 17시,목요일,대전광역시 동구 용전동,사망사고,1,0,0,0,차대사람 - 차도통행중,안전운전불이행,건조,맑음,단일로 - 기타,화물,남,46세,상해없음,보행자,여,60세,사망
2012071900100456,2012년 7월 19일 18시,목요일,대전광역시 서구 월평동,경상사고,0,0,2,0,차대차 - 기타,교차로운행방법위반,건조,맑음,교차로 - 교차로안,승용,남,42세,상해없음,승용,여,27세,경상
2012071900100591,2012년 7월 19일 23시,목요일,대전광역시 중구 선화동,경상사고,0,0,1,0,차대사람 - 기타,안전운전불이행,습기,흐림,교차로 - 교차로부근,승용,여,25세,상해없음,보행자,남,45세,경상
2012072000100032,2012년 7월 20일 00시,금요일,대전광역시 서구 변동,경상사고,0,0,1,0,차대차 - 측면직각충돌,차로위반,건조,맑음,단일로 - 기타,승용,남,30세,상해없음,승용,여,34세,경상
2012072000100082,2012년 7월 20일 02시,금요일,대전광역시 서구 둔산동,중상사고,0,4,3,0,차대차 - 기타,신호위반,건조,맑음,교차로 - 교차로안,승용,남,18세,경상,승용,남,37세,중상
2012072000100083,2012년 7월 20일 02시,금요일,대전광역시 서구 갈마동,경상사고,0,0,2,0,차대차 - 기타,안전운전불이행,건조,맑음,교차로 - 교차로부근,승용,여,45세,경상,승용,여,41세,경상
2012072000100091,2012년 7월 20일 03시,금요일,대전광역시 대덕구 중리동,경상사고,0,0,2,0,차대차 - 측면직각충돌,신호위반,건조,맑음,교차로 - 교차로안,승용,남,36세,상해없음,화물,남,50세,경상
2012072000100099,2012년 7월 20일 04시,금요일,대전광역시 서구 둔산동,중상사고,0,1,2,0,차대차 - 기타,중앙선침범,건조,맑음,단일로 - 기타,승용,남,18세,경상,승용,남,28세,중상
2012072000100175,2012년 7월 20일 08시,금요일,대전광역시 서구 내동,중상사고,0,1,0,0,차량단독 - 기타,안전운전불이행,건조,맑음,단일로 - 기타,승합,남,44세,상해없음,,,,
2012072000100232,2012년 7월 20일 10시,금요일,대전광역시 대덕구 덕암동,중상사고,0,1,1,0,차대차 - 측면직각충돌,신호위반,건조,흐림,교차로 - 교차로안,승용,여,46세,상해없음,승용,여,39세,경상
2012072000100268,2012년 7월 20일 11시,금요일,대전광역시 대덕구 신탄진동,중상사고,0,1,0,0,차대사람 - 길가장자리구역통행중,안전운전불이행,건조,맑음,단일로 - 기타,원동기,여,52세,상해없음,보행자,여,58세,중상
2012072000100296,2012년 7월 20일 12시,금요일,대전광역시 중구 중촌동,경상사고,0,0,1,0,차대차 - 측면직각충돌,중앙선침범,건조,맑음,단일로 - 기타,승용,여,51세,상해없음,자전거,남,44세,경상
2012072000100297,2012년 7월 20일 12시,금요일,대전광역시 중구 부사동,중상사고,0,1,2,0,차대차 - 측면직각충돌,안전운전불이행,건조,맑음,교차로 - 교차로부근,이륜,남,75세,상해없음,승용,여,19세,경상
2012072000100360,2012년 7월 20일 14시,금요일,대전광역시 대덕구 덕암동,경상사고,0,0,6,0,차대차 - 측면직각충돌,안전운전불이행,건조,맑음,교차로 - 교차로안,승용,남,40세,상해없음,화물,남,32세,경상
2012072000100394,2012년 7월 20일 15시,금요일,대전광역시 동구 홍도동,중상사고,0,1,1,0,차대사람 - 횡단중,안전운전불이행,건조,맑음,단일로 - 기타,원동기,남,60세,경상,보행자,여,55세,중상
2012072000100532,2012년 7월 20일 18시,금요일,대전광역시 대덕구 읍내동,중상사고,0,1,0,0,차대차 - 측면직각충돌,안전운전불이행,건조,맑음,단일로 - 기타,화물,남,37세,상해없음,자전거,여,40세,중상
2012072000100633,2012년 7월 20일 21시,금요일,대전광역시 중구 석교동,경상사고,0,0,1,0,차대차 - 추돌 - 진행중,안전운전불이행,건조,맑음,단일로 - 기타,승용,남,42세,상해없음,승용,여,24세,경상
2012072000100634,2012년 7월 20일 21시,금요일,대전광역시 유성구 원내동,경상사고,0,0,1,0,차대차 - 측면직각충돌,신호위반,건조,맑음,단일로 - 기타,승용,여,29세,상해없음,승용,남,50세,상해없음
2012072000100667,2012년 7월 20일 22시,금요일,대전광역시 동구 자양동,경상사고,0,0,1,0,차대사람 - 차도통행중,안전운전불이행,건조,맑음,단일로 - 기타,승용,남,25세,상해없음,보행자,남,22세,경상
2012072000100668,2012년 7월 20일 22시,금요일,대전광역시 서구 용문동,경상사고,0,0,1,0,차대차 - 측면직각충돌,신호위반,건조,맑음,교차로 - 교차로안,승용,여,39세,상해없음,승용,여,49세,경상
2012072000100709,2012년 7월 20일 23시,금요일,대전광역시 동구 홍도동,중상사고,0,1,0,0,차량단독 - 기타,안전운전불이행,습기,비,단일로 - 기타,승용,남,64세,상해없음,,,,
2012072100100073,2012년 7월 21일 02시,토요일,대전광역시 동구 판암동,경상사고,0,0,2,0,차대차 - 측면직각충돌,신호위반,건조,맑음,교차로 - 교차로안,승용,남,44세,상해없음,승용,남,21세,경상
2012072100100118,2012년 7월 21일 05시,토요일,대전광역시 유성구 자운동,경상사고,0,0,1,0,차대차 - 기타,안전운전불이행,건조,맑음,단일로 - 기타,승용,남,57세,경상,화물,남,51세,상해없음
2012072100100122,2012년 7월 21일 05시,토요일,대전광역시 중구 선화동,중상사고,0,2,0,0,차대차 - 측면직각충돌,안전거리미확보,건조,맑음,단일로 - 기타,원동기,남,17세,중상,승용,여,47세,상해없음
2012072100100160,2012년 7월 21일 07시,토요일,대전광역시 서구 변동,경상사고,0,0,1,0,차대차 - 측면직각충돌,안전운전불이행,건조,맑음,교차로 - 교차로안,승용,남,47세,상해없음,승용,남,41세,경상
2012072100100179,2012년 7월 21일 08시,토요일,대전광역시 유성구 관평동,중상사고,0,2,0,0,차대차 - 측면직각충돌,과속,건조,맑음,교차로 - 교차로안,승용,남,53세,상해없음,승용,남,30세,중상
2012072100100201,2012년 7월 21일 09시,토요일,대전광역시 중구 선화동,부상신고사고,0,0,0,1,차대차 - 추돌 - 주정차중,안전운전불이행,건조,맑음,단일로 - 기타,기타불명,기타불명,기타불명,기타불명,승용,남,69세,부상신고
2012072100100202,2012년 7월 21일 09시,토요일,대전광역시 서구 둔산동,경상사고,0,0,1,0,차대차 - 측면직각충돌,안전운전불이행,건조,맑음,교차로 - 교차로안,승용,기타불명,기타불명,기타불명,자전거,남,23세,경상
2012072100100292,2012년 7월 21일 12시,토요일,대전광역시 중구 대흥동,경상사고,0,0,3,0,차대차 - 추돌 - 진행중,안전운전불이행,건조,맑음,단일로 - 기타,승용,남,60세,상해없음,승용,여,41세,경상
2012072100100293,2012년 7월 21일 12시,토요일,대전광역시 유성구 관평동,중상사고,0,1,0,0,차량단독 - 기타,기타,건조,맑음,단일로 - 기타,승합,남,44세,상해없음,,,,
2012072100100370,2012년 7월 21일 14시,토요일,대전광역시 동구 효동,중상사고,0,1,0,0,차대차 - 측면직각충돌,안전운전불이행,건조,맑음,교차로 - 교차로부근,승용,여,51세,상해없음,원동기,여,46세,중상
2012072100100399,2012년 7월 21일 15시,토요일,대전광역시 서구 가수원동,중상사고,0,1,0,0,차대차 - 측면직각충돌,안전운전불이행,건조,맑음,단일로 - 기타,승용,남,51세,기타불명,자전거,남,34세,중상
2012072100100470,2012년 7월 21일 17시,토요일,대전광역시 동구 대성동,경상사고,0,0,2,0,차대차 - 추돌 - 주정차중,안전운전불이행,건조,맑음,단일로 - 기타,승용,남,46세,상해없음,승용,남,48세,경상
2012072100100506,2012년 7월 21일 18시,토요일,대전광역시 중구 선화동,중상사고,0,1,1,0,차대차 - 추돌 - 진행중,안전운전불이행,건조,맑음,단일로 - 기타,승용,남,67세,경상,승용,여,26세,상해없음
2012072100100612,2012년 7월 21일 21시,토요일,대전광역시 서구 둔산동,경상사고,0,0,1,0,차대차 - 측면직각충돌,안전운전불이행,건조,맑음,교차로 - 교차로부근,승용,남,21세,상해없음,자전거,남,14세,경상
2012072100100650,2012년 7월 21일 22시,토요일,대전광역시 서구 둔산동,경상사고,0,0,1,0,차대차 - 추돌 - 진행중,안전거리미확보,건조,맑음,교차로 - 교차로부근,승용,남,31세,상해없음,승용,남,26세,경상
2012072100100651,2012년 7월 21일 22시,토요일,대전광역시 서구 둔산동,경상사고,0,0,2,0,차대차 - 추돌 - 진행중,안전운전불이행,건조,맑음,교차로 - 교차로부근,승용,남,55세,상해없음,자전거,여,35세,경상
2012072200100026,2012년 7월 22일 00시,일요일,대전광역시 대덕구 중리동,경상사고,0,0,4,0,차대차 - 추돌 - 주정차중,안전운전불이행,건조,흐림,단일로 - 기타,승용,남,36세,상해없음,승용,여,53세,경상
2012072200100079,2012년 7월 22일 03시,일요일,대전광역시 중구 태평동,중상사고,0,1,3,0,차대차 - 추돌 - 주정차중,안전운전불이행,습기,비,교차로 - 교차로부근,승용,남,20세,상해없음,승용,남,52세,경상
2012072200100097,2012년 7월 22일 04시,일요일,대전광역시 서구 월평동,경상사고,0,0,2,0,차대차 - 추돌 - 진행중,안전운전불이행,습기,비,단일로 - 기타,승용,남,19세,기타불명,승용,남,50세,경상
2012072200100135,2012년 7월 22일 07시,일요일,대전광역시 서구 월평동,경상사고,0,0,1,0,차대차 - 정면충돌,안전운전불이행,건조,맑음,단일로 - 기타,승용,기타불명,기타불명,기타불명,승용,여,49세,경상
2012072200100210,2012년 7월 22일 11시,일요일,대전광역시 동구 삼성동,중상사고,0,1,0,0,차량단독 - 기타,기타,건조,맑음,교차로 - 교차로안,승용,남,53세,상해없음,,,,
2012072200100211,2012년 7월 22일 11시,일요일,대전광역시 대덕구 송촌동,경상사고,0,0,1,0,차대사람 - 길가장자리구역통행중,안전운전불이행,건조,맑음,단일로 - 기타,승합,기타불명,기타불명,기타불명,보행자,남,69세,경상
2012072200100234,2012년 7월 22일 12시,일요일,대전광역시 중구 문화동,중상사고,0,1,0,0,차대차 - 추돌 - 주정차중,안전운전불이행,건조,맑음,단일로 - 기타,승용,남,47세,상해없음,승용,남,42세,중상
2012072200100293,2012년 7월 22일 14시,일요일,대전광역시 동구 용전동,경상사고,0,0,3,0,차대차 - 측면직각충돌,신호위반,건조,맑음,교차로 - 교차로안,승용,남,69세,상해없음,승용,남,54세,경상
2012072200100294,2012년 7월 22일 14시,일요일,대전광역시 동구 홍도동,중상사고,0,1,0,0,차대차 - 측면직각충돌,직진우회전진행방해,건조,맑음,교차로 - 교차로안,승용,남,60세,상해없음,이륜,남,40세,중상
2012072200100329,2012년 7월 22일 15시,일요일,대전광역시 유성구 도룡동,경상사고,0,0,4,0,차대차 - 측면직각충돌,교차로운행방법위반,건조,맑음,교차로 - 교차로안,승용,남,40세,경상,승용,남,23세,경상
2012072200100400,2012년 7월 22일 17시,일요일,대전광역시 중구 용두동,경상사고,0,0,1,0,차대차 - 측면직각충돌,안전거리미확보,건조,맑음,단일로 - 기타,원동기,여,28세,상해없음,승용,남,61세,경상
2012072200100457,2012년 7월 22일 19시,일요일,대전광역시 중구 목동,경상사고,0,0,1,0,차대차 - 기타,안전운전불이행,건조,맑음,단일로 - 기타,승용,기타불명,기타불명,기타불명,승용,남,19세,경상
2012072200100509,2012년 7월 22일 21시,일요일,대전광역시 대덕구 덕암동,중상사고,0,1,0,0,차대차 - 측면직각충돌,안전운전불이행,건조,맑음,교차로 - 교차로안,승용,남,27세,상해없음,이륜,남,34세,중상
2012072200100523,2012년 7월 22일 22시,일요일,대전광역시 중구 사정동,경상사고,0,0,1,0,차대사람 - 기타,안전운전불이행,건조,맑음,단일로 - 기타,승용,기타불명,기타불명,기타불명,보행자,남,38세,경상
2012072300100036,2012년 7월 23일 03시,월요일,대전광역시 서구 둔산동,경상사고,0,0,1,0,차대차 - 측면직각충돌,신호위반,건조,맑음,교차로 - 교차로안,승용,여,24세,상해없음,승용,남,45세,경상
2012072300100042,2012년 7월 23일 04시,월요일,대전광역시 중구 목동,경상사고,0,0,1,0,차대차 - 기타,신호위반,건조,맑음,교차로 - 교차로안,승용,남,38세,상해없음,승용,남,54세,상해없음
2012072300100288,2012년 7월 23일 13시,월요일,대전광역시 중구 산성동,경상사고,0,0,2,0,차대차 - 측면직각충돌,안전거리미확보,건조,맑음,교차로 - 교차로부근,승용,여,51세,상해없음,승용,남,26세,경상
2012072300100289,2012년 7월 23일 13시,월요일,대전광역시 유성구 관평동,중상사고,0,1,0,0,차대차 - 기타,신호위반,건조,맑음,교차로 - 교차로안,화물,남,51세,상해없음,화물,남,30세,중상
2012072300100321,2012년 7월 23일 14시,월요일,대전광역시 대덕구 와동,경상사고,0,0,1,0,차대차 - 측면직각충돌,안전운전불이행,건조,맑음,단일로 - 기타,화물,남,47세,상해없음,승용,여,53세,경상
2012072300100355,2012년 7월 23일 15시,월요일,대전광역시 대덕구 오정동,중상사고,0,1,0,0,차대차 - 추돌 - 진행중,안전운전불이행,건조,맑음,단일로 - 기타,승용,남,40세,상해없음,원동기,남,34세,중상
2012072300100380,2012년 7월 23일 16시,월요일,대전광역시 대덕구 와동,중상사고,0,1,1,0,차량단독 - 도로외이탈 - 추락,안전운전불이행,건조,맑음,교차로 - 교차로부근,화물,남,48세,경상,,,,
2012072300100525,2012년 7월 23일 20시,월요일,대전광역시 서구 월평동,중상사고,0,1,0,0,차대사람 - 기타,안전운전불이행,건조,맑음,기타 - 기타,승용,남,25세,상해없음,보행자,여,22세,중상
2012072300100558,2012년 7월 23일 21시,월요일,대전광역시 유성구 하기동,경상사고,0,0,1,0,차대차 - 추돌 - 진행중,안전운전불이행,건조,맑음,교차로 - 교차로부근,승용,남,49세,상해없음,승용,여,42세,경상
2012072300100559,2012년 7월 23일 21시,월요일,대전광역시 서구 둔산동,경상사고,0,0,2,0,차대차 - 측면직각충돌,중앙선침범,건조,맑음,단일로 - 기타,승용,남,37세,상해없음,승용,남,51세,경상
2012072300100570,2012년 7월 23일 22시,월요일,대전광역시 대덕구 송촌동,경상사고,0,0,1,0,차대차 - 기타,안전운전불이행,건조,맑음,단일로 - 기타,승용,남,63세,상해없음,승용,남,38세,경상
2012072300100580,2012년 7월 23일 22시,월요일,대전광역시 서구 탄방동,경상사고,0,0,2,0,차대사람 - 기타,안전운전불이행,건조,맑음,교차로 - 교차로부근,승용,남,54세,상해없음,보행자,남,51세,경상
2012072300100613,2012년 7월 23일 23시,월요일,대전광역시 대덕구 오정동,중상사고,0,1,0,0,차대차 - 추돌 - 진행중,안전운전불이행,건조,맑음,단일로 - 기타,승합,남,44세,기타불명,승용,여,38세,중상