사고번호,사고일시,요일,시군구,사고내용,사망자수,중상자수,경상자수,부상신고자수,사고유형,법규위반,노면상태,기상상태,도로형태,가해운전자 차종,가해운전자 성별,가해운전자 연령,가해운전자 상해정도,피해운전자 차종,피해운전자 성별,피해운전자 연령,피해운전자 상해정도
2012073100100357,2012년 7월 31일 16시,화요일,대전광역시 서구 괴정동,중상사고,0,1,0,0,차대사람 - 길가장자리구역통행중,안전운전불이행,건조,맑음,교차로 - 교차로안,화물,남,35세,상해없음,보행자,남,5세,중상
2012073100100394,2012년 7월 31일 17시,화요일,대전광역시 유성구 노은동,경상사고,0,0,1,0,차대차 - 추돌 - 진행중,안전운전불이행,건조,맑음,교차로 - 교차로부근,화물,남,49세,상해없음,승용,여,39세,경상
2012073100100434,2012년 7월 31일 18시,화요일,대전광역시 동구 자양동,경상사고,0,0,2,0,차대차 - 추돌 - 진행중,안전거리미확보,건조,맑음,단일로 - 기타,승용,남,30세,상해없음,승용,여,47세,경상
2012073100100459,2012년 7월 31일 19시,화요일,대전광역시 중구 유천동,중상사고,0,1,0,0,차대차 - 추돌 - 주정차중,안전운전불이행,건조,맑음,단일로 - 기타,승용,남,34세,상해없음,이륜,남,55세,중상
2012073100100528,2012년 7월 31일 21시,화요일,대전광역시 서구 탄방동,경상사고,0,0,1,0,차대차 - 기타,안전운전불이행,건조,맑음,단일로 - 기타,화물,남,47세,상해없음,승용,여,30세,경상
2012073100100570,2012년 7월 31일 22시,화요일,대전광역시 중구 오류동,경상사고,0,0,1,0,차대차 - 기타,교차로운행방법위반,건조,맑음,교차로 - 교차로안,승합,남,53세,상해없음,승용,남,24세,경상
2012080100100013,2012년 8월 1일 00시,수요일,대전광역시 중구 선화동,중상사고,0,1,1,0,차대차 - 기타,안전운전불이행,건조,맑음,교차로 - 교차로안,이륜,여,49세,경상,승용,남,41세,상해없음
2012080100100040,2012년 8월 1일 02시,수요일,대전광역시 동구 중동,경상사고,0,0,3,0,차대차 - 측면직각충돌,신호위반,건조,맑음,교차로 - 교차로안,승용,남,56세,상해없음,승용,남,52세,경상
2012080100100069,2012년 8월 1일 05시,수요일,대전광역시 대덕구 법동,중상사고,0,1,0,0,차대차 - 측면직각충돌,교차로운행방법위반,건조,맑음,교차로 - 교차로안,건설기계,남,46세,상해없음,승용,남,30세,중상
2012080100100147,2012년 8월 1일 09시,수요일,대전광역시 동구 주산동,경상사고,0,0,1,0,차대차 - 정면충돌,중앙선침범,건조,맑음,단일로 - 기타,승용,여,47세,상해없음,화물,남,63세,경상
2012080100100174,2012년 8월 1일 10시,수요일,대전광역시 동구 대동,중상사고,0,1,0,0,차대차 - 추돌 - 진행중,안전운전불이행,건조,맑음,단일로 - 기타,승용,남,31세,상해없음,승용,여,57세,중상
2012080100100175,2012년 8월 1일 10시,수요일,대전광역시 유성구 노은동,중상사고,0,2,1,0,차대차 - 추돌 - 진행중,안전거리미확보,건조,맑음,단일로 - 기타,화물,남,54세,상해없음,승용,남,68세,중상
2012080100100209,2012년 8월 1일 11시,수요일,대전광역시 중구 목동,경상사고,0,0,3,0,차대차 - 측면직각충돌,교차로운행방법위반,건조,맑음,교차로 - 교차로안,승용,여,55세,경상,승용,여,34세,경상
2012080100100210,2012년 8월 1일 11시,수요일,대전광역시 동구 삼성동,경상사고,0,0,3,0,차대차 - 측면직각충돌,안전운전불이행,건조,맑음,교차로 - 교차로부근,화물,남,54세,상해없음,승용,남,78세,경상
2012080100100211,2012년 8월 1일 11시,수요일,대전광역시 유성구 도룡동,경상사고,0,0,2,0,차대차 - 추돌 - 진행중,안전운전불이행,건조,맑음,교차로 - 교차로부근,화물,남,38세,상해없음,승용,여,35세,경상
2012080100100271,2012년 8월 1일 13시,수요일,대전광역시 유성구 봉명동,경상사고,0,0,1,0,차대차 - 추돌 - 진행중,안전운전불이행,건조,맑음,교차로 - 교차로부근,이륜,남,19세,상해없음,자전거,남,19세,경상
2012080100100299,2012년 8월 1일 14시,수요일,대전광역시 서구 관저동,경상사고,0,0,1,0,차대차 - 기타,안전운전불이행,건조,맑음,단일로 - 기타,승용,기타불명,기타불명,기타불명,자전거,남,12세,경상
2012080100100362,2012년 8월 1일 16시,수요일,대전광역시 동구 용전동,중상사고,0,1,0,0,차대사람 - 기타,기타,건조,맑음,단일로 - 기타,승합,남,54세,상해없음,보행자,여,80세,중상
2012080100100363,2012년 8월 1일 16시,수요일,대전광역시 대덕구 덕암동,중상사고,0,1,0,0,차대사람 - 기타,신호위반,건조,맑음,교차로 - 교차로안,이륜,남,16세,상해없음,보행자,여,71세,중상
2012080100100392,2012년 8월 1일 17시,수요일,대전광역시 대덕구 신탄진동,중상사고,0,1,0,0,차대차 - 기타,교차로운행방법위반,건조,맑음,교차로 - 교차로안,승용,남,35세,상해없음,이륜,남,20세,중상
2012080100100393,2012년 8월 1일 17시,수요일,대전광역시 유성구 원내동,경상사고,0,0,2,0,차대차 - 추돌 - 진행중,안전운전불이행,건조,맑음,교차로 - 교차로부근,승용,남,51세,상해없음,승용,남,36세,경상
2012080100100435,2012년 8월 1일 18시,수요일,대전광역시 서구 도마동,경상사고,0,0,1,0,차대차 - 추돌 - 진행중,안전운전불이행,건조,맑음,교차로 - 교차로안,승용,남,32세,상해없음,이륜,남,69세,경상
2012080100100494,2012년 8월 1일 20시,수요일,대전광역시 동구 중동,경상사고,0,0,1,0,차대차 - 측면직각충돌,교차로운행방법위반,건조,맑음,교차로 - 교차로안,승용,남,49세,상해없음,원동기,남,21세,경상
2012080100100552,2012년 8월 1일 22시,수요일,대전광역시 동구 가양동,중상사고,0,1,0,0,차대차 - 측면직각충돌,교차로운행방법위반,건조,맑음,교차로 - 교차로안,승용,남,26세,상해없음,자전거,남,14세,상해없음
2012080100100553,2012년 8월 1일 22시,수요일,대전광역시 서구 용문동,경상사고,0,0,1,0,차대차 - 측면직각충돌,교차로운행방법위반,건조,맑음,교차로 - 교차로안,승용,남,18세,상해없음,승용,여,48세,경상
2012080100100554,2012년 8월 1일 22시,수요일,대전광역시 유성구 궁동,중상사고,0,1,0,0,차대사람 - 차도통행중,안전운전불이행,건조,맑음,단일로 - 기타,승용,여,32세,상해없음,보행자,여,27세,중상
2012080100100583,2012년 8월 1일 23시,수요일,대전광역시 중구 부사동,경상사고,0,0,1,0,차대사람 - 기타,기타,건조,맑음,단일로 - 기타,승합,남,49세,상해없음,보행자,여,24세,경상
2012080200100037,2012년 8월 2일 02시,목요일,대전광역시 동구 용전동,경상사고,0,0,1,0,차대차 - 측면직각충돌,중앙선침범,건조,맑음,단일로 - 기타,승용,남,56세,상해없음,원동기,남,18세,경상
2012080200100140,2012년 8월 2일 09시,목요일,대전광역시 서구 도마동,중상사고,0,1,0,0,차대사람 - 차도통행중,안전운전불이행,건조,맑음,단일로 - 기타,승용,여,39세,상해없음,보행자,여,61세,중상
2012080200100158,2012년 8월 2일 10시,목요일,대전광역시 동구 구도동,경상사고,0,0,3,0,차대차 - 기타,안전거리미확보,건조,맑음,단일로 - 기타,기타불명,기타불명,기타불명,기타불명,승용,여,43세,경상
2012080200100358,2012년 8월 2일 16시,목요일,대전광역시 서구 괴정동,중상사고,0,2,1,0,차대차 - 측면직각충돌,신호위반,건조,맑음,교차로 - 교차로안,승용,남,65세,상해없음,승용,여,48세,경상
2012080200100388,2012년 8월 2일 17시,목요일,대전광역시 동구 신상동,경상사고,0,0,1,0,차대차 - 측면직각충돌,직진우회전진행방해,건조,맑음,교차로 - 교차로안,승용,여,90세 이상,상해없음,승합,남,90세 이상,경상
2012080200100389,2012년 8월 2일 17시,목요일,대전광역시 서구 용문동,경상사고,0,0,1,0,차대차 - 측면직각충돌,직진우회전진행방해,건조,맑음,교차로 - 교차로안,승용,남,44세,상해없음,원동기,남,49세,경상
2012080200100593,2012년 8월 2일 23시,목요일,대전광역시 유성구 화암동,사망사고,1,0,0,0,차대사람 - 기타,과속,건조,맑음,단일로 - 기타,승용,남,42세,상해없음,보행자,남,56세,사망
2012080300100018,2012년 8월 3일 00시,금요일,대전광역시 유성구 장대동,경상사고,0,0,1,0,차대사람 - 기타,안전운전불이행,건조,맑음,단일로 - 기타,승용,여,21세,상해없음,보행자,남,47세,경상
2012080300100032,2012년 8월 3일 01시,금요일,대전광역시 동구 소제동,중상사고,0,1,0,1,차대차 - 정면충돌,신호위반,건조,맑음,교차로 - 교차로안,승용,남,38세,상해없음,승용,여,30세,중상
2012080300100068,2012년 8월 3일 05시,금요일,대전광역시 대덕구 비래동,경상사고,0,0,1,0,차대차 - 측면직각충돌,신호위반,건조,맑음,교차로 - 교차로안,승용,남,52세,상해없음,승용,남,42세,경상
2012080300100108,2012년 8월 3일 07시,금요일,대전광역시 중구 태평동,경상사고,0,0,2,0,차대차 - 측면직각충돌,교차로운행방법위반,건조,맑음,교차로 - 교차로안,승용,남,52세,경상,승용,여,43세,경상
2012080300100132,2012년 8월 3일 08시,금요일,대전광역시 동구 삼성동,경상사고,0,0,1,0,차대차 - 측면직각충돌,안전운전불이행,건조,맑음,단일로 - 기타,화물,여,25세,상해없음,자전거,남,64세,경상
2012080300100151,2012년 8월 3일 09시,금요일,대전광역시 중구 옥계동,중상사고,0,1,0,0,차대사람 - 기타,안전운전불이행,건조,맑음,교차로 - 교차로부근,승용,남,63세,상해없음,보행자,여,90세,중상
2012080300100221,2012년 8월 3일 11시,금요일,대전광역시 중구 유천동,경상사고,0,0,2,0,차대차 - 측면직각충돌,안전운전불이행,건조,맑음,교차로 - 교차로부근,승용,여,61세,상해없음,승용,여,27세,경상
2012080300100272,2012년 8월 3일 13시,금요일,대전광역시 동구 용전동,경상사고,0,0,2,0,차대차 - 측면직각충돌,교차로운행방법위반,건조,맑음,교차로 - 교차로안,승용,남,32세,상해없음,승용,남,46세,경상
2012080300100297,2012년 8월 3일 14시,금요일,대전광역시 유성구 구성동,중상사고,0,1,4,0,차대차 - 기타,안전운전불이행,건조,맑음,단일로 - 기타,승용,여,44세,상해없음,화물,남,52세,경상
2012080300100458,2012년 8월 3일 18시,금요일,대전광역시 동구 신안동,경상사고,0,0,1,0,차대차 - 추돌 - 진행중,안전거리미확보,건조,맑음,단일로 - 기타,승용,남,23세,상해없음,승용,여,33세,경상
2012080300100532,2012년 8월 3일 20시,금요일,대전광역시 동구 판암동,경상사고,0,0,2,0,차대차 - 측면직각충돌,안전운전불이행,건조,맑음,교차로 - 교차로안,승용,남,65세,상해없음,승용,남,62세,경상
2012080300100568,2012년 8월 3일 21시,금요일,대전광역시 대덕구 신탄진동,경상사고,0,0,1,0,차대차 - 추돌 - 주정차중,안전운전불이행,건조,맑음,단일로 - 기타,승용,남,52세,기타불명,승용,남,30세,상해없음
2012080300100598,2012년 8월 3일 22시,금요일,대전광역시 대덕구 송촌동,중상사고,0,1,1,0,차대차 - 추돌 - 주정차중,안전운전불이행,건조,맑음,단일로 - 기타,승용,남,39세,중상,화물,미분류,기타불명,기타불명
2012080300100599,2012년 8월 3일 22시,금요일,대전광역시 유성구 봉명동,경상사고,0,0,1,0,차대차 - 측면직각충돌,안전운전불이행,건조,흐림,단일로 - 기타,승용,남,49세,상해없음,승용,여,51세,경상
2012080400100034,2012년 8월 4일 01시,토요일,대전광역시 서구 월평동,경상사고,0,0,2,0,차대차 - 추돌 - 주정차중,안전운전불이행,건조,맑음,단일로 - 기타,승합,남,43세,상해없음,승용,남,32세,경상
2012080400100070,2012년 8월 4일 04시,토요일,대전광역시 대덕구 오정동,경상사고,0,0,2,0,차대차 - 추돌 - 주정차중,안전운전불이행,건조,맑음,교차로 - 교차로부근,승용,남,26세,상해없음,승용,남,66세,경상
2012080400100200,2012년 8월 4일 11시,토요일,대전광역시 중구 목동,경상사고,0,0,1,0,차대차 - 측면직각충돌,안전거리미확보,건조,맑음,교차로 - 교차로부근,승용,남,58세,상해없음,승용,여,52세,상해없음
2012080400100227,2012년 8월 4일 12시,토요일,대전광역시 중구 산성동,경상사고,0,0,3,0,차대차 - 기타,중앙선침범,건조,맑음,단일로 - 기타,승용,여,51세,상해없음,승용,여,41세,경상
2012080400100228,2012년 8월 4일 12시,토요일,대전광역시 동구 중동,경상사고,0,0,1,0,차대차 - 추돌 - 진행중,안전운전불이행,건조,맑음,교차로 - 교차로부근,승합,기타불명,기타불명,기타불명,승용,남,27세,경상
2012080400100329,2012년 8월 4일 15시,토요일,대전광역시 중구 대흥동,중상사고,0,1,1,0,차대차 - 추돌 - 진행중,안전운전불이행,건조,맑음,단일로 - 기타,승용,여,53세,상해없음,승용,남,56세,경상
2012080400100330,2012년 8월 4일 15시,토요일,대전광역시 중구 선화동,경상사고,0,0,1,0,차대차 - 측면직각충돌,안전거리미확보,건조,맑음,교차로 - 교차로안,승용,남,46세,상해없음,승용,남,31세,상해없음
2012080400100359,2012년 8월 4일 16시,토요일,대전광역시 서구 갈마동,중상사고,0,1,0,0,차대차 - 기타,신호위반,건조,맑음,단일로 - 횡단보도상,승용,남,24세,상해없음,자전거,남,18세,중상
2012080400100388,2012년 8월 4일 17시,토요일,대전광역시 중구 대사동,경상사고,0,0,1,0,차대차 - 기타,안전거리미확보,건조,맑음,교차로 - 교차로부근,승용,남,67세,상해없음,화물,남,44세,경상
2012080400100389,2012년 8월 4일 17시,토요일,대전광역시 서구 원정동,경상사고,0,0,5,0,차대차 - 측면직각충돌,안전운전불이행,건조,맑음,단일로 - 기타,승합,남,63세,상해없음,승용,남,47세,경상
2012080400100390,2012년 8월 4일 17시,토요일,대전광역시 서구 변동,경상사고,0,0,1,0,차대사람 - 기타,안전운전불이행,건조,맑음,단일로 - 기타,승용,여,38세,기타불명,보행자,남,54세,경상
2012080400100503,2012년 8월 4일 21시,토요일,대전광역시 중구 태평동,경상사고,0,0,4,0,차대차 - 추돌 - 주정차중,안전운전불이행,건조,맑음,단일로 - 기타,승용,남,35세,상해없음,승용,여,46세,경상
2012080400100528,2012년 8월 4일 22시,토요일,대전광역시 동구 삼성동,중상사고,0,1,1,0,차대차 - 측면직각충돌,신호위반,건조,맑음,교차로 - 교차로안,승용,남,59세,상해없음,승용,남,70세,경상
2012080400100529,2012년 8월 4일 22시,토요일,대전광역시 동구 낭월동,경상사고,0,0,1,0,차량단독 - 기타,기타,건조,맑음,단일로 - 기타,승합,남,55세,상해없음,,,,
2012080500100056,2012년 8월 5일 03시,일요일,대전광역시 동구 중동,경상사고,0,0,1,0,차대사람 - 횡단중,신호위반,건조,맑음,교차로 - 교차로안,승용,남,51세,상해없음,보행자,남,56세,경상
2012080500100144,2012년 8월 5일 10시,일요일,대전광역시 서구 탄방동,경상사고,0,0,1,0,차대차 - 측면직각충돌,신호위반,건조,맑음,교차로 - 교차로안,승용,여,42세,상해없음,승용,남,37세,경상
2012080500100197,2012년 8월 5일 12시,일요일,대전광역시 동구 용전동,경상사고,0,0,1,0,차대차 - 측면직각충돌,안전운전불이행,건조,맑음,교차로 - 교차로안,승용,남,42세,상해없음,이륜,남,44세,경상
2012080500100198,2012년 8월 5일 12시,일요일,대전광역시 서구 둔산동,중상사고,0,1,0,0,차대사람 - 기타,신호위반,건조,맑음,교차로 - 교차로부근,승용,남,24세,상해없음,보행자,여,26세,중상
2012080500100223,2012년 8월 5일 13시,일요일,대전광역시 유성구 노은동,중상사고,0,1,1,0,차대차 - 기타,신호위반,건조,맑음,교차로 - 교차로안,승용,남,38세,상해없음,승용,남,29세,경상
2012080500100224,2012년 8월 5일 13시,일요일,대전광역시 서구 탄방동,중상사고,0,1,0,0,차대사람 - 횡단중,기타,건조,맑음,단일로 - 기타,승용,여,46세,상해없음,보행자,여,9세,중상
2012080500100259,2012년 8월 5일 14시,일요일,대전광역시 유성구 노은동,경상사고,0,0,4,0,차대차 - 추돌 - 주정차중,안전운전불이행,건조,맑음,교차로 - 교차로부근,승용,남,55세,상해없음,승용,여,48세,경상
2012080500100403,2012년 8월 5일 18시,일요일,대전광역시 동구 가양동,중상사고,0,1,0,0,차대사람 - 횡단중,보행자보호의무위반,건조,맑음,단일로 - 횡단보도상,승용,여,51세,상해없음,보행자,여,76세,중상
2012080500100464,2012년 8월 5일 20시,일요일,대전광역시 서구 관저동,경상사고,0,0,1,0,차대차 - 추돌 - 주정차중,안전운전불이행,건조,맑음,교차로 - 교차로부근,이륜,남,16세,상해없음,승용,여,53세,경상
2012080500100516,2012년 8월 5일 22시,일요일,대전광역시 서구 내동,경상사고,0,0,1,0,차량단독 - 기타,안전운전불이행,건조,맑음,단일로 - 기타,승합,남,57세,상해없음,,,,
2012080500100531,2012년 8월 5일 23시,일요일,대전광역시 대덕구 오정동,경상사고,0,0,1,0,차대사람 - 기타,안전운전불이행,건조,맑음,단일로 - 기타,승용,남,41세,상해없음,보행자,남,21세,경상
2012080600100113,2012년 8월 6일 08시,월요일,대전광역시 중구 대흥동,경상사고,0,0,1,0,차대차 - 추돌 - 진행중,안전운전불이행,건조,맑음,단일로 - 기타,승용,남,40세,상해없음,승용,남,52세,경상
2012080600100114,2012년 8월 6일 08시,월요일,대전광역시 서구 월평동,경상사고,0,0,1,0,차대사람 - 횡단중,안전운전불이행,건조,맑음,교차로 - 교차로안,승용,남,22세,상해없음,보행자,남,44세,경상
2012080600100208,2012년 8월 6일 11시,월요일,대전광역시 서구 복수동,중상사고,0,1,0,0,차대차 - 측면직각충돌,신호위반,건조,맑음,교차로 - 교차로안,원동기,남,74세,상해없음,승용,남,73세,상해없음
2012080600100289,2012년 8월 6일 14시,월요일,대전광역시 동구 대동,경상사고,0,0,1,0,차대차 - 측면직각충돌,기타,건조,맑음,교차로 - 교차로안,승용,남,67세,상해없음,자전거,남,13세,경상
2012080600100322,2012년 8월 6일 15시,월요일,대전광역시 유성구 노은동,경상사고,0,0,1,0,차대차 - 측면직각충돌,신호위반,건조,맑음,교차로 - 교차로안,승용,여,58세,상해없음,승용,여,44세,경상
2012080600100404,2012년 8월 6일 17시,월요일,대전광역시 대덕구 오정동,중상사고,0,1,0,0,차대차 - 측면직각충돌,신호위반,건조,맑음,교차로 - 교차로안,화물,남,34세,상해없음,이륜,남,44세,중상
2012080600100405,2012년 8월 6일 17시,월요일,대전광역시 대덕구 법동,중상사고,0,1,0,0,차량단독 - 기타,기타,건조,맑음,단일로 - 기타,승합,남,56세,상해없음,,,,
2012080600100562,2012년 8월 6일 22시,월요일,대전광역시 서구 가장동,경상사고,0,0,2,0,차대차 - 추돌 - 진행중,안전운전불이행,건조,맑음,교차로 - 교차로부근,승용,남,30세,상해없음,승용,남,27세,경상
2012080700100021,2012년 8월 7일 00시,화요일,대전광역시 대덕구 송촌동,경상사고,0,0,1,0,차대사람 - 길가장자리구역통행중,안전운전불이행,건조,맑음,단일로 - 기타,승합,기타불명,기타불명,기타불명,보행자,여,33세,경상
2012080700100022,2012년 8월 7일 00시,화요일,대전광역시 서구 탄방동,경상사고,0,0,1,0,차대차 - 측면직각충돌,안전운전불이행,건조,맑음,교차로 - 교차로부근,승용,남,41세,상해없음,승용,남,56세,경상
2012080700100038,2012년 8월 7일 01시,화요일,대전광역시 대덕구 오정동,중상사고,0,1,0,1,차대차 - 측면직각충돌,안전운전불이행,건조,맑음,단일로 - 기타,승용,남,66세,상해없음,원동기,남,17세,중상
2012080700100049,2012년 8월 7일 02시,화요일,대전광역시 중구 은행동,경상사고,0,0,1,0,차대차 - 측면직각충돌,신호위반,건조,맑음,교차로 - 교차로안,승용,남,25세,상해없음,승용,남,48세,상해없음
2012080700100079,2012년 8월 7일 05시,화요일,대전광역시 서구 복수동,경상사고,0,0,4,0,차대차 - 측면직각충돌,교차로운행방법위반,건조,맑음,교차로 - 교차로안,승용,남,25세,상해없음,승합,남,70세,경상
2012080700100187,2012년 8월 7일 10시,화요일,대전광역시 중구 대흥동,중상사고,0,1,0,0,차대사람 - 횡단중,중앙선침범,건조,맑음,단일로 - 기타,승용,남,35세,상해없음,보행자,여,81세,중상
2012080700100377,2012년 8월 7일 16시,화요일,대전광역시 동구 가양동,경상사고,0,0,4,0,차대차 - 추돌 - 주정차중,안전운전불이행,건조,맑음,단일로 - 기타,승용,남,55세,상해없음,승용,여,46세,경상
2012080700100421,2012년 8월 7일 17시,화요일,대전광역시 서구 내동,경상사고,0,0,1,0,차대차 - 추돌 - 주정차중,안전운전불이행,건조,맑음,단일로 - 기타,이륜,남,18세,상해없음,승용,여,43세,경상
2012080700100462,2012년 8월 7일 18시,화요일,대전광역시 서구 가수원동,중상사고,0,1,0,0,차대사람 - 횡단중,보행자보호의무위반,건조,맑음,교차로 - 교차로부근,승용,여,43세,상해없음,보행자,여,9세,중상
2012080700100505,2012년 8월 7일 19시,화요일,대전광역시 중구 목동,중상사고,0,1,0,0,차대차 - 추돌 - 진행중,안전거리미확보,건조,맑음,단일로 - 기타,원동기,남,16세,상해없음,원동기,남,65세,중상
2012080700100506,2012년 8월 7일 19시,화요일,대전광역시 서구 변동,경상사고,0,0,1,0,차대차 - 측면직각충돌,중앙선침범,건조,맑음,단일로 - 기타,승용,남,61세,상해없음,승용,남,49세,경상
2012080700100507,2012년 8월 7일 19시,화요일,대전광역시 대덕구 비래동,경상사고,0,0,1,0,차량단독 - 기타,기타,건조,맑음,단일로 - 기타,승합,남,42세,상해없음,,,,
2012080700100508,2012년 8월 7일 19시,화요일,대전광역시 서구 둔산동,중상사고,0,1,0,0,차대사람 - 횡단중,안전운전불이행,건조,맑음,단일로 - 횡단보도부근,승용,남,46세,상해없음,보행자,여,56세,중상
2012080700100548,2012년 8월 7일 20시,화요일,대전광역시 중구 중촌동,경상사고,0,0,5,0,차대차 - 추돌 - 주정차중,안전운전불이행,건조,맑음,단일로 - 기타,승용,여,40세,상해없음,승용,남,26세,경상
2012080700100578,2012년 8월 7일 21시,화요일,대전광역시 중구 산성동,경상사고,0,0,1,1,차대차 - 추돌 - 주정차중,안전운전불이행,건조,맑음,교차로 - 교차로안,이륜,남,50세,상해없음,승용,남,54세,상해없음
2012080700100601,2012년 8월 7일 22시,화요일,대전광역시 대덕구 비래동,중상사고,0,1,0,0,차대사람 - 기타,안전운전불이행,건조,맑음,단일로 - 기타,승용,남,62세,상해없음,보행자,남,58세,중상
2012080700100651,2012년 8월 7일 23시,화요일,대전광역시 중구 안영동,경상사고,0,0,1,0,차대차 - 추돌 - 주정차중,안전거리미확보,건조,맑음,단일로 - 교량,승용,남,33세,상해없음,승용,남,45세,경상
2012080800100016,2012년 8월 8일 00시,수요일,대전광역시 유성구 하기동,중상사고,0,1,6,0,차대차 - 측면직각충돌,안전운전불이행,건조,맑음,교차로 - 교차로안,승용,남,24세,경상,승용,남,34세,경상
2012080800100030,2012년 8월 8일 01시,수요일,대전광역시 서구 용문동,경상사고,0,0,3,0,차대차 - 측면직각충돌,신호위반,건조,맑음,교차로 - 교차로안,승용,여,29세,상해없음,승용,남,23세,경상
2012080800100031,2012년 8월 8일 01시,수요일,대전광역시 서구 월평동,중상사고,0,1,1,0,차대차 - 측면직각충돌,신호위반,건조,맑음,교차로 - 교차로안,승용,남,19세,상해없음,승용,남,46세,중상
2012080800100097,2012년 8월 8일 07시,수요일,대전광역시 대덕구 법동,경상사고,0,0,1,0,차대차 - 기타,안전운전불이행,건조,맑음,교차로 - 교차로안,이륜,남,16세,기타불명,승용,남,31세,경상
2012080800100128,2012년 8월 8일 08시,수요일,대전광역시 중구 목동,경상사고,0,0,1,0,차대차 - 측면직각충돌,신호위반,건조,맑음,교차로 - 교차로안,승용,여,45세,상해없음,승용,여,51세,경상
2012080800100163,2012년 8월 8일 09시,수요일,대전광역시 대덕구 오정동,중상사고,0,1,2,0,차대차 - 측면직각충돌,안전운전불이행,건조,맑음,교차로 - 교차로부근,승용,남,68세,상해없음,화물,남,60세,경상
2012080800100329,2012년 8월 8일 15시,수요일,대전광역시 유성구 구암동,사망사고,1,0,0,0,차대사람 - 기타,안전운전불이행,건조,맑음,단일로 - 기타,화물,남,28세,상해없음,보행자,남,50세,사망
2012080800100462,2012년 8월 8일 19시,수요일,대전광역시 중구 중촌동,경상사고,0,0,5,0,차대차 - 추돌 - 주정차중,안전운전불이행,건조,맑음,단일로 - 기타,승용,남,48세,상해없음,승용,남,20세,경상
2012080800100495,2012년 8월 8일 20시,수요일,대전광역시 중구 태평동,중상사고,0,1,0,0,차대차 - 측면직각충돌,중앙선침범,건조,맑음,단일로 - 기타,화물,남,52세,상해없음,이륜,남,38세,중상
2012080800100496,2012년 8월 8일 20시,수요일,대전광역시 동구 자양동,경상사고,0,0,2,0,차대차 - 기타,안전운전불이행,건조,맑음,단일로 - 기타,승용,여,51세,상해없음,승용,남,30세,경상
2012080800100497,2012년 8월 8일 20시,수요일,대전광역시 서구 내동,중상사고,0,1,0,0,차대차 - 기타,불법유턴,건조,맑음,단일로 - 기타,자전거,남,74세,중상,승용,남,33세,상해없음
2012080800100498,2012년 8월 8일 20시,수요일,대전광역시 대덕구 법동,경상사고,0,0,1,0,차대차 - 측면직각충돌,교차로운행방법위반,건조,맑음,교차로 - 교차로안,승합,남,53세,상해없음,승용,남,35세,경상
2012080800100559,2012년 8월 8일 22시,수요일,대전광역시 대덕구 오정동,중상사고,0,2,0,1,차대차 - 측면직각충돌,안전운전불이행,건조,맑음,교차로 - 교차로안,승용,여,41세,상해없음,승용,남,50세,중상
2012080900100076,2012년 8월 9일 06시,목요일,대전광역시 중구 오류동,경상사고,0,0,1,0,차대차 - 측면직각충돌,안전운전불이행,건조,맑음,단일로 - 기타,승합,남,51세,상해없음,승용,여,46세,상해없음
2012080900100134,2012년 8월 9일 08시,목요일,대전광역시 유성구 노은동,경상사고,0,0,1,0,차대차 - 측면직각충돌,안전운전불이행,건조,맑음,단일로 - 기타,승용,남,19세,상해없음,승용,여,57세,경상
2012080900100151,2012년 8월 9일 09시,목요일,대전광역시 대덕구 오정동,중상사고,0,1,0,0,차대차 - 측면직각충돌,안전운전불이행,건조,맑음,교차로 - 교차로안,자전거,여,61세,중상,화물,남,55세,상해없음
2012080900100204,2012년 8월 9일 11시,목요일,대전광역시 서구 갈마동,경상사고,0,0,3,0,차대차 - 측면직각충돌,안전운전불이행,습기,비,교차로 - 교차로안,승용,여,42세,경상,승용,여,32세,경상
2012080900100205,2012년 8월 9일 11시,목요일,대전광역시 유성구 방동,경상사고,0,0,1,0,차대차 - 측면직각충돌,신호위반,습기,비,교차로 - 교차로안,승용,여,34세,상해없음,승용,남,54세,경상
2012080900100255,2012년 8월 9일 13시,목요일,대전광역시 중구 태평동,중상사고,0,1,0,0,차대사람 - 기타,안전운전불이행,습기,비,단일로 - 기타,화물,남,50세,상해없음,보행자,여,61세,중상
2012080900100256,2012년 8월 9일 13시,목요일,대전광역시 유성구 노은동,중상사고,0,1,1,0,차대차 - 측면직각충돌,신호위반,습기,비,교차로 - 교차로안,승용,남,48세,상해없음,승용,여,52세,상해없음
2012080900100283,2012년 8월 9일 14시,목요일,대전광역시 서구 내동,사망사고,1,1,1,0,차대사람 - 기타,안전운전불이행,건조,흐림,단일로 - 기타,승용,여,65세,상해없음,보행자,남,55세,중상
2012080900100321,2012년 8월 9일 15시,목요일,대전광역시 중구 오류동,경상사고,0,0,1,1,차대차 - 기타,신호위반,건조,맑음,교차로 - 교차로안,이륜,남,79세,부상신고,승용,남,48세,경상
2012080900100394,2012년 8월 9일 17시,목요일,대전광역시 서구 월평동,중상사고,0,1,3,0,차대차 - 추돌 - 주정차중,안전운전불이행,습기,비,교차로 - 교차로부근,특수,남,35세,상해없음,승용,여,30세,중상
2012080900100550,2012년 8월 9일 22시,목요일,대전광역시 중구 문화동,경상사고,0,0,2,0,차대차 - 기타,안전운전불이행,건조,맑음,단일로 - 기타,승용,남,30세,상해없음,승용,남,29세,경상
2012080900100578,2012년 8월 9일 23시,목요일,대전광역시 대덕구 송촌동,경상사고,0,0,1,0,차대사람 - 횡단중,안전운전불이행,건조,맑음,교차로 - 교차로안,원동기,남,19세,상해없음,보행자,남,16세,경상