사고번호,사고일시,요일,시군구,사고내용,사망자수,중상자수,경상자수,부상신고자수,사고유형,법규위반,노면상태,기상상태,도로형태,가해운전자 차종,가해운전자 성별,가해운전자 연령,가해운전자 상해정도,피해운전자 차종,피해운전자 성별,피해운전자 연령,피해운전자 상해정도
2012081700100583,2012년 8월 17일 22시,금요일,대전광역시 중구 용두동,경상사고,0,0,2,0,차대차 - 추돌 - 진행중,안전거리미확보,건조,맑음,단일로 - 기타,승용,남,53세,상해없음,승용,남,21세,경상
2012081700100584,2012년 8월 17일 22시,금요일,대전광역시 서구 갈마동,경상사고,0,0,1,0,차대차 - 기타,신호위반,습기,비,교차로 - 교차로안,승용,여,60세,상해없음,승용,남,30세,경상
2012081700100585,2012년 8월 17일 22시,금요일,대전광역시 서구 둔산동,경상사고,0,0,1,0,차대차 - 측면직각충돌,중앙선침범,건조,맑음,단일로 - 기타,승용,기타불명,기타불명,기타불명,이륜,남,42세,경상
2012081700100626,2012년 8월 17일 23시,금요일,대전광역시 서구 괴정동,경상사고,0,0,1,0,차대차 - 기타,안전운전불이행,건조,맑음,단일로 - 기타,승용,남,29세,상해없음,승용,남,37세,상해없음
2012081700100627,2012년 8월 17일 23시,금요일,대전광역시 서구 관저동,경상사고,0,0,1,0,차대차 - 추돌 - 주정차중,안전운전불이행,건조,맑음,교차로 - 교차로부근,승용,남,31세,상해없음,승용,남,43세,상해없음
2012081700100628,2012년 8월 17일 23시,금요일,대전광역시 대덕구 읍내동,중상사고,0,1,1,0,차대차 - 추돌 - 주정차중,안전운전불이행,습기,흐림,단일로 - 기타,승용,여,43세,상해없음,승용,남,47세,중상
2012081800100021,2012년 8월 18일 00시,토요일,대전광역시 서구 갈마동,경상사고,0,0,1,0,차대차 - 측면직각충돌,중앙선침범,건조,맑음,단일로 - 기타,승용,남,42세,상해없음,화물,남,36세,경상
2012081800100071,2012년 8월 18일 02시,토요일,대전광역시 서구 월평동,경상사고,0,0,2,0,차대사람 - 기타,안전운전불이행,건조,맑음,교차로 - 교차로부근,승용,남,20세,기타불명,보행자,여,19세,경상
2012081800100087,2012년 8월 18일 03시,토요일,대전광역시 중구 문화동,사망사고,1,1,0,0,차량단독 - 기타,안전운전불이행,건조,흐림,교차로 - 교차로부근,원동기,남,22세,사망,,,,
2012081800100130,2012년 8월 18일 06시,토요일,대전광역시 중구 선화동,중상사고,0,1,0,0,차대차 - 기타,안전운전불이행,건조,맑음,단일로 - 교량,승용,남,31세,상해없음,승용,남,39세,중상
2012081800100165,2012년 8월 18일 08시,토요일,대전광역시 동구 성남동,사망사고,1,0,0,0,차대사람 - 횡단중,안전운전불이행,건조,흐림,교차로 - 교차로안,승용,여,51세,상해없음,보행자,여,67세,사망
2012081800100234,2012년 8월 18일 11시,토요일,대전광역시 서구 복수동,중상사고,0,2,0,0,차대차 - 측면직각충돌,신호위반,건조,맑음,교차로 - 교차로안,승용,여,42세,상해없음,승용,여,50세,중상
2012081800100325,2012년 8월 18일 14시,토요일,대전광역시 대덕구 상서동,중상사고,0,1,0,0,차대차 - 추돌 - 진행중,신호위반,건조,맑음,교차로 - 교차로안,승용,여,55세,상해없음,이륜,남,38세,중상
2012081800100364,2012년 8월 18일 15시,토요일,대전광역시 동구 용전동,경상사고,0,0,1,0,차대사람 - 기타,안전운전불이행,건조,맑음,단일로 - 기타,승용,남,61세,상해없음,보행자,남,20세,경상
2012081800100456,2012년 8월 18일 18시,토요일,대전광역시 동구 가양동,경상사고,0,0,1,0,차대차 - 측면직각충돌,안전운전불이행,건조,맑음,단일로 - 기타,승용,남,63세,상해없음,승용,남,52세,상해없음
2012081800100521,2012년 8월 18일 20시,토요일,대전광역시 서구 탄방동,중상사고,0,3,1,0,차대차 - 추돌 - 주정차중,안전운전불이행,건조,맑음,교차로 - 교차로부근,승용,남,55세,상해없음,승용,남,50세,상해없음
2012081800100579,2012년 8월 18일 22시,토요일,대전광역시 동구 판암동,경상사고,0,0,1,0,차대차 - 추돌 - 진행중,안전거리미확보,습기,맑음,교차로 - 교차로부근,승용,남,32세,상해없음,승용,여,31세,경상
2012081800100580,2012년 8월 18일 22시,토요일,대전광역시 서구 관저동,경상사고,0,0,1,0,차대사람 - 횡단중,신호위반,건조,맑음,교차로 - 교차로안,승용,남,29세,상해없음,보행자,남,33세,경상
2012081800100581,2012년 8월 18일 22시,토요일,대전광역시 서구 월평동,경상사고,0,0,1,0,차대차 - 기타,안전운전불이행,건조,맑음,기타 - 기타,승용,여,25세,상해없음,승용,남,21세,경상
2012081800100606,2012년 8월 18일 23시,토요일,대전광역시 유성구 구암동,경상사고,0,0,1,0,차대사람 - 보도통행중,안전운전불이행,건조,맑음,단일로 - 횡단보도부근,승용,남,47세,상해없음,보행자,남,51세,경상
2012081900100065,2012년 8월 19일 03시,일요일,대전광역시 서구 둔산동,경상사고,0,0,1,0,차대사람 - 기타,안전운전불이행,습기,흐림,교차로 - 교차로안,승용,남,23세,상해없음,보행자,남,24세,경상
2012081900100160,2012년 8월 19일 10시,일요일,대전광역시 서구 월평동,경상사고,0,0,2,0,차대차 - 측면직각충돌,안전운전불이행,건조,맑음,교차로 - 교차로부근,승용,남,43세,상해없음,승용,남,25세,경상
2012081900100177,2012년 8월 19일 11시,일요일,대전광역시 대덕구 법동,중상사고,0,1,0,0,차대차 - 측면직각충돌,안전운전불이행,건조,맑음,교차로 - 교차로안,승용,여,44세,상해없음,이륜,여,70세,중상
2012081900100250,2012년 8월 19일 14시,일요일,대전광역시 서구 둔산동,중상사고,0,3,2,0,차대차 - 측면직각충돌,직진우회전진행방해,건조,맑음,교차로 - 교차로부근,승용,남,51세,상해없음,승용,여,31세,중상
2012081900100277,2012년 8월 19일 15시,일요일,대전광역시 동구 가양동,경상사고,0,0,1,0,차대차 - 추돌 - 주정차중,안전운전불이행,건조,맑음,단일로 - 기타,승용,남,26세,상해없음,승용,남,61세,경상
2012081900100301,2012년 8월 19일 16시,일요일,대전광역시 유성구 장대동,경상사고,0,0,4,0,차대차 - 측면직각충돌,안전운전불이행,건조,맑음,단일로 - 기타,승용,여,46세,상해없음,승용,남,63세,경상
2012081900100377,2012년 8월 19일 19시,일요일,대전광역시 서구 탄방동,중상사고,0,1,0,0,차대차 - 추돌 - 진행중,안전운전불이행,습기,비,단일로 - 기타,화물,남,50세,상해없음,승용,남,30세,중상
2012081900100436,2012년 8월 19일 21시,일요일,대전광역시 서구 둔산동,경상사고,0,0,2,0,차대차 - 추돌 - 진행중,안전운전불이행,건조,흐림,교차로 - 교차로부근,화물,남,42세,상해없음,승용,여,41세,경상
2012081900100451,2012년 8월 19일 22시,일요일,대전광역시 유성구 도룡동,중상사고,0,1,5,0,차대차 - 측면직각충돌,신호위반,건조,흐림,교차로 - 교차로안,승용,남,20세,경상,승합,남,48세,경상
2012081900100452,2012년 8월 19일 22시,일요일,대전광역시 서구 갈마동,경상사고,0,0,2,0,차대차 - 측면직각충돌,신호위반,건조,흐림,교차로 - 교차로부근,승합,남,52세,상해없음,승용,남,62세,경상
2012082000100026,2012년 8월 20일 01시,월요일,대전광역시 대덕구 중리동,경상사고,0,0,2,0,차대차 - 추돌 - 주정차중,안전운전불이행,건조,맑음,교차로 - 교차로부근,승용,남,58세,상해없음,승용,남,50세,경상
2012082000100035,2012년 8월 20일 02시,월요일,대전광역시 유성구 봉명동,중상사고,0,2,0,0,차량단독 - 기타,안전운전불이행,건조,맑음,단일로 - 기타,이륜,남,25세,중상,,,,
2012082000100071,2012년 8월 20일 05시,월요일,대전광역시 서구 둔산동,중상사고,0,1,0,0,차대차 - 측면직각충돌,신호위반,습기,비,교차로 - 교차로부근,승합,남,42세,상해없음,승용,남,56세,중상
2012082000100086,2012년 8월 20일 06시,월요일,대전광역시 동구 가양동,중상사고,0,1,0,0,차대사람 - 횡단중,안전운전불이행,건조,맑음,단일로 - 횡단보도상,승용,남,58세,상해없음,보행자,남,56세,중상
2012082000100148,2012년 8월 20일 08시,월요일,대전광역시 중구 부사동,경상사고,0,0,3,0,차대차 - 기타,안전거리미확보,습기,비,단일로 - 기타,승합,남,56세,상해없음,승합,남,47세,경상
2012082000100149,2012년 8월 20일 08시,월요일,대전광역시 동구 용전동,경상사고,0,0,1,0,차대차 - 측면직각충돌,교차로운행방법위반,건조,맑음,단일로 - 기타,승합,남,43세,상해없음,승용,남,26세,경상
2012082000100150,2012년 8월 20일 08시,월요일,대전광역시 서구 변동,경상사고,0,0,2,0,차대차 - 추돌 - 진행중,안전거리미확보,습기,흐림,단일로 - 기타,승용,여,32세,상해없음,승용,남,29세,경상
2012082000100223,2012년 8월 20일 11시,월요일,대전광역시 유성구 문지동,경상사고,0,0,2,0,차대차 - 추돌 - 진행중,안전거리미확보,습기,비,단일로 - 기타,승용,남,54세,상해없음,승용,여,39세,상해없음
2012082000100316,2012년 8월 20일 14시,월요일,대전광역시 중구 문화동,경상사고,0,0,1,0,차대차 - 측면직각충돌,불법유턴,습기,비,교차로 - 교차로부근,원동기,남,59세,경상,승용,남,35세,상해없음
2012082000100406,2012년 8월 20일 17시,월요일,대전광역시 중구 사정동,중상사고,0,1,0,0,차대사람 - 횡단중,안전운전불이행,건조,맑음,교차로 - 교차로안,원동기,남,64세,상해없음,보행자,남,58세,중상
2012082000100407,2012년 8월 20일 17시,월요일,대전광역시 중구 중촌동,경상사고,0,0,1,0,차대차 - 측면직각충돌,신호위반,건조,흐림,교차로 - 교차로안,승용,여,52세,상해없음,승용,남,47세,경상
2012082000100476,2012년 8월 20일 19시,월요일,대전광역시 중구 안영동,중상사고,0,1,0,0,차대차 - 측면직각충돌,중앙선침범,건조,흐림,단일로 - 기타,자전거,남,71세,중상,승용,남,66세,상해없음
2012082000100477,2012년 8월 20일 19시,월요일,대전광역시 서구 탄방동,경상사고,0,0,2,0,차대차 - 추돌 - 진행중,안전거리미확보,건조,맑음,교차로 - 교차로안,승용,남,57세,상해없음,승용,남,61세,경상
2012082000100521,2012년 8월 20일 20시,월요일,대전광역시 중구 문화동,경상사고,0,0,4,0,차대차 - 추돌 - 진행중,안전운전불이행,건조,흐림,교차로 - 교차로부근,승용,남,22세,상해없음,승용,남,66세,상해없음
2012082000100566,2012년 8월 20일 21시,월요일,대전광역시 대덕구 중리동,경상사고,0,0,2,0,차대차 - 측면직각충돌,교차로운행방법위반,건조,흐림,교차로 - 교차로안,승용,남,40세,상해없음,승용,남,58세,경상
2012082000100606,2012년 8월 20일 22시,월요일,대전광역시 서구 관저동,중상사고,0,1,0,0,차대사람 - 기타,안전운전불이행,건조,맑음,단일로 - 기타,승용,남,45세,상해없음,보행자,남,56세,중상
2012082000100607,2012년 8월 20일 22시,월요일,대전광역시 유성구 봉명동,경상사고,0,0,3,0,차대차 - 추돌 - 주정차중,안전운전불이행,건조,맑음,교차로 - 교차로부근,승용,남,42세,기타불명,승용,남,52세,경상
2012082000100637,2012년 8월 20일 23시,월요일,대전광역시 서구 용문동,경상사고,0,0,5,0,차대차 - 정면충돌,신호위반,습기,비,교차로 - 교차로안,승용,남,32세,상해없음,승용,남,44세,경상
2012082100100146,2012년 8월 21일 07시,화요일,대전광역시 중구 은행동,중상사고,0,1,1,0,차대차 - 측면직각충돌,신호위반,건조,흐림,교차로 - 교차로안,승용,남,24세,상해없음,승용,남,39세,경상
2012082100100172,2012년 8월 21일 08시,화요일,대전광역시 동구 용전동,경상사고,0,0,2,0,차대차 - 측면직각충돌,안전운전불이행,건조,맑음,단일로 - 기타,승용,남,51세,경상,화물,남,52세,상해없음
2012082100100231,2012년 8월 21일 10시,화요일,대전광역시 서구 둔산동,중상사고,0,1,0,0,차대사람 - 기타,보행자보호의무위반,건조,맑음,단일로 - 횡단보도상,화물,남,53세,상해없음,보행자,여,52세,중상
2012082100100288,2012년 8월 21일 12시,화요일,대전광역시 중구 대사동,경상사고,0,0,1,0,차대사람 - 횡단중,안전운전불이행,건조,맑음,단일로 - 기타,승용,여,64세,상해없음,보행자,여,62세,경상
2012082100100289,2012년 8월 21일 12시,화요일,대전광역시 동구 가양동,중상사고,0,1,0,0,차대차 - 측면직각충돌,안전운전불이행,건조,맑음,단일로 - 기타,승용,남,26세,상해없음,원동기,남,52세,중상
2012082100100290,2012년 8월 21일 12시,화요일,대전광역시 서구 둔산동,경상사고,0,0,3,0,차대차 - 측면직각충돌,안전거리미확보,건조,맑음,단일로 - 기타,승용,여,42세,상해없음,승합,남,49세,경상
2012082100100325,2012년 8월 21일 13시,화요일,대전광역시 서구 정림동,중상사고,0,1,0,0,차대차 - 기타,안전거리미확보,건조,맑음,단일로 - 기타,승용,기타불명,기타불명,기타불명,이륜,남,48세,중상
2012082100100418,2012년 8월 21일 16시,화요일,대전광역시 유성구 원내동,경상사고,0,0,1,0,차대사람 - 횡단중,안전운전불이행,습기,비,단일로 - 횡단보도상,승용,여,39세,상해없음,보행자,남,12세,경상
2012082100100454,2012년 8월 21일 17시,화요일,대전광역시 동구 정동,중상사고,0,1,0,0,차대차 - 측면직각충돌,교차로운행방법위반,습기,비,교차로 - 교차로안,승용,남,44세,상해없음,자전거,남,65세,중상
2012082100100539,2012년 8월 21일 19시,화요일,대전광역시 중구 태평동,경상사고,0,0,2,0,차대차 - 측면직각충돌,안전운전불이행,습기,흐림,교차로 - 교차로안,승용,남,35세,상해없음,승용,남,28세,경상
2012082100100570,2012년 8월 21일 20시,화요일,대전광역시 유성구 봉명동,경상사고,0,0,1,0,차대차 - 기타,안전거리미확보,습기,비,단일로 - 기타,승용,남,28세,상해없음,승용,남,43세,경상
2012082100100648,2012년 8월 21일 22시,화요일,대전광역시 동구 삼성동,중상사고,0,1,0,0,차대사람 - 횡단중,신호위반,건조,맑음,교차로 - 교차로안,승용,남,49세,상해없음,보행자,여,16세,중상
2012082200100042,2012년 8월 22일 01시,수요일,대전광역시 중구 부사동,경상사고,0,0,1,0,차대차 - 측면직각충돌,신호위반,건조,맑음,교차로 - 교차로안,이륜,남,29세,상해없음,승용,남,35세,경상
2012082200100165,2012년 8월 22일 08시,수요일,대전광역시 동구 판암동,경상사고,0,0,1,0,차대사람 - 차도통행중,안전운전불이행,습기,비,단일로 - 기타,승용,여,32세,상해없음,보행자,여,76세,경상
2012082200100192,2012년 8월 22일 09시,수요일,대전광역시 중구 문화동,중상사고,0,1,0,0,차대사람 - 횡단중,보행자보호의무위반,습기,비,교차로 - 교차로부근,화물,남,47세,상해없음,보행자,여,30세,중상
2012082200100386,2012년 8월 22일 15시,수요일,대전광역시 대덕구 석봉동,경상사고,0,0,1,0,차대차 - 측면직각충돌,중앙선침범,건조,맑음,단일로 - 기타,승용,여,54세,상해없음,이륜,남,17세,경상
2012082200100411,2012년 8월 22일 16시,수요일,대전광역시 중구 산성동,중상사고,0,1,0,0,차대사람 - 횡단중,보행자보호의무위반,습기,비,교차로 - 교차로부근,이륜,남,61세,상해없음,보행자,여,78세,중상
2012082200100412,2012년 8월 22일 16시,수요일,대전광역시 동구 가오동,경상사고,0,0,1,0,차대차 - 추돌 - 주정차중,안전운전불이행,건조,맑음,교차로 - 교차로부근,승용,남,70세,상해없음,승용,여,41세,경상
2012082200100437,2012년 8월 22일 17시,수요일,대전광역시 중구 문화동,중상사고,0,1,0,0,차대차 - 측면직각충돌,안전운전불이행,건조,맑음,교차로 - 교차로안,승용,여,48세,상해없음,이륜,남,32세,중상
2012082200100438,2012년 8월 22일 17시,수요일,대전광역시 동구 성남동,중상사고,0,1,0,0,차량단독 - 기타,기타,습기,비,단일로 - 기타,승합,남,57세,상해없음,,,,
2012082200100569,2012년 8월 22일 21시,수요일,대전광역시 서구 괴정동,경상사고,0,0,2,0,차대차 - 정면충돌,중앙선침범,건조,맑음,단일로 - 기타,승용,남,55세,상해없음,승용,남,29세,경상
2012082200100604,2012년 8월 22일 22시,수요일,대전광역시 서구 둔산동,경상사고,0,0,1,0,차대차 - 측면직각충돌,중앙선침범,건조,맑음,교차로 - 교차로부근,승용,여,43세,상해없음,승용,남,55세,상해없음
2012082200100630,2012년 8월 22일 23시,수요일,대전광역시 중구 유천동,경상사고,0,0,3,0,차대차 - 추돌 - 진행중,안전운전불이행,건조,흐림,단일로 - 기타,승용,남,38세,상해없음,승용,남,67세,경상
2012082300100025,2012년 8월 23일 00시,목요일,대전광역시 유성구 봉명동,경상사고,0,0,1,0,차대차 - 추돌 - 주정차중,안전운전불이행,건조,맑음,교차로 - 교차로부근,승용,남,34세,상해없음,승용,남,28세,경상
2012082300100049,2012년 8월 23일 02시,목요일,대전광역시 서구 월평동,중상사고,0,1,3,0,차대차 - 측면직각충돌,교차로운행방법위반,습기,비,교차로 - 교차로안,승용,남,48세,중상,승용,여,51세,경상
2012082300100058,2012년 8월 23일 03시,목요일,대전광역시 유성구 덕명동,중상사고,0,1,1,0,차대차 - 측면직각충돌,신호위반,건조,흐림,교차로 - 교차로안,특수,남,47세,상해없음,승용,남,58세,중상
2012082300100098,2012년 8월 23일 06시,목요일,대전광역시 유성구 궁동,경상사고,0,0,1,0,차대차 - 측면직각충돌,중앙선침범,건조,맑음,교차로 - 교차로안,승용,남,23세,상해없음,승용,남,55세,경상
2012082300100196,2012년 8월 23일 10시,목요일,대전광역시 서구 둔산동,중상사고,0,1,0,0,차대차 - 기타,안전운전불이행,건조,맑음,단일로 - 기타,승용,여,50세,상해없음,자전거,남,72세,중상
2012082300100250,2012년 8월 23일 12시,목요일,대전광역시 동구 홍도동,경상사고,0,0,1,0,차대차 - 측면직각충돌,안전운전불이행,건조,맑음,교차로 - 교차로안,자전거,여,35세,경상,화물,남,53세,상해없음
2012082300100267,2012년 8월 23일 13시,목요일,대전광역시 유성구 지족동,중상사고,0,1,0,0,차대차 - 기타,안전운전불이행,건조,맑음,단일로 - 횡단보도상,화물,남,45세,상해없음,이륜,남,58세,중상
2012082300100302,2012년 8월 23일 14시,목요일,대전광역시 동구 용전동,경상사고,0,0,2,0,차대차 - 기타,안전운전불이행,건조,맑음,단일로 - 기타,화물,남,54세,상해없음,승용,여,35세,경상
2012082300100303,2012년 8월 23일 14시,목요일,대전광역시 서구 정림동,중상사고,0,1,0,0,차량단독 - 기타,안전운전불이행,건조,맑음,단일로 - 기타,승합,남,57세,상해없음,,,,
2012082300100304,2012년 8월 23일 14시,목요일,대전광역시 대덕구 신대동,경상사고,0,0,2,0,차량단독 - 공작물충돌,안전운전불이행,습기,비,단일로 - 기타,승용,남,56세,상해없음,,,,
2012082300100337,2012년 8월 23일 15시,목요일,대전광역시 중구 대흥동,경상사고,0,0,1,0,차대사람 - 기타,안전운전불이행,건조,흐림,단일로 - 기타,승용,남,72세,상해없음,보행자,남,55세,경상
2012082300100393,2012년 8월 23일 17시,목요일,대전광역시 대덕구 비래동,중상사고,0,1,1,1,차대차 - 추돌 - 진행중,안전운전불이행,습기,비,교차로 - 교차로부근,승합,남,32세,상해없음,승용,여,51세,중상
2012082300100469,2012년 8월 23일 19시,목요일,대전광역시 서구 탄방동,경상사고,0,0,2,0,차대차 - 추돌 - 진행중,안전운전불이행,건조,맑음,단일로 - 기타,승용,남,51세,상해없음,승용,남,66세,경상
2012082300100470,2012년 8월 23일 19시,목요일,대전광역시 서구 만년동,경상사고,0,0,1,0,차대차 - 추돌 - 주정차중,안전운전불이행,건조,맑음,단일로 - 기타,승합,남,58세,상해없음,승용,여,46세,경상
2012082300100538,2012년 8월 23일 21시,목요일,대전광역시 중구 문화동,경상사고,0,0,2,0,차대차 - 정면충돌,중앙선침범,건조,맑음,교차로 - 교차로부근,화물,남,49세,상해없음,승용,남,45세,경상
2012082300100577,2012년 8월 23일 22시,목요일,대전광역시 서구 갈마동,경상사고,0,0,1,0,차대사람 - 횡단중,보행자보호의무위반,건조,맑음,단일로 - 횡단보도상,승용,기타불명,기타불명,기타불명,보행자,남,26세,경상
2012082300100578,2012년 8월 23일 22시,목요일,대전광역시 유성구 봉산동,경상사고,0,0,2,0,차대차 - 측면직각충돌,교차로운행방법위반,건조,맑음,교차로 - 교차로안,화물,남,51세,상해없음,승합,남,31세,경상
2012082300100625,2012년 8월 23일 23시,목요일,대전광역시 유성구 궁동,경상사고,0,0,2,0,차대차 - 측면직각충돌,중앙선침범,습기,비,단일로 - 기타,승용,남,51세,상해없음,승용,남,29세,경상
2012082400100071,2012년 8월 24일 02시,금요일,대전광역시 동구 중동,중상사고,0,1,0,0,차대사람 - 횡단중,안전운전불이행,습기,비,단일로 - 기타,승용,남,32세,상해없음,보행자,남,44세,중상
2012082400100072,2012년 8월 24일 02시,금요일,대전광역시 대덕구 문평동,중상사고,0,1,0,0,차대사람 - 횡단중,신호위반,습기,비,교차로 - 교차로부근,이륜,남,31세,상해없음,보행자,남,48세,중상
2012082400100086,2012년 8월 24일 03시,금요일,대전광역시 동구 정동,중상사고,0,1,0,0,차대사람 - 기타,안전운전불이행,습기,비,단일로 - 횡단보도상,기타불명,기타불명,기타불명,기타불명,보행자,여,67세,중상
2012082400100096,2012년 8월 24일 04시,금요일,대전광역시 서구 둔산동,중상사고,0,4,2,0,차대차 - 측면직각충돌,안전운전불이행,건조,맑음,단일로 - 기타,승용,남,27세,상해없음,승용,남,48세,중상
2012082400100105,2012년 8월 24일 05시,금요일,대전광역시 서구 둔산동,경상사고,0,0,1,0,차대차 - 측면직각충돌,신호위반,습기,흐림,교차로 - 교차로안,승용,남,29세,상해없음,승용,여,22세,경상
2012082400100145,2012년 8월 24일 07시,금요일,대전광역시 대덕구 상서동,경상사고,0,0,1,0,차대차 - 측면직각충돌,중앙선침범,건조,맑음,단일로 - 기타,승합,남,51세,상해없음,승용,남,46세,경상
2012082400100176,2012년 8월 24일 08시,금요일,대전광역시 중구 은행동,경상사고,0,0,1,0,차대차 - 측면직각충돌,안전거리미확보,건조,맑음,단일로 - 기타,승합,남,38세,상해없음,승용,남,28세,경상
2012082400100196,2012년 8월 24일 09시,금요일,대전광역시 대덕구 법동,경상사고,0,0,1,0,차대사람 - 기타,안전운전불이행,습기,비,단일로 - 기타,자전거,남,22세,상해없음,보행자,여,43세,경상
2012082400100197,2012년 8월 24일 09시,금요일,대전광역시 서구 탄방동,경상사고,0,0,1,0,차대사람 - 횡단중,보행자보호의무위반,건조,맑음,단일로 - 기타,승용,남,33세,상해없음,보행자,여,48세,경상
2012082400100222,2012년 8월 24일 10시,금요일,대전광역시 중구 문화동,중상사고,0,1,1,0,차대차 - 측면직각충돌,중앙선침범,습기,비,단일로 - 기타,승용,여,35세,중상,승용,여,58세,경상
2012082400100258,2012년 8월 24일 11시,금요일,대전광역시 동구 원동,경상사고,0,0,1,0,차대차 - 측면직각충돌,신호위반,습기,비,교차로 - 교차로안,승용,남,55세,상해없음,승용,남,72세,경상
2012082400100308,2012년 8월 24일 13시,금요일,대전광역시 동구 용전동,경상사고,0,0,1,0,차대차 - 측면직각충돌,차로위반,건조,맑음,단일로 - 기타,승용,남,51세,상해없음,승용,남,28세,경상
2012082400100325,2012년 8월 24일 14시,금요일,대전광역시 유성구 갑동,중상사고,0,1,0,0,차대차 - 추돌 - 주정차중,안전운전불이행,습기,비,단일로 - 기타,승용,남,54세,상해없음,승용,남,49세,중상
2012082400100357,2012년 8월 24일 15시,금요일,대전광역시 유성구 송정동,경상사고,0,0,1,0,차량단독 - 전도전복,안전운전불이행,습기,비,단일로 - 기타,승용,남,54세,상해없음,,,,
2012082400100433,2012년 8월 24일 17시,금요일,대전광역시 동구 판암동,경상사고,0,0,5,0,차대차 - 측면직각충돌,신호위반,습기,비,교차로 - 교차로안,승용,여,37세,상해없음,승용,남,34세,경상
2012082400100478,2012년 8월 24일 18시,금요일,대전광역시 동구 성남동,경상사고,0,0,2,0,차대차 - 추돌 - 진행중,안전거리미확보,건조,맑음,단일로 - 기타,승용,남,59세,상해없음,승용,남,28세,경상
2012082400100479,2012년 8월 24일 18시,금요일,대전광역시 유성구 노은동,경상사고,0,0,1,0,차대차 - 추돌 - 진행중,안전운전불이행,습기,비,단일로 - 기타,승용,남,39세,상해없음,승용,여,29세,경상
2012082400100516,2012년 8월 24일 19시,금요일,대전광역시 중구 용두동,중상사고,0,1,0,0,차대사람 - 기타,기타,습기,비,기타 - 기타,이륜,남,55세,상해없음,보행자,여,16세,중상
2012082400100517,2012년 8월 24일 19시,금요일,대전광역시 서구 용문동,중상사고,0,1,0,0,차대사람 - 횡단중,보행자보호의무위반,습기,비,교차로 - 교차로부근,화물,남,58세,상해없음,보행자,미분류,12세,중상
2012082400100607,2012년 8월 24일 21시,금요일,대전광역시 유성구 봉명동,경상사고,0,0,1,0,차대차 - 기타,안전거리미확보,습기,비,단일로 - 기타,승용,남,58세,상해없음,승용,여,56세,경상
2012082400100658,2012년 8월 24일 22시,금요일,대전광역시 서구 둔산동,경상사고,0,0,3,0,차대차 - 측면직각충돌,중앙선침범,습기,비,교차로 - 교차로부근,승용,남,18세,상해없음,승용,여,25세,경상
2012082400100703,2012년 8월 24일 23시,금요일,대전광역시 서구 둔산동,경상사고,0,0,1,0,차대차 - 측면직각충돌,안전운전불이행,습기,비,단일로 - 기타,승용,여,38세,상해없음,승용,남,29세,경상
2012082500100023,2012년 8월 25일 00시,토요일,대전광역시 동구 소제동,중상사고,0,2,4,0,차대차 - 추돌 - 주정차중,안전운전불이행,습기,비,교차로 - 교차로부근,승용,남,29세,상해없음,승용,남,26세,경상
2012082500100071,2012년 8월 25일 01시,토요일,대전광역시 서구 갈마동,부상신고사고,0,0,0,1,차대차 - 기타,안전운전불이행,습기,비,단일로 - 기타,승용,남,27세,상해없음,승용,남,54세,부상신고
2012082500100072,2012년 8월 25일 01시,토요일,대전광역시 서구 둔산동,경상사고,0,0,4,0,차대차 - 기타,안전운전불이행,습기,흐림,단일로 - 기타,승용,남,49세,상해없음,승용,여,20세,경상
2012082500100154,2012년 8월 25일 04시,토요일,대전광역시 동구 가오동,중상사고,0,2,0,0,차대차 - 측면직각충돌,안전운전불이행,건조,맑음,단일로 - 기타,승용,기타불명,기타불명,기타불명,화물,남,60세,중상
2012082500100180,2012년 8월 25일 06시,토요일,대전광역시 대덕구 신대동,중상사고,0,1,1,0,차대차 - 추돌 - 진행중,안전운전불이행,건조,맑음,단일로 - 기타,승용,남,43세,상해없음,승용,여,35세,경상
2012082500100238,2012년 8월 25일 09시,토요일,대전광역시 서구 도마동,경상사고,0,0,1,0,차대차 - 추돌 - 주정차중,안전운전불이행,건조,맑음,교차로 - 교차로부근,화물,남,44세,상해없음,승용,남,55세,경상
2012082500100258,2012년 8월 25일 10시,토요일,대전광역시 동구 중동,중상사고,0,1,0,0,차대차 - 측면직각충돌,신호위반,습기,비,교차로 - 교차로안,승용,여,46세,상해없음,승용,여,47세,중상
2012082500100259,2012년 8월 25일 10시,토요일,대전광역시 동구 인동,경상사고,0,0,1,0,차량단독 - 기타,기타,건조,맑음,단일로 - 기타,승합,남,53세,상해없음,,,,
2012082500100260,2012년 8월 25일 10시,토요일,대전광역시 동구 용전동,경상사고,0,0,1,0,차량단독 - 기타,기타,건조,맑음,단일로 - 기타,승합,남,53세,상해없음,,,,
2012082500100296,2012년 8월 25일 11시,토요일,대전광역시 유성구 탑립동,경상사고,0,0,2,0,차대차 - 추돌 - 진행중,안전운전불이행,건조,맑음,교차로 - 교차로안,승용,남,41세,상해없음,승용,남,52세,경상
2012082500100297,2012년 8월 25일 11시,토요일,대전광역시 유성구 봉명동,경상사고,0,0,1,0,차대차 - 추돌 - 진행중,안전운전불이행,건조,맑음,기타 - 기타,승용,남,40세,상해없음,승용,남,27세,경상
2012082500100367,2012년 8월 25일 13시,토요일,대전광역시 동구 성남동,경상사고,0,0,2,0,차대차 - 추돌 - 진행중,안전운전불이행,건조,맑음,단일로 - 기타,승용,남,23세,상해없음,승용,남,26세,경상