사고번호,사고일시,요일,시군구,사고내용,사망자수,중상자수,경상자수,부상신고자수,사고유형,법규위반,노면상태,기상상태,도로형태,가해운전자 차종,가해운전자 성별,가해운전자 연령,가해운전자 상해정도,피해운전자 차종,피해운전자 성별,피해운전자 연령,피해운전자 상해정도
2012090200100496,2012년 9월 2일 21시,일요일,대전광역시 중구 석교동,중상사고,0,1,0,0,차대사람 - 차도통행중,안전운전불이행,건조,맑음,단일로 - 기타,승용,기타불명,기타불명,기타불명,보행자,남,77세,중상
2012090300100062,2012년 9월 3일 06시,월요일,대전광역시 서구 둔산동,중상사고,0,1,1,0,차대차 - 기타,신호위반,건조,맑음,교차로 - 교차로안,승용,남,71세,상해없음,화물,남,30세,중상
2012090300100134,2012년 9월 3일 08시,월요일,대전광역시 동구 삼성동,중상사고,0,1,0,0,차량단독 - 기타,안전운전불이행,건조,맑음,단일로 - 기타,승합,남,52세,상해없음,,,,
2012090300100166,2012년 9월 3일 09시,월요일,대전광역시 동구 용전동,중상사고,0,1,0,0,차대사람 - 길가장자리구역통행중,안전운전불이행,건조,맑음,교차로 - 교차로부근,승용,남,36세,상해없음,보행자,여,45세,중상
2012090300100193,2012년 9월 3일 10시,월요일,대전광역시 동구 용전동,중상사고,0,1,0,0,차대차 - 측면직각충돌,안전운전불이행,건조,맑음,단일로 - 기타,화물,남,55세,상해없음,자전거,남,58세,중상
2012090300100225,2012년 9월 3일 11시,월요일,대전광역시 대덕구 송촌동,경상사고,0,0,1,0,차대사람 - 차도통행중,안전운전불이행,건조,맑음,단일로 - 기타,승용,기타불명,기타불명,기타불명,보행자,여,62세,경상
2012090300100251,2012년 9월 3일 12시,월요일,대전광역시 동구 인동,경상사고,0,0,1,0,차대차 - 추돌 - 주정차중,안전운전불이행,건조,맑음,단일로 - 횡단보도부근,승합,남,46세,상해없음,승용,남,48세,경상
2012090300100391,2012년 9월 3일 16시,월요일,대전광역시 중구 중촌동,중상사고,0,1,0,0,차대사람 - 보도통행중,기타,건조,맑음,교차로 - 교차로부근,화물,남,66세,상해없음,보행자,여,63세,중상
2012090300100392,2012년 9월 3일 16시,월요일,대전광역시 대덕구 읍내동,경상사고,0,0,2,0,차량단독 - 기타,기타,건조,맑음,교차로 - 교차로안,승용,남,64세,상해없음,,,,
2012090300100418,2012년 9월 3일 17시,월요일,대전광역시 대덕구 신탄진동,경상사고,0,0,3,0,차대차 - 측면직각충돌,신호위반,건조,맑음,미분류 - 미분류,승용,남,74세,상해없음,승합,남,52세,상해없음
2012090300100452,2012년 9월 3일 18시,월요일,대전광역시 동구 가양동,경상사고,0,0,1,0,차대차 - 측면직각충돌,안전운전불이행,건조,맑음,교차로 - 교차로부근,승용,남,29세,상해없음,승용,여,37세,경상
2012090300100453,2012년 9월 3일 18시,월요일,대전광역시 서구 만년동,경상사고,0,0,1,0,차대차 - 측면직각충돌,안전운전불이행,건조,맑음,교차로 - 교차로안,승용,남,48세,상해없음,승용,남,52세,경상
2012090300100501,2012년 9월 3일 19시,월요일,대전광역시 중구 용두동,경상사고,0,0,2,0,차대차 - 추돌 - 진행중,안전운전불이행,건조,맑음,단일로 - 기타,승용,남,59세,상해없음,승용,남,51세,경상
2012090300100502,2012년 9월 3일 19시,월요일,대전광역시 유성구 봉명동,경상사고,0,0,2,0,차대차 - 추돌 - 주정차중,안전거리미확보,건조,맑음,단일로 - 기타,승용,남,53세,상해없음,승용,남,37세,경상
2012090300100503,2012년 9월 3일 19시,월요일,대전광역시 유성구 전민동,경상사고,0,0,1,0,차대사람 - 보도통행중,안전운전불이행,건조,맑음,교차로 - 교차로안,승용,여,47세,상해없음,보행자,여,63세,경상
2012090300100536,2012년 9월 3일 20시,월요일,대전광역시 동구 가양동,경상사고,0,0,1,0,차대차 - 측면직각충돌,차로위반,건조,맑음,단일로 - 횡단보도부근,승용,남,32세,상해없음,자전거,남,62세,경상
2012090300100575,2012년 9월 3일 21시,월요일,대전광역시 중구 선화동,경상사고,0,0,1,0,차대차 - 추돌 - 주정차중,안전거리미확보,건조,맑음,단일로 - 횡단보도부근,승용,남,19세,상해없음,승용,여,58세,경상
2012090300100576,2012년 9월 3일 21시,월요일,대전광역시 대덕구 송촌동,경상사고,0,0,1,0,차대차 - 기타,안전운전불이행,건조,맑음,단일로 - 기타,승용,남,45세,상해없음,화물,남,52세,경상
2012090300100577,2012년 9월 3일 21시,월요일,대전광역시 서구 둔산동,경상사고,0,0,1,0,차대차 - 측면직각충돌,안전운전불이행,건조,맑음,교차로 - 교차로안,승용,여,31세,상해없음,자전거,남,32세,경상
2012090300100632,2012년 9월 3일 23시,월요일,대전광역시 동구 판암동,경상사고,0,0,1,0,차대차 - 추돌 - 진행중,안전운전불이행,건조,맑음,교차로 - 교차로안,기타불명,기타불명,기타불명,기타불명,승용,남,57세,상해없음
2012090300100633,2012년 9월 3일 23시,월요일,대전광역시 유성구 궁동,경상사고,0,0,2,0,차대차 - 추돌 - 주정차중,안전거리미확보,건조,맑음,단일로 - 횡단보도상,승용,남,52세,상해없음,승용,남,42세,경상
2012090400100030,2012년 9월 4일 02시,화요일,대전광역시 서구 관저동,경상사고,0,0,1,0,차대사람 - 횡단중,신호위반,건조,맑음,교차로 - 교차로부근,승용,여,49세,상해없음,보행자,여,29세,경상
2012090400100044,2012년 9월 4일 04시,화요일,대전광역시 서구 둔산동,경상사고,0,0,2,0,차대차 - 추돌 - 주정차중,안전운전불이행,건조,맑음,교차로 - 교차로부근,승용,남,34세,상해없음,승용,남,59세,경상
2012090400100055,2012년 9월 4일 05시,화요일,대전광역시 중구 대흥동,경상사고,0,0,1,0,차대차 - 측면직각충돌,신호위반,건조,맑음,교차로 - 교차로안,승용,남,36세,상해없음,승용,남,43세,경상
2012090400100101,2012년 9월 4일 07시,화요일,대전광역시 대덕구 대화동,중상사고,0,3,1,0,차대차 - 기타,신호위반,건조,맑음,교차로 - 교차로안,승용,남,53세,상해없음,승용,남,62세,경상
2012090400100102,2012년 9월 4일 07시,화요일,대전광역시 유성구 도룡동,경상사고,0,0,1,0,차대차 - 측면직각충돌,안전거리미확보,건조,맑음,교차로 - 교차로부근,승용,여,52세,상해없음,승용,여,27세,경상
2012090400100146,2012년 9월 4일 08시,화요일,대전광역시 서구 월평동,경상사고,0,0,1,0,차대차 - 추돌 - 진행중,안전운전불이행,건조,맑음,단일로 - 기타,승용,남,30세,상해없음,승용,남,34세,경상
2012090400100272,2012년 9월 4일 13시,화요일,대전광역시 서구 가장동,중상사고,0,1,0,0,차대사람 - 횡단중,보행자보호의무위반,습기,비,단일로 - 횡단보도상,승용,남,63세,상해없음,보행자,여,7세,중상
2012090400100370,2012년 9월 4일 16시,화요일,대전광역시 중구 유천동,중상사고,0,1,0,0,차대차 - 기타,안전운전불이행,습기,비,단일로 - 기타,화물,기타불명,기타불명,기타불명,자전거,남,10세,중상
2012090400100371,2012년 9월 4일 16시,화요일,대전광역시 서구 도마동,중상사고,0,1,0,0,차대차 - 측면직각충돌,교차로운행방법위반,건조,맑음,교차로 - 교차로안,승용,남,44세,상해없음,자전거,남,17세,중상
2012090400100512,2012년 9월 4일 19시,화요일,대전광역시 동구 신흥동,경상사고,0,0,1,0,차대차 - 추돌 - 주정차중,안전운전불이행,습기,비,교차로 - 교차로부근,승용,남,55세,상해없음,승용,남,52세,경상
2012090400100513,2012년 9월 4일 19시,화요일,대전광역시 유성구 원신흥동,경상사고,0,0,1,0,차대차 - 측면직각충돌,안전운전불이행,습기,비,단일로 - 기타,승용,남,45세,상해없음,승용,남,29세,경상
2012090400100568,2012년 9월 4일 20시,화요일,대전광역시 서구 가수원동,경상사고,0,0,1,0,차대차 - 추돌 - 주정차중,안전운전불이행,습기,비,단일로 - 기타,승용,기타불명,기타불명,기타불명,승용,여,32세,경상
2012090400100609,2012년 9월 4일 21시,화요일,대전광역시 동구 삼성동,경상사고,0,0,1,0,차대차 - 측면직각충돌,안전운전불이행,습기,비,교차로 - 교차로부근,승용,남,48세,상해없음,승용,남,39세,경상
2012090400100610,2012년 9월 4일 21시,화요일,대전광역시 동구 대동,경상사고,0,0,1,0,차대차 - 측면직각충돌,안전운전불이행,습기,비,미분류 - 미분류,승용,기타불명,기타불명,기타불명,승용,남,37세,경상
2012090400100650,2012년 9월 4일 22시,화요일,대전광역시 중구 은행동,경상사고,0,0,1,0,차대사람 - 기타,안전운전불이행,습기,비,단일로 - 기타,기타불명,기타불명,기타불명,기타불명,보행자,남,42세,경상
2012090400100651,2012년 9월 4일 22시,화요일,대전광역시 서구 둔산동,중상사고,0,1,0,0,차대사람 - 기타,안전운전불이행,습기,비,단일로 - 기타,승용,남,43세,상해없음,보행자,남,47세,중상
2012090400100652,2012년 9월 4일 22시,화요일,대전광역시 서구 탄방동,경상사고,0,0,1,0,차대사람 - 횡단중,보행자보호의무위반,습기,비,교차로 - 교차로안,승용,남,37세,상해없음,보행자,여,46세,경상
2012090400100683,2012년 9월 4일 23시,화요일,대전광역시 중구 산성동,경상사고,0,0,4,0,차대차 - 정면충돌,중앙선침범,습기,비,교차로 - 교차로안,승용,남,50세,상해없음,승용,남,35세,경상
2012090500100030,2012년 9월 5일 00시,수요일,대전광역시 서구 월평동,경상사고,0,0,3,0,차대차 - 측면직각충돌,교차로운행방법위반,건조,맑음,교차로 - 교차로안,승용,남,36세,경상,승용,남,39세,경상
2012090500100065,2012년 9월 5일 02시,수요일,대전광역시 중구 용두동,경상사고,0,0,2,0,차대차 - 추돌 - 주정차중,안전운전불이행,습기,비,교차로 - 교차로부근,승용,남,37세,상해없음,승용,남,31세,경상
2012090500100076,2012년 9월 5일 03시,수요일,대전광역시 유성구 봉명동,경상사고,0,0,4,0,차대차 - 측면직각충돌,교차로운행방법위반,건조,맑음,교차로 - 교차로안,승용,여,43세,상해없음,승용,남,31세,경상
2012090500100148,2012년 9월 5일 07시,수요일,대전광역시 서구 갈마동,경상사고,0,0,1,0,차대차 - 추돌 - 진행중,안전운전불이행,건조,맑음,교차로 - 교차로부근,승용,남,55세,상해없음,승용,여,51세,경상
2012090500100189,2012년 9월 5일 08시,수요일,대전광역시 서구 월평동,경상사고,0,0,1,0,차대차 - 측면직각충돌,신호위반,건조,맑음,교차로 - 교차로안,승용,남,67세,상해없음,화물,남,32세,경상
2012090500100222,2012년 9월 5일 09시,수요일,대전광역시 대덕구 신탄진동,경상사고,0,0,1,0,차대차 - 측면직각충돌,기타,건조,맑음,단일로 - 기타,승용,남,48세,상해없음,승용,여,32세,경상
2012090500100335,2012년 9월 5일 14시,수요일,대전광역시 동구 성남동,경상사고,0,0,1,0,차대사람 - 횡단중,안전운전불이행,건조,맑음,단일로 - 기타,승용,여,33세,상해없음,보행자,여,51세,경상
2012090500100336,2012년 9월 5일 14시,수요일,대전광역시 동구 인동,중상사고,0,1,0,0,차량단독 - 기타,기타,건조,맑음,단일로 - 기타,승용,남,64세,상해없음,,,,
2012090500100405,2012년 9월 5일 16시,수요일,대전광역시 대덕구 중리동,중상사고,0,1,0,0,차대사람 - 횡단중,기타,건조,맑음,단일로 - 기타,승용,남,65세,상해없음,보행자,남,9세,중상
2012090500100497,2012년 9월 5일 18시,수요일,대전광역시 동구 삼성동,중상사고,0,1,0,0,차대사람 - 횡단중,안전운전불이행,건조,맑음,단일로 - 기타,화물,남,49세,상해없음,보행자,여,75세,중상
2012090500100571,2012년 9월 5일 20시,수요일,대전광역시 유성구 봉명동,중상사고,0,1,0,0,차대차 - 기타,안전거리미확보,건조,맑음,단일로 - 기타,승용,여,35세,상해없음,원동기,남,33세,중상
2012090500100572,2012년 9월 5일 20시,수요일,대전광역시 유성구 교촌동,중상사고,0,1,2,0,차대차 - 측면직각충돌,중앙선침범,건조,맑음,교차로 - 교차로부근,승용,남,51세,상해없음,승용,여,49세,경상
2012090500100599,2012년 9월 5일 21시,수요일,대전광역시 동구 용운동,경상사고,0,0,1,0,차량단독 - 기타,기타,건조,맑음,단일로 - 기타,승합,남,43세,상해없음,,,,
2012090500100656,2012년 9월 5일 23시,수요일,대전광역시 서구 갈마동,경상사고,0,0,2,0,차대차 - 측면직각충돌,안전운전불이행,건조,맑음,단일로 - 기타,승용,남,55세,상해없음,승용,남,27세,경상
2012090600100021,2012년 9월 6일 00시,목요일,대전광역시 서구 월평동,경상사고,0,0,1,0,차대차 - 기타,차로위반,건조,맑음,단일로 - 기타,승용,남,23세,상해없음,승용,남,37세,경상
2012090600100069,2012년 9월 6일 04시,목요일,대전광역시 동구 자양동,경상사고,0,0,2,0,차대차 - 기타,안전운전불이행,건조,맑음,단일로 - 기타,승용,남,19세,상해없음,자전거,남,19세,경상
2012090600100070,2012년 9월 6일 04시,목요일,대전광역시 대덕구 문평동,중상사고,0,1,0,0,차대차 - 측면직각충돌,신호위반,습기,안개,교차로 - 교차로안,승용,남,42세,상해없음,승합,남,43세,중상
2012090600100139,2012년 9월 6일 07시,목요일,대전광역시 동구 삼성동,경상사고,0,0,2,0,차대차 - 추돌 - 주정차중,안전운전불이행,건조,맑음,미분류 - 미분류,승용,남,25세,상해없음,화물,남,40세,경상
2012090600100184,2012년 9월 6일 08시,목요일,대전광역시 동구 가오동,경상사고,0,0,1,0,차대차 - 측면직각충돌,신호위반,건조,맑음,교차로 - 교차로안,승용,남,57세,상해없음,승용,남,32세,상해없음
2012090600100279,2012년 9월 6일 11시,목요일,대전광역시 중구 산성동,경상사고,0,0,1,0,차대사람 - 길가장자리구역통행중,안전운전불이행,건조,맑음,단일로 - 기타,승용,여,29세,상해없음,보행자,여,54세,경상
2012090600100335,2012년 9월 6일 13시,목요일,대전광역시 서구 도안동,경상사고,0,0,2,0,차대차 - 추돌 - 진행중,신호위반,건조,맑음,교차로 - 교차로안,승용,남,62세,상해없음,승용,여,55세,경상
2012090600100370,2012년 9월 6일 14시,목요일,대전광역시 중구 중촌동,경상사고,0,0,1,0,차대차 - 측면직각충돌,신호위반,건조,맑음,교차로 - 교차로안,자전거,남,74세,경상,승용,남,64세,상해없음
2012090600100406,2012년 9월 6일 15시,목요일,대전광역시 중구 중촌동,중상사고,0,1,0,0,차대사람 - 횡단중,중앙선침범,건조,맑음,단일로 - 기타,승용,남,59세,상해없음,보행자,여,64세,중상
2012090600100407,2012년 9월 6일 15시,목요일,대전광역시 중구 대사동,경상사고,0,0,1,0,차대차 - 측면직각충돌,안전운전불이행,건조,맑음,교차로 - 교차로부근,승용,남,61세,상해없음,자전거,여,56세,경상
2012090600100408,2012년 9월 6일 15시,목요일,대전광역시 중구 중촌동,경상사고,0,0,1,0,차대사람 - 횡단중,안전운전불이행,건조,맑음,단일로 - 횡단보도부근,승용,여,49세,상해없음,보행자,여,9세,경상
2012090600100503,2012년 9월 6일 17시,목요일,대전광역시 서구 도마동,경상사고,0,0,3,0,차대차 - 기타,안전거리미확보,건조,맑음,단일로 - 기타,특수,남,38세,상해없음,승용,남,63세,경상
2012090600100504,2012년 9월 6일 17시,목요일,대전광역시 대덕구 오정동,경상사고,0,0,1,0,차대차 - 측면직각충돌,안전운전불이행,건조,맑음,교차로 - 교차로안,화물,남,42세,기타불명,화물,남,37세,경상
2012090600100505,2012년 9월 6일 17시,목요일,대전광역시 대덕구 오정동,중상사고,0,1,0,0,차대사람 - 횡단중,안전운전불이행,건조,맑음,교차로 - 교차로부근,화물,남,28세,상해없음,보행자,여,66세,중상
2012090600100506,2012년 9월 6일 17시,목요일,대전광역시 서구 둔산동,경상사고,0,0,1,0,차대차 - 추돌 - 진행중,안전운전불이행,건조,맑음,교차로 - 교차로안,승용,남,37세,상해없음,승용,남,33세,경상
2012090600100608,2012년 9월 6일 19시,목요일,대전광역시 대덕구 중리동,경상사고,0,0,1,0,차대차 - 추돌 - 진행중,안전운전불이행,건조,맑음,교차로 - 교차로안,화물,남,46세,상해없음,승용,남,58세,경상
2012090600100649,2012년 9월 6일 20시,목요일,대전광역시 대덕구 오정동,경상사고,0,0,3,0,차대차 - 측면직각충돌,신호위반,건조,맑음,교차로 - 교차로안,승용,남,34세,상해없음,승합,남,57세,경상
2012090600100683,2012년 9월 6일 21시,목요일,대전광역시 대덕구 비래동,중상사고,0,1,0,0,차량단독 - 전도전복,안전운전불이행,건조,맑음,단일로 - 기타,원동기,남,44세,상해없음,,,,
2012090600100684,2012년 9월 6일 21시,목요일,대전광역시 유성구 궁동,중상사고,0,1,0,0,차대사람 - 차도통행중,안전운전불이행,건조,흐림,단일로 - 기타,승용,남,24세,상해없음,보행자,남,23세,중상
2012090600100709,2012년 9월 6일 22시,목요일,대전광역시 중구 중촌동,중상사고,0,1,0,0,차대차 - 기타,안전운전불이행,건조,맑음,단일로 - 기타,자전거,여,19세,상해없음,자전거,남,37세,중상
2012090600100739,2012년 9월 6일 23시,목요일,대전광역시 대덕구 오정동,경상사고,0,0,1,0,차대사람 - 차도통행중,안전운전불이행,건조,맑음,단일로 - 기타,승용,남,28세,상해없음,보행자,남,20세,경상
2012090600100740,2012년 9월 6일 23시,목요일,대전광역시 유성구 복용동,경상사고,0,0,2,0,차대차 - 측면직각충돌,신호위반,건조,맑음,교차로 - 교차로안,승용,남,19세,상해없음,승용,남,40세,경상
2012090700100018,2012년 9월 7일 00시,금요일,대전광역시 유성구 궁동,경상사고,0,0,3,0,차대차 - 측면직각충돌,안전거리미확보,건조,맑음,단일로 - 기타,승용,남,30세,상해없음,승용,남,62세,경상
2012090700100033,2012년 9월 7일 01시,금요일,대전광역시 대덕구 송촌동,경상사고,0,0,1,0,차대사람 - 횡단중,안전운전불이행,건조,맑음,교차로 - 교차로안,승용,남,44세,상해없음,보행자,남,51세,경상
2012090700100130,2012년 9월 7일 07시,금요일,대전광역시 서구 괴정동,중상사고,0,1,0,0,차대차 - 측면직각충돌,신호위반,건조,맑음,교차로 - 교차로안,승용,여,55세,상해없음,승합,여,52세,중상
2012090700100162,2012년 9월 7일 08시,금요일,대전광역시 서구 괴정동,경상사고,0,0,1,0,차대차 - 측면직각충돌,신호위반,건조,맑음,교차로 - 교차로안,승용,남,23세,상해없음,승용,남,26세,경상
2012090700100163,2012년 9월 7일 08시,금요일,대전광역시 유성구 복용동,중상사고,0,1,1,0,차대차 - 정면충돌,중앙선침범,건조,맑음,단일로 - 기타,이륜,남,75세,중상,승용,여,27세,경상
2012090700100195,2012년 9월 7일 09시,금요일,대전광역시 중구 태평동,경상사고,0,0,1,0,차대차 - 측면직각충돌,교차로운행방법위반,건조,맑음,교차로 - 교차로안,승용,여,48세,상해없음,자전거,남,87세,경상
2012090700100196,2012년 9월 7일 09시,금요일,대전광역시 대덕구 신탄진동,중상사고,0,2,0,0,차대차 - 측면직각충돌,신호위반,건조,맑음,교차로 - 교차로안,승용,남,28세,상해없음,승용,여,54세,중상
2012090700100248,2012년 9월 7일 11시,금요일,대전광역시 서구 가장동,경상사고,0,0,1,0,차대사람 - 횡단중,보행자보호의무위반,건조,맑음,교차로 - 교차로부근,승용,남,64세,상해없음,보행자,남,77세,경상
2012090700100280,2012년 9월 7일 12시,금요일,대전광역시 중구 대흥동,중상사고,0,1,0,0,차대사람 - 기타,안전운전불이행,건조,맑음,단일로 - 기타,승용,남,48세,상해없음,보행자,남,62세,중상
2012090700100281,2012년 9월 7일 12시,금요일,대전광역시 동구 세천동,경상사고,0,0,1,0,차대차 - 측면직각충돌,안전거리미확보,건조,맑음,단일로 - 기타,승용,남,64세,상해없음,승합,남,49세,경상
2012090700100371,2012년 9월 7일 15시,금요일,대전광역시 중구 옥계동,중상사고,0,1,0,0,차대사람 - 기타,안전운전불이행,건조,맑음,단일로 - 기타,건설기계,남,43세,상해없음,보행자,남,78세,중상
2012090700100401,2012년 9월 7일 16시,금요일,대전광역시 유성구 반석동,경상사고,0,0,1,0,차대차 - 측면직각충돌,안전운전불이행,건조,맑음,교차로 - 교차로부근,승용,여,26세,경상,승용,남,29세,상해없음
2012090700100447,2012년 9월 7일 17시,금요일,대전광역시 서구 용문동,경상사고,0,0,3,0,차대차 - 기타,안전거리미확보,건조,맑음,단일로 - 기타,승용,여,52세,경상,승용,남,50세,경상
2012090700100572,2012년 9월 7일 20시,금요일,대전광역시 대덕구 석봉동,경상사고,0,0,1,0,차대차 - 측면직각충돌,안전운전불이행,건조,맑음,교차로 - 교차로안,승용,남,54세,상해없음,이륜,남,34세,경상
2012090700100573,2012년 9월 7일 20시,금요일,대전광역시 서구 둔산동,중상사고,0,1,1,0,차대차 - 추돌 - 진행중,안전거리미확보,습기,비,교차로 - 교차로부근,승용,남,62세,상해없음,승용,남,49세,경상
2012090700100604,2012년 9월 7일 21시,금요일,대전광역시 유성구 원내동,중상사고,0,1,0,0,차대사람 - 기타,안전운전불이행,건조,흐림,교차로 - 교차로부근,이륜,남,17세,상해없음,보행자,남,15세,중상
2012090700100641,2012년 9월 7일 22시,금요일,대전광역시 중구 오류동,경상사고,0,0,1,0,차대차 - 추돌 - 주정차중,안전운전불이행,습기,비,단일로 - 기타,이륜,남,19세,상해없음,승용,남,23세,경상
2012090700100642,2012년 9월 7일 22시,금요일,대전광역시 유성구 관평동,중상사고,0,1,1,0,차대차 - 추돌 - 진행중,중앙선침범,습기,비,교차로 - 교차로안,승용,남,35세,상해없음,승용,남,39세,경상
2012090700100643,2012년 9월 7일 22시,금요일,대전광역시 유성구 상대동,중상사고,0,1,0,0,차대차 - 추돌 - 진행중,신호위반,습기,비,단일로 - 횡단보도상,승용,남,46세,상해없음,자전거,남,14세,중상
2012090700100682,2012년 9월 7일 23시,금요일,대전광역시 서구 용문동,경상사고,0,0,1,0,차대차 - 추돌 - 진행중,안전운전불이행,습기,비,단일로 - 기타,승용,남,42세,기타불명,승용,남,33세,경상
2012090800100058,2012년 9월 8일 00시,토요일,대전광역시 대덕구 목상동,중상사고,0,1,0,0,차대차 - 기타,신호위반,습기,비,교차로 - 교차로안,승용,여,44세,상해없음,이륜,남,49세,중상
2012090800100059,2012년 9월 8일 00시,토요일,대전광역시 유성구 궁동,경상사고,0,0,2,0,차대차 - 추돌 - 진행중,안전운전불이행,습기,비,교차로 - 교차로안,승용,남,24세,상해없음,승용,남,53세,경상
2012090800100060,2012년 9월 8일 00시,토요일,대전광역시 유성구 관평동,중상사고,0,1,1,0,차대차 - 추돌 - 진행중,교차로운행방법위반,습기,비,교차로 - 교차로안,승용,남,43세,상해없음,승용,여,54세,중상
2012090800100061,2012년 9월 8일 00시,토요일,대전광역시 서구 갈마동,경상사고,0,0,1,0,차대차 - 추돌 - 진행중,안전운전불이행,습기,비,교차로 - 교차로부근,승용,남,57세,상해없음,승용,여,25세,경상
2012090800100114,2012년 9월 8일 01시,토요일,대전광역시 유성구 반석동,중상사고,0,1,0,0,차대사람 - 횡단중,보행자보호의무위반,습기,비,교차로 - 교차로안,승용,남,48세,상해없음,보행자,남,25세,중상
2012090800100148,2012년 9월 8일 02시,토요일,대전광역시 중구 석교동,경상사고,0,0,1,0,차대차 - 측면직각충돌,교차로운행방법위반,건조,맑음,교차로 - 교차로안,승합,남,47세,상해없음,승용,여,50세,경상
2012090800100149,2012년 9월 8일 02시,토요일,대전광역시 대덕구 오정동,경상사고,0,0,1,0,차대차 - 측면직각충돌,안전운전불이행,습기,비,교차로 - 교차로안,승용,남,21세,상해없음,승용,남,64세,경상
2012090800100174,2012년 9월 8일 03시,토요일,대전광역시 서구 갈마동,중상사고,0,2,2,0,차대차 - 추돌 - 주정차중,안전운전불이행,습기,비,교차로 - 교차로부근,승용,남,32세,상해없음,승용,남,31세,중상
2012090800100231,2012년 9월 8일 06시,토요일,대전광역시 동구 정동,경상사고,0,0,1,0,차대사람 - 길가장자리구역통행중,안전운전불이행,건조,흐림,단일로 - 기타,승용,기타불명,기타불명,기타불명,보행자,여,65세,경상
2012090800100247,2012년 9월 8일 07시,토요일,대전광역시 유성구 관평동,경상사고,0,0,1,0,차량단독 - 기타,안전운전불이행,습기,흐림,단일로 - 기타,승합,남,46세,상해없음,,,,
2012090800100316,2012년 9월 8일 10시,토요일,대전광역시 유성구 반석동,중상사고,0,1,2,0,차대차 - 기타,안전거리미확보,건조,맑음,교차로 - 교차로부근,승용,여,36세,경상,승용,남,61세,중상
2012090800100405,2012년 9월 8일 13시,토요일,대전광역시 서구 월평동,경상사고,0,0,1,0,차대차 - 측면직각충돌,안전운전불이행,건조,맑음,교차로 - 교차로안,승용,남,24세,상해없음,승용,남,53세,상해없음
2012090800100433,2012년 9월 8일 14시,토요일,대전광역시 서구 월평동,경상사고,0,0,1,0,차대차 - 기타,신호위반,건조,맑음,단일로 - 횡단보도상,승용,남,52세,상해없음,이륜,남,36세,경상
2012090800100473,2012년 9월 8일 15시,토요일,대전광역시 유성구 관평동,경상사고,0,0,2,0,차대차 - 추돌 - 진행중,안전운전불이행,건조,맑음,교차로 - 교차로부근,승용,여,53세,상해없음,승용,여,50세,경상
2012090800100520,2012년 9월 8일 16시,토요일,대전광역시 서구 도마동,경상사고,0,0,1,0,차대차 - 측면직각충돌,신호위반,건조,맑음,교차로 - 교차로안,승용,여,35세,상해없음,승용,남,53세,경상
2012090800100556,2012년 9월 8일 17시,토요일,대전광역시 중구 오류동,경상사고,0,0,2,0,차대차 - 추돌 - 주정차중,안전운전불이행,건조,맑음,단일로 - 기타,승용,남,29세,상해없음,승용,남,45세,상해없음
2012090800100557,2012년 9월 8일 17시,토요일,대전광역시 서구 정림동,중상사고,0,1,0,0,차대사람 - 기타,안전운전불이행,기타,기타,단일로 - 기타,자전거,남,11세,상해없음,보행자,남,68세,중상
2012090800100558,2012년 9월 8일 17시,토요일,대전광역시 서구 괴정동,경상사고,0,0,1,0,차대차 - 추돌 - 진행중,안전거리미확보,기타,기타,단일로 - 기타,승합,남,44세,상해없음,화물,남,38세,경상
2012090800100684,2012년 9월 8일 21시,토요일,대전광역시 동구 대성동,중상사고,0,1,0,0,차량단독 - 전도전복,안전운전불이행,건조,맑음,단일로 - 기타,원동기,남,24세,상해없음,,,,
2012090800100685,2012년 9월 8일 21시,토요일,대전광역시 대덕구 법동,경상사고,0,0,3,0,차대차 - 측면직각충돌,안전운전불이행,건조,맑음,단일로 - 기타,승용,남,40세,상해없음,승용,남,37세,경상
2012090800100710,2012년 9월 8일 22시,토요일,대전광역시 중구 은행동,경상사고,0,0,1,0,차대차 - 기타,중앙선침범,건조,맑음,단일로 - 기타,승합,기타불명,기타불명,기타불명,승용,여,46세,경상
2012090800100737,2012년 9월 8일 23시,토요일,대전광역시 서구 월평동,경상사고,0,0,1,0,차대차 - 측면직각충돌,기타,건조,맑음,교차로 - 교차로안,기타불명,기타불명,기타불명,기타불명,승용,여,59세,경상
2012090900100026,2012년 9월 9일 00시,일요일,대전광역시 서구 갈마동,경상사고,0,0,1,0,차대차 - 추돌 - 진행중,중앙선침범,건조,흐림,단일로 - 기타,승용,남,47세,상해없음,승용,남,32세,경상
2012090900100069,2012년 9월 9일 02시,일요일,대전광역시 중구 선화동,중상사고,0,1,0,0,차대차 - 추돌 - 주정차중,안전운전불이행,건조,맑음,단일로 - 기타,승용,남,22세,중상,화물,여,43세,기타불명
2012090900100070,2012년 9월 9일 02시,일요일,대전광역시 동구 정동,중상사고,0,1,1,0,차대차 - 추돌 - 주정차중,안전운전불이행,건조,맑음,교차로 - 교차로부근,승용,남,22세,중상,승용,남,50세,경상
2012090900100071,2012년 9월 9일 02시,일요일,대전광역시 동구 삼성동,중상사고,0,3,0,0,차대차 - 측면직각충돌,신호위반,건조,맑음,교차로 - 교차로안,승용,남,34세,상해없음,승용,남,37세,중상
2012090900100121,2012년 9월 9일 05시,일요일,대전광역시 서구 용문동,경상사고,0,0,1,0,차대사람 - 기타,안전운전불이행,건조,맑음,단일로 - 기타,승용,기타불명,기타불명,기타불명,보행자,남,16세,경상
2012090900100309,2012년 9월 9일 14시,일요일,대전광역시 대덕구 법동,부상신고사고,0,0,0,1,차대사람 - 횡단중,신호위반,건조,흐림,단일로 - 횡단보도상,화물,남,60세,상해없음,보행자,남,52세,부상신고