사고번호,사고일시,요일,시군구,사고내용,사망자수,중상자수,경상자수,부상신고자수,사고유형,법규위반,노면상태,기상상태,도로형태,가해운전자 차종,가해운전자 성별,가해운전자 연령,가해운전자 상해정도,피해운전자 차종,피해운전자 성별,피해운전자 연령,피해운전자 상해정도
2012090900100341,2012년 9월 9일 15시,일요일,대전광역시 중구 문화동,경상사고,0,0,1,0,차대차 - 추돌 - 진행중,안전거리미확보,건조,맑음,교차로 - 교차로부근,승용,남,30세,상해없음,승용,남,54세,상해없음
2012090900100342,2012년 9월 9일 15시,일요일,대전광역시 중구 태평동,경상사고,0,0,1,0,차대차 - 측면직각충돌,신호위반,습기,흐림,교차로 - 교차로안,승용,여,57세,상해없음,이륜,남,20세,경상
2012090900100401,2012년 9월 9일 17시,일요일,대전광역시 서구 둔산동,중상사고,0,1,0,0,차대사람 - 횡단중,안전운전불이행,건조,맑음,단일로 - 기타,승용,남,31세,상해없음,보행자,여,16세,중상
2012090900100472,2012년 9월 9일 19시,일요일,대전광역시 서구 가수원동,경상사고,0,0,13,1,차대차 - 추돌 - 진행중,안전운전불이행,건조,흐림,단일로 - 기타,승합,남,55세,상해없음,승용,여,44세,경상
2012090900100473,2012년 9월 9일 19시,일요일,대전광역시 서구 둔산동,경상사고,0,0,1,0,차대차 - 측면직각충돌,신호위반,건조,흐림,교차로 - 교차로안,승용,남,52세,상해없음,승용,남,56세,경상
2012090900100495,2012년 9월 9일 20시,일요일,대전광역시 서구 복수동,경상사고,0,0,3,0,차대차 - 추돌 - 진행중,교차로운행방법위반,건조,기타,교차로 - 교차로안,승용,남,24세,상해없음,승합,남,49세,경상
2012090900100533,2012년 9월 9일 21시,일요일,대전광역시 서구 괴정동,경상사고,0,0,1,0,차대사람 - 기타,안전운전불이행,건조,기타,단일로 - 기타,승용,여,30세,상해없음,보행자,남,44세,경상
2012090900100552,2012년 9월 9일 22시,일요일,대전광역시 동구 용전동,경상사고,0,0,1,0,차대차 - 추돌 - 진행중,안전운전불이행,건조,맑음,교차로 - 교차로안,승용,남,65세,상해없음,승용,남,31세,경상
2012091000100044,2012년 9월 10일 03시,월요일,대전광역시 서구 도마동,중상사고,0,1,1,0,차대차 - 측면직각충돌,직진우회전진행방해,습기,흐림,교차로 - 교차로안,이륜,남,31세,중상,승용,남,55세,경상
2012091000100100,2012년 9월 10일 07시,월요일,대전광역시 동구 소제동,경상사고,0,0,2,0,차대차 - 측면직각충돌,신호위반,건조,맑음,교차로 - 교차로안,승용,여,40세,상해없음,승용,남,62세,경상
2012091000100176,2012년 9월 10일 09시,월요일,대전광역시 서구 갈마동,경상사고,0,0,2,0,차대차 - 추돌 - 진행중,안전운전불이행,건조,맑음,단일로 - 기타,승용,남,39세,상해없음,승용,남,60세,경상
2012091000100196,2012년 9월 10일 10시,월요일,대전광역시 동구 원동,중상사고,0,1,0,0,차대사람 - 횡단중,보행자보호의무위반,건조,맑음,단일로 - 횡단보도상,화물,남,57세,상해없음,보행자,여,56세,중상
2012091000100281,2012년 9월 10일 13시,월요일,대전광역시 서구 둔산동,중상사고,0,1,0,0,차대사람 - 기타,안전운전불이행,건조,맑음,교차로 - 교차로안,이륜,기타불명,기타불명,기타불명,보행자,남,17세,중상
2012091000100310,2012년 9월 10일 14시,월요일,대전광역시 대덕구 오정동,중상사고,0,1,0,0,차대차 - 측면직각충돌,교차로운행방법위반,건조,맑음,교차로 - 교차로부근,승용,남,58세,상해없음,이륜,남,61세,중상
2012091000100409,2012년 9월 10일 17시,월요일,대전광역시 서구 탄방동,경상사고,0,0,1,0,차량단독 - 기타,안전거리미확보,건조,맑음,교차로 - 교차로부근,승합,남,47세,상해없음,,,,
2012091000100558,2012년 9월 10일 21시,월요일,대전광역시 중구 대흥동,중상사고,0,1,0,0,차대차 - 측면직각충돌,안전운전불이행,건조,맑음,단일로 - 기타,승용,남,61세,상해없음,승용,남,52세,상해없음
2012091000100620,2012년 9월 10일 23시,월요일,대전광역시 유성구 지족동,중상사고,0,1,0,0,차대차 - 기타,안전운전불이행,건조,맑음,단일로 - 기타,승용,남,29세,상해없음,이륜,남,33세,중상
2012091100100021,2012년 9월 11일 00시,화요일,대전광역시 서구 탄방동,중상사고,0,1,0,0,차대사람 - 기타,안전운전불이행,건조,맑음,단일로 - 기타,승용,남,34세,상해없음,보행자,남,36세,중상
2012091100100041,2012년 9월 11일 01시,화요일,대전광역시 서구 갈마동,중상사고,0,1,2,0,차대차 - 측면직각충돌,안전운전불이행,건조,맑음,단일로 - 기타,승용,남,28세,상해없음,승용,남,35세,경상
2012091100100086,2012년 9월 11일 05시,화요일,대전광역시 서구 둔산동,중상사고,0,1,0,0,차대차 - 측면직각충돌,신호위반,건조,맑음,교차로 - 교차로안,승용,기타불명,기타불명,기타불명,승용,남,63세,중상
2012091100100103,2012년 9월 11일 06시,화요일,대전광역시 서구 도마동,경상사고,0,0,1,0,차대사람 - 기타,기타,건조,맑음,단일로 - 기타,승합,남,57세,상해없음,보행자,여,52세,경상
2012091100100128,2012년 9월 11일 07시,화요일,대전광역시 유성구 덕명동,경상사고,0,0,1,0,차대차 - 기타,신호위반,건조,맑음,교차로 - 교차로안,승용,여,45세,상해없음,승용,여,51세,경상
2012091100100180,2012년 9월 11일 08시,화요일,대전광역시 유성구 노은동,경상사고,0,0,1,0,차대차 - 기타,안전운전불이행,건조,맑음,단일로 - 기타,승용,남,33세,상해없음,승용,여,31세,경상
2012091100100292,2012년 9월 11일 12시,화요일,대전광역시 동구 판암동,중상사고,0,1,1,0,차대차 - 추돌 - 주정차중,안전거리미확보,건조,맑음,단일로 - 횡단보도부근,화물,남,32세,상해없음,화물,여,61세,경상
2012091100100384,2012년 9월 11일 15시,화요일,대전광역시 중구 석교동,중상사고,0,1,0,0,차대차 - 측면직각충돌,신호위반,건조,맑음,교차로 - 교차로안,승용,여,67세,상해없음,원동기,남,57세,중상
2012091100100507,2012년 9월 11일 19시,화요일,대전광역시 서구 월평동,중상사고,0,1,0,0,차대차 - 기타,중앙선침범,건조,맑음,단일로 - 기타,승용,남,56세,상해없음,자전거,여,23세,중상
2012091100100574,2012년 9월 11일 21시,화요일,대전광역시 유성구 송강동,경상사고,0,0,1,0,차대차 - 기타,안전운전불이행,건조,맑음,단일로 - 횡단보도부근,기타불명,기타불명,기타불명,기타불명,자전거,남,15세,경상
2012091200100036,2012년 9월 12일 02시,수요일,대전광역시 중구 선화동,경상사고,0,0,1,0,차대차 - 기타,안전운전불이행,건조,맑음,단일로 - 기타,승용,남,31세,상해없음,승용,남,55세,경상
2012091200100037,2012년 9월 12일 02시,수요일,대전광역시 유성구 봉명동,경상사고,0,0,1,0,차대차 - 기타,안전운전불이행,건조,맑음,단일로 - 기타,승용,남,47세,상해없음,승용,남,58세,경상
2012091200100048,2012년 9월 12일 03시,수요일,대전광역시 서구 갈마동,경상사고,0,0,5,0,차대차 - 추돌 - 주정차중,안전운전불이행,건조,맑음,단일로 - 기타,승용,남,29세,상해없음,승용,남,49세,상해없음
2012091200100069,2012년 9월 12일 05시,수요일,대전광역시 중구 사정동,중상사고,0,1,0,0,차대차 - 측면직각충돌,신호위반,건조,맑음,교차로 - 교차로안,건설기계,남,45세,상해없음,화물,남,53세,중상
2012091200100111,2012년 9월 12일 07시,수요일,대전광역시 유성구 구암동,중상사고,0,1,0,0,차대사람 - 횡단중,안전운전불이행,건조,맑음,단일로 - 기타,승용,여,49세,상해없음,보행자,여,22세,중상
2012091200100146,2012년 9월 12일 08시,수요일,대전광역시 서구 가장동,경상사고,0,0,1,0,차대차 - 측면직각충돌,안전거리미확보,건조,맑음,교차로 - 교차로부근,승용,남,60세,상해없음,승용,남,30세,경상
2012091200100147,2012년 9월 12일 08시,수요일,대전광역시 서구 월평동,경상사고,0,0,2,0,차대차 - 측면직각충돌,안전운전불이행,건조,맑음,단일로 - 기타,승용,남,80세,상해없음,승용,남,28세,경상
2012091200100169,2012년 9월 12일 09시,수요일,대전광역시 유성구 관평동,중상사고,0,1,1,0,차대차 - 측면직각충돌,안전거리미확보,습기,비,단일로 - 기타,승용,여,52세,상해없음,승용,남,40세,중상
2012091200100190,2012년 9월 12일 10시,수요일,대전광역시 대덕구 법동,중상사고,0,1,0,0,차대사람 - 차도통행중,안전운전불이행,건조,맑음,교차로 - 교차로안,승합,여,41세,상해없음,보행자,남,79세,중상
2012091200100220,2012년 9월 12일 12시,수요일,대전광역시 중구 선화동,경상사고,0,0,1,0,차대차 - 측면직각충돌,안전거리미확보,건조,맑음,단일로 - 기타,승용,남,52세,상해없음,승용,여,53세,경상
2012091200100405,2012년 9월 12일 18시,수요일,대전광역시 중구 태평동,경상사고,0,0,1,0,차대사람 - 기타,안전운전불이행,건조,맑음,단일로 - 기타,승용,여,28세,상해없음,보행자,남,54세,경상
2012091200100448,2012년 9월 12일 19시,수요일,대전광역시 서구 관저동,경상사고,0,0,3,0,차대차 - 정면충돌,안전운전불이행,건조,맑음,교차로 - 교차로안,승용,여,41세,상해없음,승용,남,23세,경상
2012091200100449,2012년 9월 12일 19시,수요일,대전광역시 서구 만년동,경상사고,0,0,1,0,차대차 - 측면직각충돌,중앙선침범,건조,흐림,교차로 - 교차로부근,승용,남,45세,상해없음,승용,여,26세,경상
2012091200100487,2012년 9월 12일 20시,수요일,대전광역시 대덕구 덕암동,중상사고,0,1,0,0,차대차 - 측면직각충돌,교차로운행방법위반,건조,맑음,교차로 - 교차로부근,승용,남,48세,상해없음,이륜,남,34세,중상
2012091200100573,2012년 9월 12일 23시,수요일,대전광역시 중구 대흥동,경상사고,0,0,1,0,차대차 - 추돌 - 주정차중,안전운전불이행,건조,맑음,단일로 - 기타,승용,남,52세,상해없음,승용,여,24세,경상
2012091200100574,2012년 9월 12일 23시,수요일,대전광역시 서구 만년동,경상사고,0,0,1,0,차대차 - 측면직각충돌,안전운전불이행,건조,맑음,단일로 - 기타,승용,여,43세,상해없음,승용,여,45세,경상
2012091300100030,2012년 9월 13일 01시,목요일,대전광역시 유성구 구암동,중상사고,0,1,2,0,차대차 - 추돌 - 진행중,안전거리미확보,건조,맑음,교차로 - 교차로부근,화물,남,42세,상해없음,화물,남,36세,중상
2012091300100038,2012년 9월 13일 02시,목요일,대전광역시 대덕구 덕암동,경상사고,0,0,2,0,차대차 - 측면직각충돌,안전운전불이행,건조,맑음,교차로 - 교차로안,승용,남,30세,기타불명,승용,남,21세,경상
2012091300100048,2012년 9월 13일 03시,목요일,대전광역시 동구 자양동,경상사고,0,0,1,0,차대차 - 정면충돌,중앙선침범,건조,맑음,단일로 - 기타,승용,남,42세,상해없음,승용,남,65세,경상
2012091300100206,2012년 9월 13일 09시,목요일,대전광역시 대덕구 신탄진동,중상사고,0,1,2,0,차대차 - 기타,안전운전불이행,습기,비,단일로 - 기타,이륜,남,76세,경상,승용,여,45세,경상
2012091300100207,2012년 9월 13일 09시,목요일,대전광역시 유성구 궁동,경상사고,0,0,7,0,차대차 - 측면직각충돌,안전거리미확보,습기,비,교차로 - 교차로부근,승용,남,71세,경상,화물,남,21세,경상
2012091300100315,2012년 9월 13일 13시,목요일,대전광역시 동구 용전동,중상사고,0,1,0,0,차대차 - 기타,차로위반,습기,비,단일로 - 기타,승용,남,47세,상해없음,원동기,남,67세,중상
2012091300100316,2012년 9월 13일 13시,목요일,대전광역시 대덕구 비래동,경상사고,0,0,3,0,차대차 - 추돌 - 진행중,안전운전불이행,건조,맑음,교차로 - 교차로부근,승용,남,62세,상해없음,승용,남,56세,경상
2012091300100367,2012년 9월 13일 15시,목요일,대전광역시 중구 중촌동,경상사고,0,0,1,0,차량단독 - 기타,기타,건조,맑음,단일로 - 기타,승합,남,52세,상해없음,,,,
2012091300100368,2012년 9월 13일 15시,목요일,대전광역시 서구 갈마동,경상사고,0,0,9,0,차대차 - 측면직각충돌,신호위반,건조,맑음,교차로 - 교차로안,승용,남,21세,상해없음,승합,남,57세,경상
2012091300100403,2012년 9월 13일 16시,목요일,대전광역시 동구 용운동,경상사고,0,0,2,0,차대차 - 측면직각충돌,중앙선침범,습기,비,단일로 - 기타,승용,남,36세,상해없음,승용,남,38세,경상
2012091300100432,2012년 9월 13일 17시,목요일,대전광역시 유성구 관평동,경상사고,0,0,3,0,차대차 - 측면직각충돌,안전운전불이행,건조,흐림,교차로 - 교차로부근,승용,여,41세,상해없음,승용,여,34세,경상
2012091300100468,2012년 9월 13일 18시,목요일,대전광역시 서구 내동,중상사고,0,1,0,0,차대사람 - 횡단중,안전운전불이행,습기,맑음,단일로 - 기타,승용,여,29세,기타불명,보행자,남,10세,중상
2012091300100516,2012년 9월 13일 19시,목요일,대전광역시 중구 오류동,경상사고,0,0,1,0,차대차 - 측면직각충돌,안전거리미확보,건조,맑음,단일로 - 기타,승용,남,19세,상해없음,승용,남,26세,경상
2012091300100517,2012년 9월 13일 19시,목요일,대전광역시 서구 가장동,경상사고,0,0,1,0,차대차 - 정면충돌,신호위반,습기,비,교차로 - 교차로안,화물,남,47세,상해없음,승용,여,49세,경상
2012091300100552,2012년 9월 13일 20시,목요일,대전광역시 서구 월평동,경상사고,0,0,1,0,차대차 - 기타,안전운전불이행,건조,흐림,교차로 - 교차로안,승용,남,27세,상해없음,승합,남,49세,경상
2012091300100596,2012년 9월 13일 21시,목요일,대전광역시 서구 둔산동,경상사고,0,0,2,0,차대차 - 추돌 - 주정차중,안전운전불이행,습기,맑음,교차로 - 교차로부근,승용,여,65세,상해없음,승용,남,29세,경상
2012091300100674,2012년 9월 13일 23시,목요일,대전광역시 서구 월평동,경상사고,0,0,1,0,차대차 - 추돌 - 진행중,안전운전불이행,습기,비,교차로 - 교차로안,승용,남,35세,상해없음,승용,남,34세,경상
2012091400100026,2012년 9월 14일 00시,금요일,대전광역시 동구 가양동,경상사고,0,0,1,0,차대사람 - 기타,안전운전불이행,습기,비,단일로 - 기타,승용,남,47세,상해없음,보행자,여,74세,경상
2012091400100027,2012년 9월 14일 00시,금요일,대전광역시 유성구 봉명동,중상사고,0,1,0,0,차대차 - 기타,교차로운행방법위반,습기,비,교차로 - 교차로안,승용,남,32세,상해없음,승용,남,58세,중상
2012091400100047,2012년 9월 14일 01시,금요일,대전광역시 중구 용두동,경상사고,0,0,3,0,차대차 - 추돌 - 주정차중,안전운전불이행,습기,비,교차로 - 교차로부근,승용,남,30세,상해없음,승용,남,50세,경상
2012091400100048,2012년 9월 14일 01시,금요일,대전광역시 서구 복수동,경상사고,0,0,2,0,차대차 - 측면직각충돌,신호위반,건조,맑음,교차로 - 교차로안,승용,여,47세,상해없음,승용,남,57세,경상
2012091400100049,2012년 9월 14일 01시,금요일,대전광역시 유성구 봉명동,경상사고,0,0,1,0,차대차 - 추돌 - 주정차중,안전운전불이행,건조,흐림,단일로 - 기타,승용,남,30세,상해없음,승용,남,60세,경상
2012091400100071,2012년 9월 14일 02시,금요일,대전광역시 서구 도마동,경상사고,0,0,1,0,차대차 - 측면직각충돌,신호위반,습기,흐림,교차로 - 교차로안,승용,남,32세,상해없음,승용,남,53세,경상
2012091400100072,2012년 9월 14일 02시,금요일,대전광역시 유성구 덕명동,경상사고,0,0,4,0,차대차 - 기타,신호위반,습기,비,교차로 - 교차로안,승용,남,55세,경상,승용,여,51세,경상
2012091400100083,2012년 9월 14일 03시,금요일,대전광역시 동구 용전동,경상사고,0,0,2,0,차대차 - 추돌 - 진행중,안전운전불이행,습기,비,교차로 - 교차로부근,화물,남,31세,상해없음,승용,남,60세,경상
2012091400100194,2012년 9월 14일 08시,금요일,대전광역시 대덕구 오정동,중상사고,0,1,0,0,차대차 - 측면직각충돌,안전운전불이행,건조,맑음,단일로 - 기타,승용,남,54세,상해없음,자전거,남,65세,중상
2012091400100397,2012년 9월 14일 15시,금요일,대전광역시 유성구 궁동,경상사고,0,0,2,0,차대차 - 측면직각충돌,교차로운행방법위반,건조,맑음,교차로 - 교차로안,승용,남,32세,상해없음,승용,남,47세,경상
2012091400100476,2012년 9월 14일 17시,금요일,대전광역시 중구 대사동,경상사고,0,0,1,0,차량단독 - 기타,안전거리미확보,습기,비,단일로 - 기타,승합,남,52세,상해없음,,,,
2012091400100512,2012년 9월 14일 18시,금요일,대전광역시 중구 오류동,경상사고,0,0,1,0,차대차 - 기타,안전운전불이행,습기,비,단일로 - 기타,승용,여,28세,상해없음,승용,여,43세,경상
2012091400100513,2012년 9월 14일 18시,금요일,대전광역시 서구 갈마동,경상사고,0,0,1,0,차대차 - 측면직각충돌,안전운전불이행,건조,맑음,단일로 - 기타,승용,남,48세,상해없음,승용,남,28세,경상
2012091400100574,2012년 9월 14일 19시,금요일,대전광역시 서구 월평동,경상사고,0,0,1,0,차대차 - 기타,중앙선침범,습기,비,교차로 - 교차로부근,승용,남,47세,상해없음,승용,남,33세,상해없음
2012091400100575,2012년 9월 14일 19시,금요일,대전광역시 서구 갈마동,중상사고,0,1,0,0,차대사람 - 길가장자리구역통행중,안전운전불이행,건조,맑음,단일로 - 기타,승용,남,52세,상해없음,보행자,여,62세,중상
2012091400100609,2012년 9월 14일 20시,금요일,대전광역시 중구 사정동,경상사고,0,0,1,0,차대사람 - 횡단중,보행자보호의무위반,건조,맑음,단일로 - 횡단보도상,승용,남,30세,상해없음,보행자,남,44세,경상
2012091400100610,2012년 9월 14일 20시,금요일,대전광역시 유성구 궁동,중상사고,0,2,0,0,차대차 - 측면직각충돌,신호위반,습기,비,교차로 - 교차로안,승용,여,53세,중상,이륜,남,23세,중상
2012091400100611,2012년 9월 14일 20시,금요일,대전광역시 유성구 송정동,경상사고,0,0,2,0,차대차 - 추돌 - 주정차중,안전운전불이행,습기,비,단일로 - 기타,승용,남,55세,상해없음,승용,남,48세,경상
2012091400100612,2012년 9월 14일 20시,금요일,대전광역시 유성구 봉명동,경상사고,0,0,1,0,차대차 - 측면직각충돌,중앙선침범,건조,맑음,단일로 - 기타,승용,남,28세,상해없음,승용,남,30세,경상
2012091400100657,2012년 9월 14일 21시,금요일,대전광역시 중구 오류동,경상사고,0,0,1,0,차대차 - 추돌 - 진행중,안전운전불이행,습기,비,단일로 - 기타,승용,남,66세,상해없음,승용,남,50세,경상
2012091400100658,2012년 9월 14일 21시,금요일,대전광역시 동구 천동,경상사고,0,0,1,0,차대차 - 측면직각충돌,교차로운행방법위반,습기,비,교차로 - 교차로안,승용,여,63세,상해없음,승용,남,56세,경상
2012091400100659,2012년 9월 14일 21시,금요일,대전광역시 유성구 관평동,경상사고,0,0,1,0,차대차 - 측면직각충돌,신호위반,습기,비,교차로 - 교차로안,승용,남,37세,상해없음,화물,남,33세,경상
2012091400100695,2012년 9월 14일 22시,금요일,대전광역시 동구 자양동,경상사고,0,0,1,0,차대차 - 정면충돌,안전운전불이행,건조,맑음,교차로 - 교차로부근,승용,남,34세,상해없음,승용,여,36세,경상
2012091400100696,2012년 9월 14일 22시,금요일,대전광역시 서구 복수동,경상사고,0,0,1,0,차대차 - 추돌 - 진행중,안전운전불이행,건조,맑음,단일로 - 기타,승용,기타불명,기타불명,기타불명,이륜,남,58세,경상
2012091400100697,2012년 9월 14일 22시,금요일,대전광역시 서구 갈마동,경상사고,0,0,1,0,차대차 - 추돌 - 주정차중,안전거리미확보,습기,비,단일로 - 기타,승용,남,50세,상해없음,승용,여,34세,경상
2012091400100732,2012년 9월 14일 23시,금요일,대전광역시 동구 삼성동,중상사고,0,1,0,0,차대사람 - 차도통행중,안전운전불이행,습기,비,단일로 - 기타,승용,남,36세,상해없음,보행자,여,20세,중상
2012091500100034,2012년 9월 15일 00시,토요일,대전광역시 서구 정림동,경상사고,0,0,1,0,차대사람 - 기타,안전운전불이행,습기,비,교차로 - 교차로부근,승용,남,39세,상해없음,보행자,남,23세,경상
2012091500100035,2012년 9월 15일 00시,토요일,대전광역시 서구 괴정동,경상사고,0,0,1,0,차대사람 - 기타,안전운전불이행,습기,비,단일로 - 기타,승용,남,27세,상해없음,보행자,남,17세,경상
2012091500100036,2012년 9월 15일 00시,토요일,대전광역시 서구 괴정동,중상사고,0,1,0,0,차대사람 - 기타,보행자보호의무위반,건조,맑음,단일로 - 횡단보도상,승용,남,39세,상해없음,보행자,여,46세,중상
2012091500100037,2012년 9월 15일 00시,토요일,대전광역시 서구 둔산동,경상사고,0,0,2,0,차대차 - 추돌 - 주정차중,안전운전불이행,습기,비,교차로 - 교차로부근,승용,남,22세,상해없음,승용,남,30세,경상
2012091500100090,2012년 9월 15일 02시,토요일,대전광역시 유성구 도룡동,중상사고,0,1,2,0,차대차 - 측면직각충돌,안전운전불이행,습기,비,교차로 - 교차로안,승용,남,25세,상해없음,승용,남,55세,중상
2012091500100122,2012년 9월 15일 04시,토요일,대전광역시 유성구 궁동,경상사고,0,0,2,0,차대사람 - 차도통행중,안전운전불이행,건조,맑음,단일로 - 기타,승용,남,62세,상해없음,보행자,남,27세,경상
2012091500100212,2012년 9월 15일 08시,토요일,대전광역시 서구 도마동,경상사고,0,0,1,0,차대차 - 측면직각충돌,안전운전불이행,건조,맑음,교차로 - 교차로부근,승용,남,46세,상해없음,원동기,여,53세,경상
2012091500100213,2012년 9월 15일 08시,토요일,대전광역시 유성구 관평동,경상사고,0,0,1,0,차대차 - 측면직각충돌,중앙선침범,건조,맑음,단일로 - 기타,화물,남,48세,기타불명,승용,여,28세,경상
2012091500100253,2012년 9월 15일 09시,토요일,대전광역시 서구 내동,경상사고,0,0,2,0,차대차 - 정면충돌,신호위반,건조,맑음,교차로 - 교차로안,승용,여,64세,상해없음,승용,남,63세,경상
2012091500100254,2012년 9월 15일 09시,토요일,대전광역시 서구 변동,경상사고,0,0,2,0,차대차 - 측면직각충돌,중앙선침범,건조,맑음,교차로 - 교차로부근,원동기,남,26세,경상,승용,남,48세,경상
2012091500100317,2012년 9월 15일 11시,토요일,대전광역시 서구 도안동,중상사고,0,1,0,0,차대차 - 측면직각충돌,안전운전불이행,건조,맑음,단일로 - 횡단보도상,자전거,남,68세,중상,승용,여,48세,상해없음
2012091500100346,2012년 9월 15일 12시,토요일,대전광역시 서구 둔산동,경상사고,0,0,1,0,차대사람 - 기타,안전운전불이행,건조,맑음,교차로 - 교차로안,화물,여,46세,상해없음,보행자,여,7세,경상
2012091500100379,2012년 9월 15일 13시,토요일,대전광역시 동구 신흥동,사망사고,1,0,1,0,차대사람 - 길가장자리구역통행중,안전운전불이행,건조,맑음,단일로 - 기타,승용,남,70세,기타불명,보행자,여,85세,사망
2012091500100380,2012년 9월 15일 13시,토요일,대전광역시 서구 관저동,중상사고,0,1,0,0,차대차 - 기타,안전운전불이행,건조,맑음,기타 - 기타,승용,여,37세,상해없음,승용,남,40세,중상
2012091500100414,2012년 9월 15일 14시,토요일,대전광역시 동구 신상동,경상사고,0,0,4,0,차대차 - 측면직각충돌,중앙선침범,건조,흐림,단일로 - 기타,승용,남,50세,상해없음,승용,남,43세,경상
2012091500100440,2012년 9월 15일 15시,토요일,대전광역시 동구 낭월동,경상사고,0,0,3,0,차대차 - 측면직각충돌,직진우회전진행방해,건조,맑음,교차로 - 교차로안,승용,남,63세,상해없음,승용,여,52세,경상
2012091500100441,2012년 9월 15일 15시,토요일,대전광역시 유성구 지족동,중상사고,0,1,0,0,차대차 - 기타,신호위반,건조,맑음,교차로 - 교차로안,승용,남,49세,상해없음,자전거,남,53세,중상
2012091500100531,2012년 9월 15일 18시,토요일,대전광역시 유성구 봉명동,경상사고,0,0,1,0,차대차 - 추돌 - 진행중,안전운전불이행,건조,맑음,단일로 - 기타,승용,남,40세,상해없음,승용,여,44세,경상
2012091500100670,2012년 9월 15일 22시,토요일,대전광역시 동구 홍도동,경상사고,0,0,1,0,차대차 - 측면직각충돌,중앙선침범,건조,맑음,단일로 - 기타,승용,남,56세,상해없음,이륜,남,22세,경상
2012091600100045,2012년 9월 16일 01시,일요일,대전광역시 대덕구 읍내동,중상사고,0,2,1,0,차대차 - 측면직각충돌,신호위반,건조,맑음,교차로 - 교차로안,승용,남,55세,상해없음,승용,남,27세,중상
2012091600100046,2012년 9월 16일 01시,일요일,대전광역시 대덕구 오정동,중상사고,0,1,0,0,차대사람 - 기타,안전운전불이행,건조,맑음,단일로 - 기타,승용,남,27세,상해없음,보행자,남,27세,중상
2012091600100062,2012년 9월 16일 02시,일요일,대전광역시 서구 갈마동,경상사고,0,0,1,0,차대사람 - 기타,안전운전불이행,건조,맑음,단일로 - 기타,승용,남,25세,상해없음,보행자,여,39세,경상
2012091600100233,2012년 9월 16일 11시,일요일,대전광역시 동구 용전동,중상사고,0,1,0,0,차대사람 - 횡단중,신호위반,습기,비,단일로 - 횡단보도부근,승용,여,51세,상해없음,보행자,여,56세,중상
2012091600100264,2012년 9월 16일 12시,일요일,대전광역시 대덕구 오정동,중상사고,0,1,0,0,차대사람 - 보도통행중,안전운전불이행,습기,비,단일로 - 기타,승용,남,68세,상해없음,보행자,남,31세,중상
2012091600100291,2012년 9월 16일 13시,일요일,대전광역시 서구 도마동,중상사고,0,1,0,0,차대사람 - 횡단중,안전운전불이행,습기,비,단일로 - 기타,승용,남,58세,상해없음,보행자,여,52세,중상
2012091600100387,2012년 9월 16일 16시,일요일,대전광역시 서구 가수원동,중상사고,0,1,0,0,차대차 - 기타,신호위반,습기,흐림,교차로 - 교차로부근,승용,여,35세,상해없음,자전거,남,59세,중상
2012091600100416,2012년 9월 16일 17시,일요일,대전광역시 서구 둔산동,중상사고,0,1,0,0,차대사람 - 차도통행중,안전운전불이행,습기,비,단일로 - 기타,승용,남,43세,상해없음,보행자,남,1세,중상
2012091600100455,2012년 9월 16일 18시,일요일,대전광역시 동구 자양동,경상사고,0,0,1,0,차대사람 - 횡단중,보행자보호의무위반,습기,비,단일로 - 횡단보도상,승용,남,51세,상해없음,보행자,남,26세,경상
2012091600100503,2012년 9월 16일 19시,일요일,대전광역시 서구 둔산동,경상사고,0,0,1,0,차대차 - 추돌 - 주정차중,안전운전불이행,습기,비,단일로 - 기타,승용,기타불명,기타불명,기타불명,승용,여,47세,경상
2012091600100541,2012년 9월 16일 20시,일요일,대전광역시 서구 괴정동,경상사고,0,0,1,0,차대차 - 측면직각충돌,안전운전불이행,건조,맑음,단일로 - 기타,승용,남,60세,상해없음,화물,남,44세,기타불명
2012091600100593,2012년 9월 16일 21시,일요일,대전광역시 중구 태평동,경상사고,0,0,1,0,차대사람 - 횡단중,안전운전불이행,습기,비,단일로 - 기타,승용,남,46세,상해없음,보행자,남,49세,경상
2012091600100594,2012년 9월 16일 21시,일요일,대전광역시 대덕구 읍내동,경상사고,0,0,1,0,차대차 - 측면직각충돌,중앙선침범,습기,비,단일로 - 교량,승용,남,59세,상해없음,승용,남,27세,경상
2012091600100630,2012년 9월 16일 22시,일요일,대전광역시 중구 문화동,경상사고,0,0,2,0,차대차 - 측면직각충돌,신호위반,습기,비,교차로 - 교차로안,승용,남,38세,상해없음,승용,남,25세,경상
2012091600100631,2012년 9월 16일 22시,일요일,대전광역시 동구 삼성동,중상사고,0,1,0,0,차대차 - 측면직각충돌,안전운전불이행,습기,비,단일로 - 기타,승용,남,38세,상해없음,승합,남,46세,중상
2012091600100658,2012년 9월 16일 23시,일요일,대전광역시 서구 탄방동,중상사고,0,2,0,0,차대차 - 측면직각충돌,안전운전불이행,습기,비,단일로 - 기타,승용,남,23세,상해없음,승용,남,43세,중상
2012091700100019,2012년 9월 17일 00시,월요일,대전광역시 서구 용문동,경상사고,0,0,1,0,차대차 - 추돌 - 진행중,안전운전불이행,건조,맑음,단일로 - 기타,승용,남,25세,상해없음,승용,남,49세,경상
2012091700100020,2012년 9월 17일 00시,월요일,대전광역시 서구 둔산동,경상사고,0,0,1,0,차대차 - 측면직각충돌,신호위반,습기,비,교차로 - 교차로안,승용,남,41세,상해없음,승용,남,25세,경상