사고번호,사고일시,요일,시군구,사고내용,사망자수,중상자수,경상자수,부상신고자수,사고유형,법규위반,노면상태,기상상태,도로형태,가해운전자 차종,가해운전자 성별,가해운전자 연령,가해운전자 상해정도,피해운전자 차종,피해운전자 성별,피해운전자 연령,피해운전자 상해정도
2012091700100052,2012년 9월 17일 02시,월요일,대전광역시 서구 둔산동,중상사고,0,1,1,0,차대차 - 기타,안전운전불이행,습기,비,교차로 - 교차로안,승용,남,33세,상해없음,승용,남,51세,중상
2012091700100075,2012년 9월 17일 04시,월요일,대전광역시 서구 괴정동,경상사고,0,0,1,0,차대사람 - 기타,안전운전불이행,건조,맑음,교차로 - 교차로부근,승용,남,45세,상해없음,보행자,남,34세,경상
2012091700100100,2012년 9월 17일 06시,월요일,대전광역시 중구 옥계동,경상사고,0,0,2,0,차대차 - 정면충돌,신호위반,습기,흐림,교차로 - 교차로안,승용,남,43세,상해없음,승용,남,34세,경상
2012091700100101,2012년 9월 17일 06시,월요일,대전광역시 서구 갈마동,경상사고,0,0,1,0,차대차 - 측면직각충돌,중앙선침범,습기,비,단일로 - 기타,승용,남,25세,상해없음,승용,남,46세,경상
2012091700100116,2012년 9월 17일 07시,월요일,대전광역시 중구 대흥동,경상사고,0,0,4,0,차대차 - 측면직각충돌,안전운전불이행,건조,맑음,단일로 - 기타,승용,여,55세,상해없음,승용,남,54세,경상
2012091700100117,2012년 9월 17일 07시,월요일,대전광역시 유성구 덕진동,경상사고,0,0,1,0,차대차 - 기타,안전운전불이행,건조,흐림,단일로 - 기타,화물,남,37세,상해없음,승용,남,44세,경상
2012091700100151,2012년 9월 17일 08시,월요일,대전광역시 동구 판암동,경상사고,0,0,1,0,차대사람 - 횡단중,보행자보호의무위반,습기,비,교차로 - 교차로안,승용,여,50세,상해없음,보행자,여,20세,경상
2012091700100152,2012년 9월 17일 08시,월요일,대전광역시 서구 월평동,경상사고,0,0,1,0,차대사람 - 기타,안전운전불이행,습기,비,단일로 - 기타,승합,여,52세,기타불명,보행자,여,71세,경상
2012091700100178,2012년 9월 17일 09시,월요일,대전광역시 중구 용두동,중상사고,0,1,0,0,차대차 - 측면직각충돌,안전운전불이행,습기,비,교차로 - 교차로안,원동기,남,42세,중상,승합,여,46세,상해없음
2012091700100179,2012년 9월 17일 09시,월요일,대전광역시 서구 월평동,경상사고,0,0,2,0,차대차 - 측면직각충돌,안전운전불이행,습기,비,교차로 - 교차로안,승용,여,53세,상해없음,승용,여,36세,기타불명
2012091700100194,2012년 9월 17일 10시,월요일,대전광역시 중구 목동,경상사고,0,0,1,0,차대차 - 추돌 - 주정차중,기타,습기,비,단일로 - 기타,승용,남,29세,상해없음,승용,남,29세,경상
2012091700100220,2012년 9월 17일 11시,월요일,대전광역시 서구 괴정동,경상사고,0,0,1,0,차대차 - 추돌 - 진행중,안전거리미확보,건조,맑음,단일로 - 기타,승합,남,30세,상해없음,승용,남,32세,경상
2012091700100263,2012년 9월 17일 13시,월요일,대전광역시 대덕구 석봉동,중상사고,0,1,0,0,차대사람 - 길가장자리구역통행중,안전운전불이행,습기,비,교차로 - 교차로안,승합,남,31세,상해없음,보행자,여,83세,중상
2012091700100264,2012년 9월 17일 13시,월요일,대전광역시 유성구 봉명동,중상사고,0,1,0,0,차대사람 - 기타,안전운전불이행,습기,비,교차로 - 교차로안,승용,여,52세,상해없음,보행자,여,73세,중상
2012091700100287,2012년 9월 17일 14시,월요일,대전광역시 동구 용전동,경상사고,0,0,1,0,차대차 - 추돌 - 진행중,안전거리미확보,습기,비,교차로 - 교차로안,승용,남,25세,상해없음,승용,남,53세,경상
2012091700100322,2012년 9월 17일 15시,월요일,대전광역시 대덕구 대화동,경상사고,0,0,1,0,차대차 - 정면충돌,안전운전불이행,습기,비,단일로 - 기타,승용,여,43세,상해없음,원동기,남,32세,경상
2012091700100458,2012년 9월 17일 19시,월요일,대전광역시 대덕구 송촌동,경상사고,0,0,1,0,차대사람 - 기타,안전운전불이행,건조,맑음,교차로 - 교차로안,승용,여,28세,상해없음,보행자,여,47세,경상
2012091700100459,2012년 9월 17일 19시,월요일,대전광역시 서구 탄방동,중상사고,0,1,0,0,차대사람 - 횡단중,신호위반,건조,맑음,교차로 - 교차로부근,승용,남,20세,상해없음,보행자,남,19세,중상
2012091700100460,2012년 9월 17일 19시,월요일,대전광역시 서구 탄방동,경상사고,0,0,3,0,차대차 - 추돌 - 주정차중,안전운전불이행,습기,비,단일로 - 기타,화물,남,54세,상해없음,승합,남,49세,경상
2012091700100569,2012년 9월 17일 22시,월요일,대전광역시 중구 문화동,경상사고,0,0,1,0,차대사람 - 횡단중,안전운전불이행,건조,맑음,단일로 - 기타,승용,남,55세,상해없음,보행자,여,20세,경상
2012091700100570,2012년 9월 17일 22시,월요일,대전광역시 중구 용두동,중상사고,0,1,2,0,차대차 - 측면직각충돌,신호위반,습기,흐림,교차로 - 교차로안,승용,남,64세,경상,승용,여,45세,중상
2012091700100571,2012년 9월 17일 22시,월요일,대전광역시 서구 변동,경상사고,0,0,2,0,차대차 - 추돌 - 주정차중,안전운전불이행,건조,흐림,교차로 - 교차로부근,승용,남,35세,상해없음,이륜,남,42세,경상
2012091700100572,2012년 9월 17일 22시,월요일,대전광역시 유성구 노은동,중상사고,0,1,1,0,차대차 - 정면충돌,신호위반,건조,맑음,교차로 - 교차로안,승용,남,27세,상해없음,승용,남,57세,중상
2012091700100573,2012년 9월 17일 22시,월요일,대전광역시 유성구 어은동,중상사고,0,1,0,0,차대차 - 측면직각충돌,안전운전불이행,습기,흐림,교차로 - 교차로안,이륜,남,52세,중상,승합,남,47세,상해없음
2012091700100602,2012년 9월 17일 23시,월요일,대전광역시 서구 괴정동,경상사고,0,0,1,0,차대차 - 추돌 - 진행중,안전거리미확보,건조,맑음,단일로 - 기타,승용,남,28세,기타불명,승용,남,59세,경상
2012091800100015,2012년 9월 18일 00시,화요일,대전광역시 서구 변동,경상사고,0,0,1,0,차대차 - 측면직각충돌,신호위반,건조,흐림,교차로 - 교차로안,승용,남,40세,상해없음,승용,여,50세,경상
2012091800100016,2012년 9월 18일 00시,화요일,대전광역시 서구 가장동,경상사고,0,0,1,0,차대차 - 측면직각충돌,안전운전불이행,건조,흐림,교차로 - 교차로안,이륜,남,18세,상해없음,승용,남,68세,경상
2012091800100046,2012년 9월 18일 02시,화요일,대전광역시 중구 유천동,경상사고,0,0,1,0,차대차 - 측면직각충돌,신호위반,건조,흐림,교차로 - 교차로안,승용,남,30세,상해없음,승용,남,48세,경상
2012091800100047,2012년 9월 18일 02시,화요일,대전광역시 서구 둔산동,경상사고,0,0,1,0,차대차 - 추돌 - 주정차중,안전운전불이행,건조,맑음,단일로 - 기타,승용,남,23세,상해없음,승용,남,56세,상해없음
2012091800100079,2012년 9월 18일 05시,화요일,대전광역시 중구 부사동,사망사고,1,0,1,0,차대사람 - 횡단중,안전운전불이행,습기,흐림,교차로 - 교차로부근,승용,남,35세,상해없음,보행자,여,52세,사망
2012091800100149,2012년 9월 18일 08시,화요일,대전광역시 대덕구 송촌동,경상사고,0,0,1,0,차대차 - 추돌 - 진행중,차로위반,건조,맑음,단일로 - 기타,승용,남,56세,상해없음,승용,여,62세,경상
2012091800100176,2012년 9월 18일 09시,화요일,대전광역시 중구 문화동,경상사고,0,0,1,0,차대차 - 측면직각충돌,안전운전불이행,건조,맑음,교차로 - 교차로안,승용,여,44세,상해없음,승용,여,56세,경상
2012091800100177,2012년 9월 18일 09시,화요일,대전광역시 서구 정림동,경상사고,0,0,1,0,차대차 - 기타,안전운전불이행,건조,맑음,단일로 - 기타,승용,남,60세,상해없음,자전거,여,70세,경상
2012091800100178,2012년 9월 18일 09시,화요일,대전광역시 서구 갈마동,중상사고,0,1,1,0,차대차 - 추돌 - 진행중,안전운전불이행,건조,맑음,단일로 - 기타,승용,남,20세,상해없음,승용,여,50세,중상
2012091800100267,2012년 9월 18일 12시,화요일,대전광역시 서구 도마동,중상사고,0,1,0,0,차대사람 - 길가장자리구역통행중,안전운전불이행,건조,맑음,단일로 - 기타,승용,남,30세,상해없음,보행자,여,86세,중상
2012091800100297,2012년 9월 18일 13시,화요일,대전광역시 중구 중촌동,경상사고,0,0,1,0,차대차 - 측면직각충돌,안전운전불이행,건조,맑음,단일로 - 기타,승용,남,36세,상해없음,승용,여,40세,경상
2012091800100298,2012년 9월 18일 13시,화요일,대전광역시 대덕구 비래동,경상사고,0,0,2,0,차대차 - 측면직각충돌,신호위반,건조,맑음,교차로 - 교차로안,화물,남,51세,상해없음,승용,남,45세,경상
2012091800100335,2012년 9월 18일 14시,화요일,대전광역시 동구 신안동,중상사고,0,1,0,0,차대차 - 정면충돌,교차로운행방법위반,건조,맑음,교차로 - 교차로안,승용,남,60세,상해없음,이륜,남,40세,중상
2012091800100371,2012년 9월 18일 15시,화요일,대전광역시 중구 대흥동,중상사고,0,1,0,0,차대사람 - 길가장자리구역통행중,중앙선침범,건조,맑음,단일로 - 기타,승용,남,39세,상해없음,보행자,여,72세,중상
2012091800100372,2012년 9월 18일 15시,화요일,대전광역시 대덕구 석봉동,경상사고,0,0,1,0,차대차 - 추돌 - 진행중,안전운전불이행,건조,맑음,교차로 - 교차로안,화물,남,50세,상해없음,승용,여,31세,경상
2012091800100373,2012년 9월 18일 15시,화요일,대전광역시 대덕구 송촌동,중상사고,0,1,0,0,차대차 - 정면충돌,안전운전불이행,건조,맑음,단일로 - 기타,승용,남,45세,상해없음,자전거,여,37세,중상
2012091800100415,2012년 9월 18일 16시,화요일,대전광역시 유성구 봉명동,경상사고,0,0,4,0,차대차 - 측면직각충돌,안전운전불이행,건조,맑음,교차로 - 교차로안,승용,여,26세,상해없음,승용,여,35세,경상
2012091800100446,2012년 9월 18일 17시,화요일,대전광역시 서구 복수동,경상사고,0,0,1,0,차대사람 - 기타,안전운전불이행,건조,맑음,단일로 - 기타,승용,남,53세,상해없음,보행자,여,8세,경상
2012091800100489,2012년 9월 18일 18시,화요일,대전광역시 중구 산성동,중상사고,0,1,0,0,차대차 - 측면직각충돌,안전운전불이행,건조,맑음,단일로 - 기타,승합,남,25세,상해없음,자전거,남,64세,중상
2012091800100582,2012년 9월 18일 20시,화요일,대전광역시 대덕구 오정동,경상사고,0,0,1,0,차대사람 - 횡단중,보행자보호의무위반,건조,맑음,단일로 - 횡단보도상,승용,남,46세,기타불명,보행자,남,17세,경상
2012091800100650,2012년 9월 18일 22시,화요일,대전광역시 유성구 봉명동,경상사고,0,0,1,0,차대차 - 추돌 - 진행중,안전거리미확보,건조,맑음,교차로 - 교차로안,승용,남,46세,상해없음,승합,남,50세,경상
2012091800100651,2012년 9월 18일 22시,화요일,대전광역시 유성구 어은동,경상사고,0,0,1,0,차대차 - 측면직각충돌,안전거리미확보,건조,맑음,단일로 - 기타,승용,남,54세,상해없음,승용,남,35세,경상
2012091800100670,2012년 9월 18일 23시,화요일,대전광역시 중구 사정동,경상사고,0,0,1,0,차대차 - 측면직각충돌,안전운전불이행,건조,맑음,단일로 - 기타,승용,남,25세,상해없음,승용,여,34세,경상
2012091800100671,2012년 9월 18일 23시,화요일,대전광역시 동구 용전동,경상사고,0,0,1,0,차대차 - 측면직각충돌,신호위반,습기,흐림,교차로 - 교차로안,승용,남,55세,상해없음,화물,남,29세,경상
2012091800100672,2012년 9월 18일 23시,화요일,대전광역시 서구 만년동,중상사고,0,1,0,0,차대사람 - 길가장자리구역통행중,안전운전불이행,건조,맑음,단일로 - 기타,승용,기타불명,기타불명,기타불명,보행자,남,37세,중상
2012091900100014,2012년 9월 19일 00시,수요일,대전광역시 서구 갈마동,경상사고,0,0,2,0,차대차 - 추돌 - 진행중,안전거리미확보,건조,맑음,교차로 - 교차로안,승용,남,36세,상해없음,승용,남,53세,경상
2012091900100054,2012년 9월 19일 03시,수요일,대전광역시 동구 용전동,경상사고,0,0,2,1,차대차 - 기타,안전운전불이행,건조,맑음,단일로 - 기타,승용,남,26세,상해없음,승용,남,38세,상해없음
2012091900100063,2012년 9월 19일 04시,수요일,대전광역시 서구 둔산동,경상사고,0,0,1,0,차대차 - 추돌 - 진행중,신호위반,건조,맑음,교차로 - 교차로안,승용,남,22세,상해없음,승용,남,47세,경상
2012091900100142,2012년 9월 19일 08시,수요일,대전광역시 대덕구 오정동,경상사고,0,0,1,0,차량단독 - 기타,기타,건조,맑음,단일로 - 기타,승용,남,57세,상해없음,,,,
2012091900100143,2012년 9월 19일 08시,수요일,대전광역시 유성구 구암동,경상사고,0,0,1,0,차대사람 - 길가장자리구역통행중,안전운전불이행,건조,맑음,단일로 - 기타,승용,기타불명,기타불명,기타불명,보행자,여,16세,경상
2012091900100174,2012년 9월 19일 09시,수요일,대전광역시 동구 원동,경상사고,0,0,1,0,차대차 - 추돌 - 진행중,안전운전불이행,건조,맑음,교차로 - 교차로부근,화물,남,36세,상해없음,승용,남,75세,경상
2012091900100186,2012년 9월 19일 10시,수요일,대전광역시 유성구 구암동,경상사고,0,0,4,0,차대차 - 기타,안전거리미확보,건조,맑음,단일로 - 기타,승용,남,56세,상해없음,승용,남,50세,경상
2012091900100233,2012년 9월 19일 12시,수요일,대전광역시 중구 부사동,경상사고,0,0,1,0,차대사람 - 횡단중,중앙선침범,건조,맑음,단일로 - 기타,승용,남,31세,상해없음,보행자,여,48세,경상
2012091900100255,2012년 9월 19일 13시,수요일,대전광역시 대덕구 석봉동,중상사고,0,1,0,0,차대사람 - 차도통행중,안전운전불이행,건조,맑음,교차로 - 교차로안,승용,남,64세,상해없음,보행자,여,73세,중상
2012091900100256,2012년 9월 19일 13시,수요일,대전광역시 서구 탄방동,중상사고,0,1,1,0,차대차 - 기타,중앙선침범,건조,맑음,단일로 - 기타,승용,남,56세,상해없음,이륜,남,29세,경상
2012091900100257,2012년 9월 19일 13시,수요일,대전광역시 유성구 송강동,중상사고,0,1,0,0,차대사람 - 기타,안전운전불이행,건조,맑음,기타 - 기타,승용,남,30세,상해없음,보행자,여,64세,중상
2012091900100286,2012년 9월 19일 14시,수요일,대전광역시 중구 용두동,경상사고,0,0,1,0,차대차 - 측면직각충돌,안전운전불이행,건조,맑음,교차로 - 교차로부근,승용,여,33세,상해없음,승용,여,53세,경상
2012091900100347,2012년 9월 19일 16시,수요일,대전광역시 서구 갈마동,경상사고,0,0,4,0,차대차 - 추돌 - 진행중,안전거리미확보,건조,맑음,단일로 - 기타,화물,남,57세,상해없음,승용,남,32세,경상
2012091900100348,2012년 9월 19일 16시,수요일,대전광역시 유성구 송정동,중상사고,0,1,1,0,차대차 - 기타,신호위반,건조,맑음,교차로 - 교차로안,승용,여,27세,경상,승용,남,58세,중상
2012091900100391,2012년 9월 19일 17시,수요일,대전광역시 동구 대동,중상사고,0,1,0,0,차대사람 - 횡단중,안전운전불이행,건조,맑음,단일로 - 기타,승용,여,53세,상해없음,보행자,여,14세,중상
2012091900100392,2012년 9월 19일 17시,수요일,대전광역시 서구 도마동,경상사고,0,0,1,0,차대차 - 추돌 - 진행중,안전운전불이행,건조,맑음,교차로 - 교차로부근,원동기,남,53세,상해없음,승용,여,43세,상해없음
2012091900100393,2012년 9월 19일 17시,수요일,대전광역시 유성구 도룡동,사망사고,1,0,0,0,차량단독 - 기타,안전운전불이행,건조,맑음,단일로 - 기타,이륜,남,66세,사망,,,,
2012091900100439,2012년 9월 19일 18시,수요일,대전광역시 유성구 도룡동,경상사고,0,0,1,0,차대차 - 측면직각충돌,신호위반,건조,맑음,교차로 - 교차로안,승용,남,44세,상해없음,화물,남,57세,경상
2012091900100485,2012년 9월 19일 19시,수요일,대전광역시 중구 대흥동,경상사고,0,0,3,0,차대차 - 측면직각충돌,안전운전불이행,건조,맑음,교차로 - 교차로안,승용,남,55세,상해없음,승용,남,50세,경상
2012091900100486,2012년 9월 19일 19시,수요일,대전광역시 서구 관저동,경상사고,0,0,1,0,차대차 - 측면직각충돌,중앙선침범,건조,맑음,단일로 - 기타,승용,남,74세,상해없음,승용,남,61세,경상
2012091900100508,2012년 9월 19일 20시,수요일,대전광역시 중구 부사동,경상사고,0,0,1,0,차대차 - 측면직각충돌,신호위반,건조,맑음,교차로 - 교차로안,승용,남,38세,상해없음,원동기,남,28세,경상
2012091900100537,2012년 9월 19일 21시,수요일,대전광역시 서구 도마동,중상사고,0,1,0,0,차대사람 - 횡단중,신호위반,건조,맑음,교차로 - 교차로안,승용,남,23세,상해없음,보행자,여,35세,중상
2012091900100561,2012년 9월 19일 22시,수요일,대전광역시 유성구 송강동,중상사고,0,1,1,0,차대차 - 측면직각충돌,안전운전불이행,건조,맑음,단일로 - 기타,승합,남,49세,상해없음,승용,남,24세,중상
2012091900100591,2012년 9월 19일 23시,수요일,대전광역시 유성구 관평동,경상사고,0,0,2,0,차대차 - 정면충돌,중앙선침범,건조,맑음,단일로 - 기타,원동기,남,22세,상해없음,승용,남,41세,경상
2012091900100592,2012년 9월 19일 23시,수요일,대전광역시 서구 월평동,경상사고,0,0,1,0,차대사람 - 보도통행중,신호위반,건조,맑음,단일로 - 횡단보도상,승용,남,60세,상해없음,보행자,남,17세,경상
2012092000100034,2012년 9월 20일 01시,목요일,대전광역시 서구 둔산동,중상사고,0,1,2,0,차대차 - 추돌 - 주정차중,안전운전불이행,건조,맑음,단일로 - 기타,승용,남,35세,상해없음,승용,남,26세,중상
2012092000100051,2012년 9월 20일 02시,목요일,대전광역시 중구 태평동,중상사고,0,1,2,0,차대차 - 측면직각충돌,신호위반,건조,흐림,교차로 - 교차로안,승용,남,54세,상해없음,승용,남,60세,중상
2012092000100066,2012년 9월 20일 04시,목요일,대전광역시 대덕구 목상동,경상사고,0,0,1,0,차량단독 - 기타,기타,건조,맑음,교차로 - 교차로부근,승용,남,65세,상해없음,,,,
2012092000100128,2012년 9월 20일 07시,목요일,대전광역시 서구 둔산동,경상사고,0,0,1,0,차대사람 - 기타,안전운전불이행,건조,맑음,단일로 - 기타,승용,남,17세,상해없음,보행자,남,65세,경상
2012092000100169,2012년 9월 20일 08시,목요일,대전광역시 유성구 구암동,경상사고,0,0,1,0,차대사람 - 횡단중,보행자보호의무위반,건조,맑음,단일로 - 횡단보도상,승용,기타불명,기타불명,기타불명,보행자,여,17세,경상
2012092000100245,2012년 9월 20일 11시,목요일,대전광역시 유성구 용계동,중상사고,0,2,0,0,차대차 - 기타,교차로운행방법위반,건조,맑음,교차로 - 교차로안,승용,여,52세,상해없음,승용,남,41세,중상
2012092000100261,2012년 9월 20일 12시,목요일,대전광역시 중구 대흥동,경상사고,0,0,1,0,차대차 - 추돌 - 진행중,안전운전불이행,건조,맑음,교차로 - 교차로안,원동기,남,16세,상해없음,원동기,남,79세,경상
2012092000100320,2012년 9월 20일 14시,목요일,대전광역시 중구 용두동,중상사고,0,1,0,0,차대차 - 정면충돌,중앙선침범,건조,맑음,단일로 - 기타,승용,남,67세,상해없음,승용,남,40세,중상
2012092000100321,2012년 9월 20일 14시,목요일,대전광역시 중구 선화동,경상사고,0,0,1,0,차대차 - 측면직각충돌,안전거리미확보,건조,맑음,교차로 - 교차로부근,승용,남,33세,상해없음,승용,미분류,기타불명,기타불명
2012092000100417,2012년 9월 20일 17시,목요일,대전광역시 동구 상소동,경상사고,0,0,1,0,차대차 - 측면직각충돌,교차로운행방법위반,건조,맑음,교차로 - 교차로안,화물,남,44세,상해없음,이륜,남,31세,경상
2012092000100418,2012년 9월 20일 17시,목요일,대전광역시 유성구 봉명동,중상사고,0,1,1,0,차대차 - 기타,안전운전불이행,건조,맑음,단일로 - 기타,승용,남,62세,상해없음,승합,남,53세,경상
2012092000100473,2012년 9월 20일 18시,목요일,대전광역시 서구 만년동,경상사고,0,0,1,0,차대차 - 기타,안전운전불이행,건조,맑음,단일로 - 기타,승용,남,47세,상해없음,승용,여,37세,경상
2012092000100521,2012년 9월 20일 19시,목요일,대전광역시 대덕구 비래동,경상사고,0,0,1,0,차대차 - 측면직각충돌,안전운전불이행,건조,맑음,단일로 - 기타,승용,남,32세,기타불명,승용,여,51세,경상
2012092000100599,2012년 9월 20일 21시,목요일,대전광역시 유성구 관평동,경상사고,0,0,4,0,차대차 - 추돌 - 진행중,안전운전불이행,건조,맑음,교차로 - 교차로부근,승용,남,30세,상해없음,승용,남,27세,경상
2012092000100633,2012년 9월 20일 22시,목요일,대전광역시 서구 도마동,경상사고,0,0,1,0,차대사람 - 기타,안전운전불이행,건조,맑음,단일로 - 기타,승용,기타불명,기타불명,기타불명,보행자,남,36세,경상
2012092000100662,2012년 9월 20일 23시,목요일,대전광역시 대덕구 와동,경상사고,0,0,1,0,차대차 - 측면직각충돌,차로위반,건조,맑음,단일로 - 기타,화물,남,54세,상해없음,승용,남,52세,경상
2012092000100663,2012년 9월 20일 23시,목요일,대전광역시 유성구 궁동,경상사고,0,0,4,0,차대차 - 추돌 - 진행중,안전운전불이행,건조,맑음,교차로 - 교차로부근,승용,남,35세,상해없음,승용,남,24세,경상
2012092100100018,2012년 9월 21일 00시,금요일,대전광역시 중구 용두동,경상사고,0,0,4,0,차대차 - 측면직각충돌,중앙선침범,건조,맑음,교차로 - 교차로부근,승용,남,22세,상해없음,화물,남,42세,경상
2012092100100158,2012년 9월 21일 08시,금요일,대전광역시 동구 판암동,경상사고,0,0,2,0,차대차 - 측면직각충돌,안전운전불이행,건조,맑음,교차로 - 교차로안,화물,남,52세,상해없음,승용,여,47세,경상
2012092100100192,2012년 9월 21일 09시,금요일,대전광역시 서구 괴정동,경상사고,0,0,3,0,차대차 - 추돌 - 진행중,안전운전불이행,건조,맑음,교차로 - 교차로부근,승용,남,45세,상해없음,승용,남,59세,경상
2012092100100269,2012년 9월 21일 12시,금요일,대전광역시 동구 삼성동,중상사고,0,1,0,0,차대차 - 측면직각충돌,안전운전불이행,건조,맑음,교차로 - 교차로부근,자전거,남,50세,중상,승용,여,66세,상해없음
2012092100100303,2012년 9월 21일 13시,금요일,대전광역시 동구 신흥동,경상사고,0,0,4,0,차대차 - 측면직각충돌,신호위반,건조,맑음,교차로 - 교차로안,승용,남,51세,상해없음,승용,남,67세,경상
2012092100100429,2012년 9월 21일 17시,금요일,대전광역시 유성구 노은동,중상사고,0,1,0,0,차대차 - 기타,안전운전불이행,건조,맑음,단일로 - 기타,승용,여,53세,상해없음,자전거,여,38세,중상
2012092100100473,2012년 9월 21일 18시,금요일,대전광역시 중구 문화동,중상사고,0,1,0,0,차대차 - 측면직각충돌,안전운전불이행,건조,맑음,교차로 - 교차로안,자전거,남,17세,중상,화물,남,50세,상해없음
2012092100100474,2012년 9월 21일 18시,금요일,대전광역시 동구 판암동,경상사고,0,0,5,0,차대차 - 추돌 - 진행중,안전거리미확보,건조,맑음,단일로 - 기타,승용,남,24세,경상,승용,남,25세,경상
2012092100100530,2012년 9월 21일 19시,금요일,대전광역시 동구 가양동,경상사고,0,0,1,0,차대차 - 측면직각충돌,안전운전불이행,건조,맑음,교차로 - 교차로안,승용,남,54세,상해없음,승용,여,44세,경상
2012092100100568,2012년 9월 21일 20시,금요일,대전광역시 동구 용전동,경상사고,0,0,1,0,차대차 - 기타,기타,건조,맑음,단일로 - 기타,승용,남,53세,상해없음,자전거,남,35세,경상
2012092100100611,2012년 9월 21일 21시,금요일,대전광역시 서구 갈마동,경상사고,0,0,2,0,차대차 - 기타,안전운전불이행,건조,맑음,교차로 - 교차로부근,승용,남,63세,상해없음,승용,남,27세,경상
2012092100100646,2012년 9월 21일 22시,금요일,대전광역시 동구 천동,중상사고,0,1,5,0,차대차 - 추돌 - 주정차중,안전운전불이행,건조,맑음,단일로 - 기타,승용,남,27세,상해없음,승용,남,55세,중상
2012092100100681,2012년 9월 21일 23시,금요일,대전광역시 서구 둔산동,중상사고,0,1,0,0,차대차 - 측면직각충돌,안전운전불이행,건조,맑음,교차로 - 교차로부근,승용,남,39세,상해없음,이륜,남,21세,중상
2012092200100049,2012년 9월 22일 01시,토요일,대전광역시 중구 유천동,중상사고,0,1,0,0,차대차 - 추돌 - 주정차중,안전거리미확보,건조,맑음,교차로 - 교차로부근,승용,남,29세,상해없음,승용,여,35세,중상
2012092200100062,2012년 9월 22일 02시,토요일,대전광역시 서구 용문동,중상사고,0,1,0,0,차대사람 - 횡단중,안전운전불이행,건조,맑음,단일로 - 기타,승용,남,30세,상해없음,보행자,남,42세,중상
2012092200100077,2012년 9월 22일 03시,토요일,대전광역시 중구 대흥동,중상사고,0,1,1,0,차대차 - 측면직각충돌,신호위반,건조,맑음,교차로 - 교차로안,승용,남,60세,상해없음,이륜,남,16세,중상
2012092200100142,2012년 9월 22일 07시,토요일,대전광역시 중구 부사동,중상사고,0,1,0,0,차대사람 - 길가장자리구역통행중,안전운전불이행,건조,맑음,단일로 - 기타,승합,남,60세,상해없음,보행자,여,68세,중상
2012092200100201,2012년 9월 22일 09시,토요일,대전광역시 서구 둔산동,중상사고,0,1,0,0,차대사람 - 차도통행중,안전운전불이행,건조,맑음,교차로 - 교차로부근,승합,남,65세,상해없음,보행자,여,50세,중상
2012092200100239,2012년 9월 22일 10시,토요일,대전광역시 유성구 추목동,경상사고,0,0,1,0,차대차 - 측면직각충돌,안전운전불이행,건조,맑음,교차로 - 교차로부근,화물,남,48세,상해없음,승용,남,60세,경상
2012092200100263,2012년 9월 22일 11시,토요일,대전광역시 대덕구 송촌동,경상사고,0,0,1,0,차대차 - 추돌 - 주정차중,안전운전불이행,건조,맑음,단일로 - 기타,승용,기타불명,기타불명,기타불명,승용,남,51세,경상
2012092200100264,2012년 9월 22일 11시,토요일,대전광역시 서구 도안동,경상사고,0,0,1,0,차대차 - 추돌 - 진행중,안전운전불이행,건조,맑음,교차로 - 교차로안,승용,여,24세,상해없음,승용,남,52세,경상
2012092200100396,2012년 9월 22일 15시,토요일,대전광역시 동구 용전동,경상사고,0,0,3,0,차대차 - 측면직각충돌,안전거리미확보,건조,맑음,단일로 - 기타,화물,남,67세,상해없음,승용,여,39세,경상
2012092200100482,2012년 9월 22일 17시,토요일,대전광역시 서구 둔산동,중상사고,0,1,0,0,차대차 - 측면직각충돌,안전운전불이행,건조,맑음,교차로 - 교차로안,화물,남,58세,상해없음,승용,남,52세,중상
2012092200100568,2012년 9월 22일 19시,토요일,대전광역시 대덕구 송촌동,중상사고,0,1,0,0,차대차 - 측면직각충돌,교차로운행방법위반,건조,맑음,교차로 - 교차로안,화물,남,56세,상해없음,이륜,남,35세,중상
2012092200100598,2012년 9월 22일 20시,토요일,대전광역시 유성구 장대동,경상사고,0,0,2,0,차대차 - 추돌 - 주정차중,안전운전불이행,건조,맑음,교차로 - 교차로부근,승용,기타불명,기타불명,기타불명,승용,남,36세,경상
2012092200100622,2012년 9월 22일 21시,토요일,대전광역시 서구 도마동,경상사고,0,0,3,0,차대차 - 기타,안전운전불이행,건조,맑음,단일로 - 기타,승용,남,29세,기타불명,승용,남,30세,경상
2012092200100623,2012년 9월 22일 21시,토요일,대전광역시 서구 갈마동,경상사고,0,0,3,0,차대차 - 기타,안전거리미확보,건조,맑음,교차로 - 교차로부근,승용,남,20세,상해없음,승용,남,58세,경상
2012092300100024,2012년 9월 23일 00시,일요일,대전광역시 동구 용운동,경상사고,0,0,1,0,차대사람 - 보도통행중,기타,건조,맑음,단일로 - 기타,이륜,남,23세,상해없음,보행자,여,22세,경상
2012092300100049,2012년 9월 23일 01시,일요일,대전광역시 대덕구 오정동,경상사고,0,0,1,0,차대차 - 측면직각충돌,안전운전불이행,건조,맑음,단일로 - 기타,승용,남,24세,상해없음,승용,남,34세,경상
2012092300100061,2012년 9월 23일 02시,일요일,대전광역시 서구 가수원동,중상사고,0,2,0,0,차대차 - 측면직각충돌,신호위반,건조,맑음,교차로 - 교차로안,승용,남,38세,중상,승용,여,22세,중상