사고번호,사고일시,요일,시군구,사고내용,사망자수,중상자수,경상자수,부상신고자수,사고유형,법규위반,노면상태,기상상태,도로형태,가해운전자 차종,가해운전자 성별,가해운전자 연령,가해운전자 상해정도,피해운전자 차종,피해운전자 성별,피해운전자 연령,피해운전자 상해정도
2012092300100072,2012년 9월 23일 03시,일요일,대전광역시 대덕구 와동,경상사고,0,0,1,0,차량단독 - 도로외이탈 - 기타,안전운전불이행,건조,맑음,단일로 - 기타,이륜,남,22세,상해없음,,,,
2012092300100073,2012년 9월 23일 03시,일요일,대전광역시 대덕구 오정동,경상사고,0,0,2,0,차대차 - 추돌 - 주정차중,안전운전불이행,건조,맑음,교차로 - 교차로안,승합,남,27세,상해없음,화물,남,47세,경상
2012092300100074,2012년 9월 23일 03시,일요일,대전광역시 서구 월평동,중상사고,0,1,2,0,차대차 - 측면직각충돌,신호위반,건조,맑음,교차로 - 교차로안,승용,남,26세,상해없음,승용,남,54세,경상
2012092300100114,2012년 9월 23일 06시,일요일,대전광역시 동구 성남동,경상사고,0,0,1,0,차대차 - 측면직각충돌,차로위반,건조,맑음,단일로 - 기타,승용,남,56세,상해없음,승용,남,29세,경상
2012092300100115,2012년 9월 23일 06시,일요일,대전광역시 유성구 원신흥동,경상사고,0,0,1,0,차량단독 - 공작물충돌,안전운전불이행,건조,맑음,단일로 - 기타,승용,남,26세,경상,,,,
2012092300100149,2012년 9월 23일 08시,일요일,대전광역시 중구 안영동,경상사고,0,0,1,0,차대차 - 기타,신호위반,건조,맑음,교차로 - 교차로안,승합,남,39세,상해없음,승용,남,66세,경상
2012092300100208,2012년 9월 23일 10시,일요일,대전광역시 서구 정림동,경상사고,0,0,1,0,차대차 - 측면직각충돌,중앙선침범,건조,맑음,교차로 - 교차로부근,자전거,남,15세,경상,승용,남,63세,상해없음
2012092300100321,2012년 9월 23일 14시,일요일,대전광역시 대덕구 신탄진동,중상사고,0,1,0,0,차대사람 - 길가장자리구역통행중,안전운전불이행,건조,맑음,단일로 - 기타,승합,남,40세,상해없음,보행자,여,79세,중상
2012092300100340,2012년 9월 23일 15시,일요일,대전광역시 유성구 원내동,경상사고,0,0,2,0,차대차 - 기타,안전거리미확보,건조,맑음,단일로 - 기타,승용,남,21세,상해없음,승용,남,40세,경상
2012092300100381,2012년 9월 23일 16시,일요일,대전광역시 대덕구 송촌동,경상사고,0,0,2,0,차대차 - 추돌 - 주정차중,안전운전불이행,건조,맑음,단일로 - 기타,승용,남,26세,상해없음,승합,남,51세,경상
2012092300100418,2012년 9월 23일 17시,일요일,대전광역시 유성구 전민동,중상사고,0,3,2,0,차대차 - 측면직각충돌,안전운전불이행,건조,맑음,교차로 - 교차로부근,승용,여,42세,상해없음,승용,남,61세,상해없음
2012092300100516,2012년 9월 23일 20시,일요일,대전광역시 서구 정림동,경상사고,0,0,1,0,차대사람 - 기타,기타,건조,맑음,단일로 - 기타,승합,남,47세,상해없음,보행자,여,61세,경상
2012092300100517,2012년 9월 23일 20시,일요일,대전광역시 서구 월평동,중상사고,0,1,3,0,차대차 - 측면직각충돌,교차로운행방법위반,건조,맑음,교차로 - 교차로안,승용,남,27세,경상,승용,여,28세,경상
2012092300100538,2012년 9월 23일 21시,일요일,대전광역시 동구 가오동,중상사고,0,1,1,0,차대차 - 정면충돌,신호위반,건조,맑음,교차로 - 교차로안,승용,여,44세,경상,승용,남,33세,중상
2012092300100539,2012년 9월 23일 21시,일요일,대전광역시 서구 갈마동,경상사고,0,0,1,0,차대차 - 측면직각충돌,안전운전불이행,건조,맑음,교차로 - 교차로부근,승용,남,27세,상해없음,이륜,남,20세,경상
2012092300100555,2012년 9월 23일 22시,일요일,대전광역시 동구 홍도동,중상사고,0,1,0,0,차대사람 - 기타,안전운전불이행,건조,맑음,단일로 - 기타,승용,남,27세,상해없음,보행자,남,19세,중상
2012092400100024,2012년 9월 24일 01시,월요일,대전광역시 동구 가오동,경상사고,0,0,1,0,차대차 - 추돌 - 진행중,불법유턴,건조,맑음,단일로 - 교량,화물,남,51세,상해없음,승용,남,43세,경상
2012092400100103,2012년 9월 24일 07시,월요일,대전광역시 서구 갈마동,경상사고,0,0,1,0,차대차 - 측면직각충돌,교차로운행방법위반,건조,맑음,교차로 - 교차로안,승용,남,54세,상해없음,승용,남,26세,경상
2012092400100104,2012년 9월 24일 07시,월요일,대전광역시 유성구 원내동,경상사고,0,0,1,0,차대차 - 측면직각충돌,안전거리미확보,건조,맑음,단일로 - 기타,승용,여,40세,상해없음,승용,남,26세,경상
2012092400100160,2012년 9월 24일 08시,월요일,대전광역시 서구 갈마동,중상사고,0,1,0,0,차대차 - 추돌 - 진행중,안전운전불이행,건조,맑음,교차로 - 교차로부근,승용,남,48세,상해없음,승용,남,37세,중상
2012092400100221,2012년 9월 24일 10시,월요일,대전광역시 서구 관저동,중상사고,0,1,0,0,차대사람 - 횡단중,안전운전불이행,건조,맑음,교차로 - 교차로안,승용,여,36세,상해없음,보행자,여,55세,중상
2012092400100317,2012년 9월 24일 13시,월요일,대전광역시 중구 선화동,경상사고,0,0,1,0,차대차 - 측면직각충돌,신호위반,건조,맑음,교차로 - 교차로안,승용,여,29세,상해없음,원동기,남,67세,경상
2012092400100389,2012년 9월 24일 15시,월요일,대전광역시 동구 용전동,경상사고,0,0,1,0,차대차 - 추돌 - 주정차중,안전운전불이행,건조,맑음,교차로 - 교차로부근,승용,남,62세,상해없음,화물,남,54세,경상
2012092400100425,2012년 9월 24일 16시,월요일,대전광역시 대덕구 와동,중상사고,0,1,0,0,차대사람 - 기타,기타,건조,맑음,단일로 - 기타,승합,남,56세,상해없음,보행자,여,79세,중상
2012092400100473,2012년 9월 24일 17시,월요일,대전광역시 대덕구 중리동,경상사고,0,0,1,0,차대차 - 측면직각충돌,안전운전불이행,건조,맑음,단일로 - 기타,승용,남,63세,상해없음,이륜,여,35세,경상
2012092400100474,2012년 9월 24일 17시,월요일,대전광역시 서구 월평동,경상사고,0,0,4,1,차대차 - 추돌 - 주정차중,안전운전불이행,건조,맑음,단일로 - 기타,화물,남,39세,상해없음,승용,여,36세,경상
2012092400100521,2012년 9월 24일 18시,월요일,대전광역시 동구 용전동,중상사고,0,1,0,0,차대사람 - 횡단중,안전운전불이행,건조,기타,단일로 - 기타,승용,여,41세,상해없음,보행자,여,55세,중상
2012092400100522,2012년 9월 24일 18시,월요일,대전광역시 유성구 대정동,경상사고,0,0,1,0,차대사람 - 길가장자리구역통행중,안전운전불이행,건조,맑음,단일로 - 기타,승용,기타불명,기타불명,기타불명,보행자,남,28세,경상
2012092400100574,2012년 9월 24일 19시,월요일,대전광역시 서구 둔산동,부상신고사고,0,0,0,1,차대차 - 추돌 - 진행중,안전운전불이행,건조,맑음,교차로 - 교차로안,승용,남,51세,상해없음,승용,여,41세,부상신고
2012092400100602,2012년 9월 24일 20시,월요일,대전광역시 대덕구 신일동,중상사고,0,1,0,0,차대사람 - 횡단중,안전운전불이행,건조,맑음,단일로 - 기타,화물,남,54세,상해없음,보행자,남,18세,중상
2012092400100603,2012년 9월 24일 20시,월요일,대전광역시 대덕구 송촌동,중상사고,0,1,0,0,차대사람 - 횡단중,중앙선침범,건조,맑음,교차로 - 교차로안,승용,여,47세,상해없음,보행자,남,48세,중상
2012092400100665,2012년 9월 24일 22시,월요일,대전광역시 서구 갈마동,경상사고,0,0,2,0,차대차 - 측면직각충돌,안전거리미확보,건조,맑음,단일로 - 기타,승합,남,45세,상해없음,승용,남,72세,경상
2012092400100703,2012년 9월 24일 23시,월요일,대전광역시 유성구 봉명동,경상사고,0,0,2,1,차대차 - 추돌 - 진행중,안전운전불이행,건조,맑음,교차로 - 교차로부근,승용,남,47세,상해없음,승용,남,44세,부상신고
2012092500100028,2012년 9월 25일 01시,화요일,대전광역시 중구 유천동,경상사고,0,0,1,0,차대차 - 추돌 - 주정차중,안전운전불이행,건조,맑음,단일로 - 기타,승용,남,48세,상해없음,승용,남,43세,경상
2012092500100029,2012년 9월 25일 01시,화요일,대전광역시 서구 둔산동,경상사고,0,0,1,0,차대사람 - 횡단중,보행자보호의무위반,건조,맑음,단일로 - 횡단보도상,승용,기타불명,기타불명,기타불명,보행자,남,18세,경상
2012092500100040,2012년 9월 25일 02시,화요일,대전광역시 중구 유천동,경상사고,0,0,1,0,차대사람 - 기타,안전운전불이행,건조,맑음,단일로 - 기타,승용,기타불명,기타불명,기타불명,보행자,남,35세,경상
2012092500100041,2012년 9월 25일 02시,화요일,대전광역시 서구 월평동,사망사고,1,0,0,0,차대사람 - 횡단중,안전운전불이행,건조,맑음,교차로 - 교차로안,승용,남,36세,상해없음,보행자,남,49세,사망
2012092500100065,2012년 9월 25일 05시,화요일,대전광역시 동구 신흥동,중상사고,0,1,0,0,차대사람 - 횡단중,안전운전불이행,건조,맑음,단일로 - 기타,화물,남,59세,상해없음,보행자,남,47세,중상
2012092500100112,2012년 9월 25일 07시,화요일,대전광역시 유성구 구암동,중상사고,0,1,1,0,차대차 - 추돌 - 진행중,직진우회전진행방해,건조,맑음,교차로 - 교차로안,승합,여,45세,상해없음,승용,남,57세,중상
2012092500100144,2012년 9월 25일 08시,화요일,대전광역시 대덕구 덕암동,경상사고,0,0,4,0,차대차 - 기타,안전운전불이행,건조,맑음,단일로 - 기타,승용,남,25세,상해없음,승용,남,21세,경상
2012092500100175,2012년 9월 25일 08시,화요일,대전광역시 중구 오류동,경상사고,0,0,1,0,차대사람 - 기타,신호위반,건조,맑음,단일로 - 횡단보도상,승용,남,61세,상해없음,보행자,남,18세,경상
2012092500100214,2012년 9월 25일 09시,화요일,대전광역시 대덕구 와동,경상사고,0,0,2,0,차대차 - 측면직각충돌,안전운전불이행,건조,맑음,단일로 - 기타,화물,남,74세,상해없음,승용,남,55세,경상
2012092500100215,2012년 9월 25일 09시,화요일,대전광역시 서구 월평동,경상사고,0,0,1,0,차대차 - 정면충돌,신호위반,건조,맑음,교차로 - 교차로안,승용,여,41세,상해없음,승용,남,29세,경상
2012092500100280,2012년 9월 25일 11시,화요일,대전광역시 유성구 어은동,중상사고,0,1,0,0,차대차 - 추돌 - 진행중,안전운전불이행,건조,맑음,단일로 - 기타,화물,남,33세,상해없음,자전거,남,58세,중상
2012092500100338,2012년 9월 25일 13시,화요일,대전광역시 서구 도마동,경상사고,0,0,1,0,차대차 - 정면충돌,신호위반,건조,맑음,교차로 - 교차로안,승합,여,52세,상해없음,승용,여,30세,경상
2012092500100378,2012년 9월 25일 14시,화요일,대전광역시 서구 도마동,경상사고,0,0,1,0,차대사람 - 기타,안전운전불이행,건조,맑음,단일로 - 기타,기타불명,기타불명,기타불명,기타불명,보행자,남,12세,경상
2012092500100414,2012년 9월 25일 15시,화요일,대전광역시 대덕구 법동,경상사고,0,0,1,0,차대사람 - 차도통행중,안전운전불이행,건조,맑음,단일로 - 기타,승용,여,35세,상해없음,보행자,여,46세,경상
2012092500100505,2012년 9월 25일 17시,화요일,대전광역시 중구 부사동,경상사고,0,0,3,0,차대차 - 측면직각충돌,교차로운행방법위반,건조,맑음,교차로 - 교차로안,승용,남,43세,상해없음,승용,남,58세,경상
2012092500100506,2012년 9월 25일 17시,화요일,대전광역시 서구 내동,경상사고,0,0,2,0,차대차 - 측면직각충돌,교차로운행방법위반,건조,맑음,교차로 - 교차로부근,화물,남,38세,상해없음,승합,남,31세,경상
2012092500100596,2012년 9월 25일 19시,화요일,대전광역시 중구 목동,경상사고,0,0,1,0,차대차 - 측면직각충돌,안전운전불이행,건조,흐림,교차로 - 교차로안,승용,남,42세,상해없음,승용,남,50세,상해없음
2012092500100597,2012년 9월 25일 19시,화요일,대전광역시 동구 세천동,경상사고,0,0,3,0,차대차 - 측면직각충돌,신호위반,건조,맑음,교차로 - 교차로안,승용,남,39세,상해없음,승용,남,24세,경상
2012092500100598,2012년 9월 25일 19시,화요일,대전광역시 동구 삼성동,중상사고,0,1,1,0,차대차 - 측면직각충돌,신호위반,건조,맑음,교차로 - 교차로안,승용,남,30세,상해없음,승용,남,62세,경상
2012092500100715,2012년 9월 25일 22시,화요일,대전광역시 서구 월평동,경상사고,0,0,1,0,차대차 - 기타,안전운전불이행,건조,맑음,교차로 - 교차로안,승용,남,53세,상해없음,자전거,남,26세,경상
2012092500100749,2012년 9월 25일 23시,화요일,대전광역시 동구 인동,경상사고,0,0,1,0,차대차 - 추돌 - 주정차중,안전운전불이행,건조,맑음,교차로 - 교차로부근,승용,남,44세,상해없음,특수,남,35세,경상
2012092600100013,2012년 9월 26일 00시,수요일,대전광역시 중구 오류동,경상사고,0,0,2,0,차대차 - 측면직각충돌,안전운전불이행,건조,흐림,교차로 - 교차로안,승용,남,45세,상해없음,승용,남,41세,경상
2012092600100025,2012년 9월 26일 01시,수요일,대전광역시 유성구 원신흥동,경상사고,0,0,2,1,차대차 - 추돌 - 주정차중,안전운전불이행,건조,맑음,교차로 - 교차로부근,승용,남,23세,상해없음,승용,남,31세,경상
2012092600100085,2012년 9월 26일 06시,수요일,대전광역시 중구 유천동,경상사고,0,0,1,0,차대사람 - 보도통행중,안전운전불이행,건조,맑음,단일로 - 기타,자전거,기타불명,기타불명,기타불명,보행자,남,51세,경상
2012092600100273,2012년 9월 26일 12시,수요일,대전광역시 서구 둔산동,중상사고,0,1,0,0,차대사람 - 횡단중,보행자보호의무위반,건조,맑음,교차로 - 교차로안,승용,여,37세,상해없음,보행자,남,38세,중상
2012092600100372,2012년 9월 26일 15시,수요일,대전광역시 서구 복수동,중상사고,0,1,0,0,차대차 - 정면충돌,신호위반,건조,맑음,교차로 - 교차로안,승용,남,50세,상해없음,원동기,남,56세,중상
2012092600100407,2012년 9월 26일 16시,수요일,대전광역시 대덕구 신일동,경상사고,0,0,1,0,차대차 - 추돌 - 진행중,교차로운행방법위반,건조,맑음,교차로 - 교차로부근,화물,남,56세,상해없음,승용,남,27세,경상
2012092600100408,2012년 9월 26일 16시,수요일,대전광역시 서구 둔산동,중상사고,0,1,0,0,차대사람 - 횡단중,신호위반,건조,맑음,교차로 - 교차로안,승용,남,76세,상해없음,보행자,남,11세,중상
2012092600100443,2012년 9월 26일 17시,수요일,대전광역시 서구 도마동,경상사고,0,0,1,0,차대차 - 측면직각충돌,교차로운행방법위반,건조,맑음,교차로 - 교차로안,승용,여,48세,상해없음,승용,남,43세,경상
2012092600100490,2012년 9월 26일 18시,수요일,대전광역시 동구 성남동,중상사고,0,1,0,0,차대차 - 측면직각충돌,기타,건조,맑음,단일로 - 기타,승용,남,64세,상해없음,이륜,남,41세,중상
2012092700100044,2012년 9월 27일 01시,목요일,대전광역시 대덕구 신탄진동,사망사고,1,0,0,0,차대사람 - 횡단중,안전운전불이행,건조,맑음,단일로 - 기타,승용,남,47세,상해없음,보행자,남,77세,사망
2012092700100159,2012년 9월 27일 08시,목요일,대전광역시 서구 둔산동,중상사고,0,1,0,0,차대사람 - 횡단중,보행자보호의무위반,건조,맑음,단일로 - 횡단보도상,승용,남,55세,상해없음,보행자,여,8세,중상
2012092700100253,2012년 9월 27일 11시,목요일,대전광역시 중구 중촌동,경상사고,0,0,2,0,차대차 - 추돌 - 진행중,안전운전불이행,건조,맑음,교차로 - 교차로부근,승용,남,56세,상해없음,승용,여,51세,경상
2012092700100254,2012년 9월 27일 11시,목요일,대전광역시 대덕구 신탄진동,중상사고,0,1,0,0,차대차 - 측면직각충돌,교차로운행방법위반,건조,맑음,교차로 - 교차로안,승용,여,29세,상해없음,이륜,남,52세,중상
2012092700100340,2012년 9월 27일 14시,목요일,대전광역시 서구 가수원동,중상사고,0,1,0,0,차대사람 - 기타,안전운전불이행,건조,맑음,단일로 - 기타,승용,남,64세,상해없음,보행자,남,65세,중상
2012092700100341,2012년 9월 27일 14시,목요일,대전광역시 유성구 구암동,중상사고,0,1,2,0,차대차 - 기타,신호위반,건조,맑음,교차로 - 교차로안,원동기,남,44세,중상,승용,여,31세,경상
2012092700100500,2012년 9월 27일 18시,목요일,대전광역시 동구 자양동,중상사고,0,1,0,0,차대차 - 측면직각충돌,교차로운행방법위반,건조,맑음,교차로 - 교차로안,승용,남,55세,상해없음,자전거,남,19세,중상
2012092700100548,2012년 9월 27일 19시,목요일,대전광역시 동구 신안동,경상사고,0,0,2,0,차대차 - 측면직각충돌,신호위반,건조,맑음,교차로 - 교차로안,승용,남,69세,상해없음,승용,남,63세,경상
2012092700100549,2012년 9월 27일 19시,목요일,대전광역시 대덕구 중리동,경상사고,0,0,1,0,차대차 - 추돌 - 진행중,안전거리미확보,건조,맑음,단일로 - 기타,승용,남,49세,상해없음,승용,남,29세,경상
2012092700100550,2012년 9월 27일 19시,목요일,대전광역시 유성구 봉명동,경상사고,0,0,3,0,차대차 - 측면직각충돌,교차로운행방법위반,건조,맑음,교차로 - 교차로안,승용,남,33세,경상,승합,남,45세,상해없음
2012092700100551,2012년 9월 27일 19시,목요일,대전광역시 유성구 관평동,경상사고,0,0,1,0,차대차 - 측면직각충돌,신호위반,건조,맑음,교차로 - 교차로안,승용,여,33세,상해없음,승용,남,25세,경상
2012092700100588,2012년 9월 27일 20시,목요일,대전광역시 서구 도마동,경상사고,0,0,1,0,차대차 - 추돌 - 진행중,안전운전불이행,건조,맑음,단일로 - 기타,승용,남,36세,상해없음,승용,남,21세,경상
2012092700100589,2012년 9월 27일 20시,목요일,대전광역시 서구 월평동,경상사고,0,0,2,0,차대차 - 측면직각충돌,안전운전불이행,건조,맑음,단일로 - 기타,승용,남,51세,상해없음,승용,남,27세,경상
2012092700100658,2012년 9월 27일 22시,목요일,대전광역시 대덕구 송촌동,중상사고,0,1,0,0,차대차 - 정면충돌,중앙선침범,건조,맑음,단일로 - 기타,이륜,남,15세,상해없음,이륜,남,16세,중상
2012092700100659,2012년 9월 27일 22시,목요일,대전광역시 유성구 봉명동,중상사고,0,1,0,0,차대사람 - 횡단중,신호위반,건조,맑음,교차로 - 교차로부근,승용,남,25세,상해없음,보행자,여,55세,중상
2012092700100688,2012년 9월 27일 23시,목요일,대전광역시 서구 탄방동,경상사고,0,0,1,0,차대차 - 추돌 - 주정차중,안전거리미확보,건조,맑음,단일로 - 기타,승용,남,48세,상해없음,승용,남,32세,경상
2012092700100689,2012년 9월 27일 23시,목요일,대전광역시 유성구 화암동,경상사고,0,0,1,1,차대차 - 추돌 - 주정차중,안전운전불이행,건조,맑음,교차로 - 교차로부근,승용,남,34세,상해없음,승용,남,57세,경상
2012092800100024,2012년 9월 28일 00시,금요일,대전광역시 중구 석교동,경상사고,0,0,1,0,차대차 - 추돌 - 주정차중,안전운전불이행,건조,맑음,단일로 - 기타,승용,남,44세,상해없음,승용,남,52세,상해없음
2012092800100094,2012년 9월 28일 05시,금요일,대전광역시 대덕구 중리동,사망사고,1,0,0,0,차대사람 - 횡단중,안전운전불이행,건조,맑음,단일로 - 기타,화물,남,63세,상해없음,보행자,남,26세,사망
2012092800100318,2012년 9월 28일 12시,금요일,대전광역시 서구 탄방동,경상사고,0,0,1,0,차대차 - 측면직각충돌,안전운전불이행,건조,맑음,단일로 - 기타,승용,여,57세,상해없음,승용,남,38세,경상
2012092800100400,2012년 9월 28일 14시,금요일,대전광역시 유성구 장대동,경상사고,0,0,1,0,차대차 - 측면직각충돌,안전운전불이행,건조,맑음,단일로 - 기타,승용,여,47세,상해없음,이륜,남,22세,경상
2012092800100447,2012년 9월 28일 15시,금요일,대전광역시 동구 용운동,경상사고,0,0,1,0,차대사람 - 보도통행중,기타,습기,흐림,단일로 - 기타,승용,남,62세,상해없음,보행자,남,13세,경상
2012092800100502,2012년 9월 28일 16시,금요일,대전광역시 대덕구 법동,경상사고,0,0,2,0,차대차 - 추돌 - 진행중,안전운전불이행,건조,맑음,교차로 - 교차로부근,화물,남,50세,기타불명,승용,남,55세,경상
2012092800100679,2012년 9월 28일 19시,금요일,대전광역시 중구 대사동,경상사고,0,0,1,0,차대사람 - 기타,안전운전불이행,건조,흐림,단일로 - 기타,원동기,남,20세,상해없음,보행자,남,12세,경상
2012092800100680,2012년 9월 28일 19시,금요일,대전광역시 대덕구 덕암동,중상사고,0,1,0,0,차대차 - 측면직각충돌,안전운전불이행,건조,맑음,단일로 - 기타,승용,남,47세,상해없음,이륜,남,17세,중상
2012092800100714,2012년 9월 28일 20시,금요일,대전광역시 대덕구 문평동,경상사고,0,0,1,0,차대차 - 측면직각충돌,신호위반,건조,맑음,교차로 - 교차로안,승용,남,34세,상해없음,승용,남,40세,경상
2012092800100715,2012년 9월 28일 20시,금요일,대전광역시 유성구 봉명동,경상사고,0,0,1,0,차대차 - 기타,안전운전불이행,건조,맑음,교차로 - 교차로안,승용,남,34세,상해없음,승용,여,43세,경상
2012092800100716,2012년 9월 28일 20시,금요일,대전광역시 유성구 원촌동,경상사고,0,0,2,0,차대차 - 기타,안전운전불이행,건조,맑음,단일로 - 교량,승용,남,37세,상해없음,승용,남,41세,경상
2012092800100753,2012년 9월 28일 21시,금요일,대전광역시 서구 관저동,중상사고,0,1,3,1,차대차 - 측면직각충돌,신호위반,건조,흐림,교차로 - 교차로안,승용,남,29세,중상,승용,남,20세,경상
2012092800100754,2012년 9월 28일 21시,금요일,대전광역시 대덕구 중리동,경상사고,0,0,2,0,차대차 - 추돌 - 진행중,안전운전불이행,건조,맑음,단일로 - 기타,화물,남,40세,상해없음,승용,남,30세,경상
2012092800100755,2012년 9월 28일 21시,금요일,대전광역시 유성구 장대동,경상사고,0,0,2,0,차대차 - 추돌 - 주정차중,안전운전불이행,건조,맑음,단일로 - 기타,승용,남,28세,상해없음,승용,남,46세,상해없음
2012092800100795,2012년 9월 28일 22시,금요일,대전광역시 중구 문창동,중상사고,0,1,0,0,차대차 - 측면직각충돌,안전운전불이행,건조,흐림,단일로 - 기타,특수,남,49세,상해없음,자전거,남,51세,중상
2012092800100822,2012년 9월 28일 23시,금요일,대전광역시 중구 태평동,경상사고,0,0,2,0,차대차 - 기타,중앙선침범,건조,맑음,교차로 - 교차로부근,승용,남,43세,상해없음,승용,여,54세,경상
2012092800100823,2012년 9월 28일 23시,금요일,대전광역시 중구 목동,경상사고,0,0,1,0,차대차 - 측면직각충돌,안전거리미확보,건조,흐림,단일로 - 기타,승용,남,27세,상해없음,이륜,남,18세,경상
2012092800100824,2012년 9월 28일 23시,금요일,대전광역시 대덕구 오정동,경상사고,0,0,1,0,차대차 - 추돌 - 주정차중,안전운전불이행,건조,맑음,교차로 - 교차로부근,승용,남,29세,상해없음,승용,남,48세,경상
2012092900100027,2012년 9월 29일 00시,토요일,대전광역시 서구 갈마동,경상사고,0,0,2,0,차대차 - 기타,안전운전불이행,건조,흐림,단일로 - 기타,승용,남,30세,상해없음,승용,남,55세,경상
2012092900100058,2012년 9월 29일 02시,토요일,대전광역시 중구 대흥동,경상사고,0,0,2,0,차대차 - 정면충돌,신호위반,건조,흐림,교차로 - 교차로안,승용,남,28세,상해없음,승용,남,54세,경상
2012092900100069,2012년 9월 29일 03시,토요일,대전광역시 서구 갈마동,중상사고,0,1,2,0,차대차 - 기타,신호위반,건조,흐림,교차로 - 교차로안,승용,남,31세,상해없음,승용,여,50세,중상
2012092900100070,2012년 9월 29일 03시,토요일,대전광역시 유성구 어은동,경상사고,0,0,1,0,차대사람 - 기타,안전운전불이행,건조,맑음,단일로 - 기타,승용,기타불명,기타불명,기타불명,보행자,남,31세,경상
2012092900100088,2012년 9월 29일 04시,토요일,대전광역시 서구 월평동,중상사고,0,1,0,0,차대사람 - 기타,보행자보호의무위반,건조,맑음,교차로 - 교차로안,승용,남,54세,상해없음,보행자,남,57세,중상
2012092900100111,2012년 9월 29일 05시,토요일,대전광역시 대덕구 석봉동,중상사고,0,2,0,0,차대사람 - 횡단중,신호위반,건조,맑음,교차로 - 교차로안,승용,남,27세,상해없음,보행자,여,72세,중상
2012092900100125,2012년 9월 29일 06시,토요일,대전광역시 서구 내동,경상사고,0,0,1,0,차량단독 - 기타,안전운전불이행,건조,맑음,단일로 - 기타,승합,남,53세,상해없음,,,,
2012092900100279,2012년 9월 29일 12시,토요일,대전광역시 유성구 장대동,경상사고,0,0,1,0,차대사람 - 기타,안전운전불이행,건조,맑음,단일로 - 기타,승용,남,32세,상해없음,보행자,남,51세,경상
2012092900100356,2012년 9월 29일 15시,토요일,대전광역시 동구 용전동,중상사고,0,1,0,0,차대차 - 측면직각충돌,안전운전불이행,건조,맑음,교차로 - 교차로부근,이륜,남,76세,중상,화물,남,41세,상해없음
2012092900100363,2012년 9월 29일 16시,토요일,대전광역시 서구 괴곡동,중상사고,0,2,0,1,차대차 - 추돌 - 진행중,안전운전불이행,건조,맑음,단일로 - 기타,승용,남,54세,부상신고,승용,남,54세,중상
2012092900100407,2012년 9월 29일 17시,토요일,대전광역시 서구 둔산동,경상사고,0,0,1,0,차대차 - 기타,신호위반,건조,맑음,교차로 - 교차로안,승용,여,69세,상해없음,자전거,남,18세,경상
2012092900100514,2012년 9월 29일 21시,토요일,대전광역시 서구 도마동,경상사고,0,0,1,0,차대차 - 측면직각충돌,안전거리미확보,건조,맑음,단일로 - 기타,이륜,남,22세,상해없음,승용,남,43세,경상
2012093000100039,2012년 9월 30일 02시,일요일,대전광역시 유성구 원내동,중상사고,0,3,0,0,차량단독 - 공작물충돌,안전운전불이행,건조,맑음,단일로 - 기타,승용,남,25세,중상,,,,
2012093000100079,2012년 9월 30일 07시,일요일,대전광역시 동구 신흥동,경상사고,0,0,1,0,차대차 - 기타,안전운전불이행,건조,맑음,기타 - 기타,화물,남,56세,상해없음,이륜,남,80세,경상
2012093000100080,2012년 9월 30일 07시,일요일,대전광역시 유성구 봉명동,경상사고,0,0,6,0,차대차 - 측면직각충돌,안전거리미확보,건조,맑음,교차로 - 교차로부근,승용,남,40세,경상,승용,남,28세,경상
2012093000100130,2012년 9월 30일 10시,일요일,대전광역시 중구 목동,경상사고,0,0,1,0,차대차 - 추돌 - 주정차중,안전운전불이행,건조,맑음,단일로 - 기타,화물,남,27세,상해없음,승용,남,52세,경상
2012093000100182,2012년 9월 30일 12시,일요일,대전광역시 서구 관저동,경상사고,0,0,2,0,차대차 - 추돌 - 진행중,안전운전불이행,건조,맑음,단일로 - 기타,승용,남,21세,상해없음,승용,남,40세,경상
2012093000100268,2012년 9월 30일 15시,일요일,대전광역시 서구 월평동,경상사고,0,0,1,0,차대차 - 측면직각충돌,안전운전불이행,건조,맑음,교차로 - 교차로안,승용,여,49세,상해없음,승합,남,51세,상해없음
2012093000100376,2012년 9월 30일 19시,일요일,대전광역시 동구 인동,경상사고,0,0,6,0,차대차 - 추돌 - 진행중,안전운전불이행,건조,맑음,교차로 - 교차로부근,승용,남,50세,상해없음,승용,남,27세,경상
2012093000100377,2012년 9월 30일 19시,일요일,대전광역시 유성구 노은동,경상사고,0,0,1,0,차대차 - 추돌 - 진행중,신호위반,건조,맑음,교차로 - 교차로안,화물,남,51세,상해없음,자전거,남,14세,경상
2012093000100398,2012년 9월 30일 20시,일요일,대전광역시 중구 산성동,중상사고,0,3,1,0,차대차 - 추돌 - 주정차중,안전운전불이행,건조,맑음,단일로 - 기타,승용,남,48세,상해없음,승용,여,36세,중상
2012100100100016,2012년 10월 1일 00시,월요일,대전광역시 중구 문화동,경상사고,0,0,1,0,차량단독 - 기타,기타,습기,비,단일로 - 기타,승용,여,53세,상해없음,,,,
2012100100100017,2012년 10월 1일 00시,월요일,대전광역시 서구 갈마동,경상사고,0,0,4,0,차대차 - 추돌 - 진행중,안전운전불이행,건조,맑음,단일로 - 기타,승용,남,20세,상해없음,승용,남,42세,경상
2012100100100031,2012년 10월 1일 01시,월요일,대전광역시 서구 둔산동,중상사고,0,1,2,0,차대사람 - 기타,안전운전불이행,건조,맑음,단일로 - 기타,승용,남,53세,상해없음,보행자,남,20세,중상