사고번호,사고일시,요일,시군구,사고내용,사망자수,중상자수,경상자수,부상신고자수,사고유형,법규위반,노면상태,기상상태,도로형태,가해운전자 차종,가해운전자 성별,가해운전자 연령,가해운전자 상해정도,피해운전자 차종,피해운전자 성별,피해운전자 연령,피해운전자 상해정도
2012100900100540,2012년 10월 9일 20시,화요일,대전광역시 중구 은행동,경상사고,0,0,1,0,차대사람 - 기타,안전운전불이행,건조,맑음,단일로 - 기타,승용,기타불명,기타불명,기타불명,보행자,여,17세,경상
2012100900100582,2012년 10월 9일 21시,화요일,대전광역시 서구 갈마동,경상사고,0,0,3,0,차대차 - 기타,안전운전불이행,건조,맑음,단일로 - 기타,승용,남,30세,상해없음,승합,남,50세,상해없음
2012100900100626,2012년 10월 9일 23시,화요일,대전광역시 서구 용문동,경상사고,0,0,1,0,차대사람 - 기타,안전운전불이행,건조,맑음,단일로 - 기타,승용,남,48세,상해없음,보행자,남,24세,경상
2012101000100027,2012년 10월 10일 01시,수요일,대전광역시 서구 복수동,경상사고,0,0,2,0,차대차 - 추돌 - 주정차중,안전운전불이행,건조,맑음,교차로 - 교차로부근,승용,남,45세,상해없음,승용,남,43세,경상
2012101000100246,2012년 10월 10일 12시,수요일,대전광역시 서구 만년동,중상사고,0,1,1,0,차대차 - 측면직각충돌,신호위반,건조,맑음,교차로 - 교차로안,승용,남,46세,상해없음,승용,남,49세,경상
2012101000100341,2012년 10월 10일 15시,수요일,대전광역시 동구 판암동,경상사고,0,0,3,0,차대차 - 추돌 - 주정차중,안전운전불이행,건조,맑음,교차로 - 교차로부근,화물,남,49세,상해없음,승용,남,43세,경상
2012101000100342,2012년 10월 10일 15시,수요일,대전광역시 서구 월평동,중상사고,0,1,0,0,차대사람 - 기타,안전운전불이행,건조,맑음,단일로 - 기타,기타불명,기타불명,기타불명,기타불명,보행자,여,78세,중상
2012101000100413,2012년 10월 10일 17시,수요일,대전광역시 서구 가수원동,사망사고,2,1,0,0,차량단독 - 전도전복,안전운전불이행,건조,흐림,단일로 - 기타,이륜,남,16세,사망,,,,
2012101000100474,2012년 10월 10일 18시,수요일,대전광역시 동구 낭월동,경상사고,0,0,1,0,차대사람 - 차도통행중,안전운전불이행,건조,맑음,단일로 - 기타,이륜,남,24세,상해없음,보행자,여,84세,경상
2012101000100475,2012년 10월 10일 18시,수요일,대전광역시 대덕구 오정동,경상사고,0,0,6,0,차대차 - 추돌 - 진행중,안전운전불이행,건조,맑음,단일로 - 기타,승용,남,52세,상해없음,승용,남,55세,경상
2012101000100513,2012년 10월 10일 19시,수요일,대전광역시 서구 도마동,경상사고,0,0,1,0,차대차 - 측면직각충돌,안전거리미확보,건조,기타,단일로 - 기타,화물,남,58세,상해없음,원동기,남,56세,경상
2012101000100548,2012년 10월 10일 20시,수요일,대전광역시 서구 관저동,중상사고,0,1,0,0,차대차 - 측면직각충돌,안전운전불이행,건조,맑음,교차로 - 교차로안,승용,남,39세,상해없음,승용,남,37세,중상
2012101000100608,2012년 10월 10일 22시,수요일,대전광역시 서구 용문동,경상사고,0,0,2,0,차대차 - 측면직각충돌,안전거리미확보,건조,맑음,단일로 - 기타,승용,남,35세,경상,승용,남,56세,경상
2012101000100627,2012년 10월 10일 23시,수요일,대전광역시 동구 용전동,경상사고,0,0,2,0,차대차 - 기타,신호위반,건조,맑음,교차로 - 교차로안,승합,남,45세,상해없음,승용,남,70세,경상
2012101000100628,2012년 10월 10일 23시,수요일,대전광역시 대덕구 상서동,중상사고,0,1,1,0,차대차 - 추돌 - 진행중,안전운전불이행,건조,맑음,교차로 - 교차로부근,승용,남,43세,상해없음,승용,남,54세,중상
2012101000100629,2012년 10월 10일 23시,수요일,대전광역시 서구 둔산동,경상사고,0,0,1,0,차대사람 - 횡단중,신호위반,건조,맑음,단일로 - 횡단보도상,승용,기타불명,기타불명,기타불명,보행자,여,21세,경상
2012101100100026,2012년 10월 11일 00시,목요일,대전광역시 서구 둔산동,경상사고,0,0,1,0,차대차 - 추돌 - 주정차중,안전운전불이행,건조,맑음,교차로 - 교차로부근,승용,남,38세,상해없음,승용,남,52세,경상
2012101100100049,2012년 10월 11일 01시,목요일,대전광역시 서구 도마동,경상사고,0,0,2,0,차대차 - 추돌 - 주정차중,안전운전불이행,건조,맑음,단일로 - 기타,승합,남,42세,상해없음,승용,남,24세,경상
2012101100100104,2012년 10월 11일 06시,목요일,대전광역시 중구 중촌동,경상사고,0,0,2,0,차량단독 - 공작물충돌,안전운전불이행,건조,맑음,미분류 - 미분류,승용,여,20세,상해없음,,,,
2012101100100141,2012년 10월 11일 07시,목요일,대전광역시 서구 관저동,경상사고,0,0,1,0,차대차 - 기타,중앙선침범,건조,맑음,단일로 - 기타,승용,여,26세,상해없음,승용,여,43세,경상
2012101100100192,2012년 10월 11일 08시,목요일,대전광역시 서구 가장동,중상사고,0,1,0,0,차대차 - 측면직각충돌,안전운전불이행,건조,맑음,교차로 - 교차로안,승용,여,44세,상해없음,이륜,남,26세,중상
2012101100100193,2012년 10월 11일 08시,목요일,대전광역시 대덕구 오정동,중상사고,0,1,0,0,차대사람 - 길가장자리구역통행중,안전운전불이행,건조,맑음,단일로 - 기타,승용,여,53세,상해없음,보행자,여,69세,중상
2012101100100294,2012년 10월 11일 11시,목요일,대전광역시 중구 선화동,경상사고,0,0,2,0,차대차 - 기타,안전거리미확보,건조,맑음,단일로 - 기타,승용,남,25세,경상,승용,여,54세,경상
2012101100100421,2012년 10월 11일 15시,목요일,대전광역시 동구 가양동,중상사고,0,1,0,0,차대차 - 기타,불법유턴,건조,맑음,교차로 - 교차로부근,승용,남,64세,상해없음,이륜,남,26세,중상
2012101100100525,2012년 10월 11일 17시,목요일,대전광역시 동구 신안동,경상사고,0,0,1,0,차대차 - 기타,기타,건조,맑음,교차로 - 교차로부근,승용,남,67세,상해없음,이륜,남,66세,경상
2012101100100526,2012년 10월 11일 17시,목요일,대전광역시 동구 자양동,경상사고,0,0,1,0,차대차 - 기타,불법유턴,건조,맑음,교차로 - 교차로부근,화물,남,41세,상해없음,승용,여,28세,경상
2012101100100527,2012년 10월 11일 17시,목요일,대전광역시 대덕구 신탄진동,중상사고,0,1,1,0,차대차 - 측면직각충돌,안전운전불이행,건조,맑음,교차로 - 교차로안,승용,남,45세,상해없음,승용,여,44세,중상
2012101100100578,2012년 10월 11일 18시,목요일,대전광역시 중구 목동,중상사고,0,1,1,0,차대차 - 기타,안전운전불이행,건조,맑음,단일로 - 횡단보도상,승용,여,31세,상해없음,자전거,남,13세,중상
2012101100100612,2012년 10월 11일 19시,목요일,대전광역시 중구 산성동,중상사고,0,1,0,0,차대차 - 기타,안전운전불이행,건조,맑음,교차로 - 교차로안,승용,여,38세,상해없음,원동기,남,46세,중상
2012101100100655,2012년 10월 11일 20시,목요일,대전광역시 대덕구 중리동,중상사고,0,1,2,0,차대차 - 추돌 - 진행중,안전거리미확보,건조,맑음,단일로 - 기타,원동기,남,18세,상해없음,승용,남,47세,경상
2012101100100681,2012년 10월 11일 21시,목요일,대전광역시 중구 목동,중상사고,0,1,0,0,차대사람 - 횡단중,보행자보호의무위반,건조,맑음,교차로 - 교차로부근,승용,여,35세,상해없음,보행자,여,29세,중상
2012101100100682,2012년 10월 11일 21시,목요일,대전광역시 서구 도마동,중상사고,0,1,0,0,차대차 - 추돌 - 주정차중,안전운전불이행,건조,맑음,단일로 - 기타,승용,남,39세,기타불명,승용,남,28세,중상
2012101100100714,2012년 10월 11일 22시,목요일,대전광역시 서구 월평동,중상사고,0,1,0,0,차대사람 - 차도통행중,안전운전불이행,건조,맑음,교차로 - 교차로부근,승용,남,59세,상해없음,보행자,남,28세,중상
2012101200100035,2012년 10월 12일 01시,금요일,대전광역시 유성구 장대동,경상사고,0,0,2,0,차대차 - 측면직각충돌,신호위반,건조,맑음,교차로 - 교차로안,승용,남,24세,상해없음,승용,남,45세,경상
2012101200100046,2012년 10월 12일 02시,금요일,대전광역시 서구 갈마동,경상사고,0,0,1,0,차대차 - 추돌 - 진행중,신호위반,건조,맑음,교차로 - 교차로안,승용,남,26세,상해없음,승용,남,48세,경상
2012101200100047,2012년 10월 12일 02시,금요일,대전광역시 서구 갈마동,경상사고,0,0,1,0,차대차 - 추돌 - 진행중,안전운전불이행,건조,맑음,교차로 - 교차로안,승용,남,20세,상해없음,승용,여,25세,경상
2012101200100056,2012년 10월 12일 04시,금요일,대전광역시 중구 오류동,경상사고,0,0,1,0,차대차 - 기타,안전운전불이행,건조,맑음,단일로 - 기타,승용,남,54세,상해없음,원동기,남,37세,경상
2012101200100115,2012년 10월 12일 07시,금요일,대전광역시 대덕구 상서동,경상사고,0,0,2,0,차대차 - 측면직각충돌,안전운전불이행,건조,맑음,단일로 - 기타,승용,남,31세,상해없음,승용,여,71세,경상
2012101200100163,2012년 10월 12일 08시,금요일,대전광역시 서구 용문동,중상사고,0,1,0,0,차량단독 - 기타,안전운전불이행,건조,맑음,교차로 - 교차로부근,승합,남,51세,상해없음,,,,
2012101200100164,2012년 10월 12일 08시,금요일,대전광역시 대덕구 문평동,경상사고,0,0,1,0,차대차 - 측면직각충돌,교차로운행방법위반,건조,맑음,교차로 - 교차로안,화물,남,68세,상해없음,승용,남,54세,경상
2012101200100226,2012년 10월 12일 10시,금요일,대전광역시 중구 사정동,중상사고,0,2,1,0,차대차 - 추돌 - 진행중,안전운전불이행,건조,맑음,교차로 - 교차로부근,승합,남,68세,중상,화물,남,52세,경상
2012101200100256,2012년 10월 12일 11시,금요일,대전광역시 동구 가양동,중상사고,0,1,0,0,차대사람 - 횡단중,안전운전불이행,건조,맑음,단일로 - 기타,승용,여,67세,상해없음,보행자,여,76세,중상
2012101200100257,2012년 10월 12일 11시,금요일,대전광역시 서구 복수동,중상사고,0,1,0,0,차대사람 - 보도통행중,신호위반,건조,맑음,교차로 - 교차로부근,승용,남,42세,상해없음,보행자,여,78세,중상
2012101200100326,2012년 10월 12일 13시,금요일,대전광역시 동구 삼성동,중상사고,0,1,0,0,차대차 - 측면직각충돌,안전운전불이행,건조,맑음,단일로 - 기타,승용,남,18세,상해없음,자전거,남,74세,중상
2012101200100327,2012년 10월 12일 13시,금요일,대전광역시 대덕구 중리동,경상사고,0,0,1,0,차대차 - 측면직각충돌,안전운전불이행,건조,맑음,단일로 - 기타,승용,남,39세,상해없음,자전거,남,24세,경상
2012101200100344,2012년 10월 12일 14시,금요일,대전광역시 대덕구 신대동,경상사고,0,0,3,0,차대차 - 기타,안전거리미확보,건조,맑음,단일로 - 기타,화물,여,62세,상해없음,승용,남,36세,경상
2012101200100392,2012년 10월 12일 15시,금요일,대전광역시 동구 용전동,중상사고,0,1,0,0,차대사람 - 횡단중,보행자보호의무위반,건조,맑음,단일로 - 횡단보도상,승용,남,60세,상해없음,보행자,여,71세,중상
2012101200100494,2012년 10월 12일 17시,금요일,대전광역시 중구 은행동,경상사고,0,0,1,0,차대사람 - 기타,안전운전불이행,건조,맑음,단일로 - 기타,승용,여,37세,상해없음,보행자,여,67세,경상
2012101200100495,2012년 10월 12일 17시,금요일,대전광역시 중구 중촌동,중상사고,0,1,0,0,차대사람 - 횡단중,안전운전불이행,건조,맑음,단일로 - 기타,승용,남,25세,상해없음,보행자,여,12세,중상
2012101200100561,2012년 10월 12일 18시,금요일,대전광역시 중구 오류동,경상사고,0,0,2,0,차대차 - 추돌 - 진행중,안전운전불이행,건조,맑음,미분류 - 미분류,승용,남,47세,상해없음,승용,여,47세,경상
2012101200100562,2012년 10월 12일 18시,금요일,대전광역시 동구 낭월동,중상사고,0,1,0,0,차대사람 - 횡단중,안전운전불이행,건조,맑음,단일로 - 기타,화물,여,55세,상해없음,보행자,여,28세,중상
2012101200100563,2012년 10월 12일 18시,금요일,대전광역시 유성구 봉명동,경상사고,0,0,1,0,차대차 - 측면직각충돌,안전운전불이행,건조,맑음,단일로 - 횡단보도상,자전거,여,71세,경상,승용,여,38세,상해없음
2012101200100564,2012년 10월 12일 18시,금요일,대전광역시 서구 갈마동,중상사고,0,1,0,0,차대차 - 측면직각충돌,안전거리미확보,건조,흐림,단일로 - 기타,승용,여,62세,상해없음,승용,여,49세,중상
2012101200100609,2012년 10월 12일 19시,금요일,대전광역시 중구 산성동,경상사고,0,0,2,0,차대차 - 추돌 - 주정차중,안전운전불이행,건조,맑음,단일로 - 기타,승용,남,43세,상해없음,승용,남,46세,경상
2012101200100610,2012년 10월 12일 19시,금요일,대전광역시 대덕구 대화동,중상사고,0,1,0,0,차량단독 - 기타,기타,건조,맑음,단일로 - 기타,승합,남,37세,상해없음,,,,
2012101200100611,2012년 10월 12일 19시,금요일,대전광역시 유성구 구암동,중상사고,0,1,0,0,차대차 - 측면직각충돌,안전거리미확보,건조,맑음,단일로 - 기타,화물,기타불명,기타불명,기타불명,승용,여,43세,중상
2012101200100639,2012년 10월 12일 20시,금요일,대전광역시 서구 도마동,중상사고,0,1,0,0,차대차 - 측면직각충돌,신호위반,건조,맑음,단일로 - 기타,원동기,남,18세,중상,승용,남,67세,상해없음
2012101200100683,2012년 10월 12일 21시,금요일,대전광역시 유성구 신성동,경상사고,0,0,1,0,차대사람 - 기타,안전운전불이행,건조,맑음,단일로 - 기타,승용,남,52세,상해없음,보행자,남,8세,경상
2012101200100715,2012년 10월 12일 22시,금요일,대전광역시 중구 태평동,중상사고,0,1,0,0,차대사람 - 기타,신호위반,건조,맑음,단일로 - 횡단보도상,승용,남,61세,상해없음,보행자,여,65세,중상
2012101200100716,2012년 10월 12일 22시,금요일,대전광역시 동구 가양동,경상사고,0,0,1,0,차대차 - 추돌 - 진행중,안전운전불이행,건조,맑음,교차로 - 교차로부근,승용,여,34세,상해없음,승용,여,23세,경상
2012101200100717,2012년 10월 12일 22시,금요일,대전광역시 서구 월평동,경상사고,0,0,1,0,차대차 - 추돌 - 진행중,안전거리미확보,건조,맑음,단일로 - 기타,승합,남,43세,상해없음,승용,남,53세,경상
2012101200100755,2012년 10월 12일 23시,금요일,대전광역시 서구 정림동,중상사고,0,1,0,0,차대차 - 정면충돌,안전운전불이행,건조,맑음,교차로 - 교차로안,승용,남,40세,상해없음,이륜,남,42세,중상
2012101300100029,2012년 10월 13일 00시,토요일,대전광역시 유성구 봉명동,경상사고,0,0,3,0,차대차 - 추돌 - 주정차중,안전운전불이행,건조,맑음,단일로 - 기타,승용,남,34세,상해없음,승용,남,37세,경상
2012101300100030,2012년 10월 13일 00시,토요일,대전광역시 서구 갈마동,중상사고,0,1,1,0,차대차 - 추돌 - 진행중,안전운전불이행,건조,맑음,단일로 - 기타,승용,남,43세,상해없음,승용,남,50세,중상
2012101300100089,2012년 10월 13일 04시,토요일,대전광역시 서구 도마동,중상사고,0,1,0,0,차대사람 - 횡단중,안전운전불이행,건조,맑음,교차로 - 교차로안,승합,남,40세,상해없음,보행자,여,67세,중상
2012101300100090,2012년 10월 13일 04시,토요일,대전광역시 유성구 장대동,중상사고,0,1,0,0,차대차 - 측면직각충돌,신호위반,건조,맑음,교차로 - 교차로안,승용,남,70세,상해없음,승용,남,52세,중상
2012101300100160,2012년 10월 13일 08시,토요일,대전광역시 동구 삼성동,중상사고,0,1,0,0,차대사람 - 기타,안전운전불이행,건조,맑음,단일로 - 기타,자전거,남,27세,상해없음,보행자,여,70세,중상
2012101300100309,2012년 10월 13일 13시,토요일,대전광역시 대덕구 오정동,경상사고,0,0,1,0,차대사람 - 기타,안전운전불이행,건조,맑음,교차로 - 교차로부근,이륜,남,49세,상해없음,보행자,남,72세,경상
2012101300100348,2012년 10월 13일 14시,토요일,대전광역시 중구 대사동,중상사고,0,1,0,0,차대사람 - 보도통행중,안전운전불이행,건조,맑음,단일로 - 기타,승용,남,40세,상해없음,보행자,남,26세,중상
2012101300100349,2012년 10월 13일 14시,토요일,대전광역시 서구 만년동,경상사고,0,0,1,0,차량단독 - 기타,안전운전불이행,건조,맑음,단일로 - 기타,승용,남,58세,상해없음,,,,
2012101300100375,2012년 10월 13일 15시,토요일,대전광역시 동구 낭월동,중상사고,0,1,0,0,차량단독 - 기타,기타,건조,맑음,단일로 - 기타,승합,남,56세,상해없음,,,,
2012101300100443,2012년 10월 13일 17시,토요일,대전광역시 동구 홍도동,중상사고,0,1,0,0,차대사람 - 차도통행중,안전운전불이행,건조,맑음,단일로 - 기타,자전거,남,24세,상해없음,보행자,남,14세,중상
2012101300100511,2012년 10월 13일 18시,토요일,대전광역시 유성구 원내동,중상사고,0,1,0,0,차대사람 - 횡단중,보행자보호의무위반,건조,맑음,교차로 - 교차로부근,승합,남,45세,상해없음,보행자,여,57세,중상
2012101300100562,2012년 10월 13일 19시,토요일,대전광역시 서구 복수동,경상사고,0,0,4,0,차대차 - 정면충돌,중앙선침범,건조,맑음,교차로 - 교차로부근,승용,남,58세,상해없음,승용,남,43세,경상
2012101300100563,2012년 10월 13일 19시,토요일,대전광역시 서구 용문동,경상사고,0,0,4,0,차대차 - 기타,안전운전불이행,건조,맑음,교차로 - 교차로부근,승용,남,43세,상해없음,승용,남,24세,경상
2012101300100641,2012년 10월 13일 22시,토요일,대전광역시 유성구 궁동,경상사고,0,0,2,0,차대차 - 기타,안전거리미확보,건조,맑음,교차로 - 교차로부근,승용,남,34세,상해없음,승용,남,56세,경상
2012101400100025,2012년 10월 14일 00시,일요일,대전광역시 서구 둔산동,경상사고,0,0,1,0,차대차 - 기타,중앙선침범,건조,맑음,단일로 - 기타,승용,남,32세,상해없음,승용,남,43세,경상
2012101400100101,2012년 10월 14일 05시,일요일,대전광역시 서구 갈마동,경상사고,0,0,2,0,차대차 - 기타,신호위반,건조,맑음,교차로 - 교차로안,승용,남,58세,상해없음,승용,남,70세,경상
2012101400100249,2012년 10월 14일 13시,일요일,대전광역시 유성구 장대동,경상사고,0,0,1,0,차대사람 - 차도통행중,안전운전불이행,건조,맑음,단일로 - 기타,승용,남,65세,상해없음,보행자,여,11세,경상
2012101400100345,2012년 10월 14일 16시,일요일,대전광역시 대덕구 덕암동,경상사고,0,0,2,0,차대차 - 측면직각충돌,신호위반,건조,맑음,교차로 - 교차로안,승용,남,33세,상해없음,승용,남,59세,경상
2012101400100513,2012년 10월 14일 20시,일요일,대전광역시 동구 인동,경상사고,0,0,1,0,차대차 - 측면직각충돌,안전운전불이행,건조,맑음,교차로 - 교차로안,승용,기타불명,기타불명,기타불명,승용,남,21세,경상
2012101400100514,2012년 10월 14일 20시,일요일,대전광역시 서구 가장동,경상사고,0,0,4,0,차대차 - 추돌 - 진행중,안전거리미확보,건조,맑음,단일로 - 기타,승용,남,51세,상해없음,승용,남,72세,경상
2012101400100569,2012년 10월 14일 22시,일요일,대전광역시 중구 태평동,경상사고,0,0,3,0,차대차 - 측면직각충돌,안전거리미확보,건조,맑음,단일로 - 기타,승용,남,42세,상해없음,승용,남,31세,경상
2012101500100010,2012년 10월 15일 00시,월요일,대전광역시 중구 대사동,경상사고,0,0,1,0,차대차 - 측면직각충돌,불법유턴,건조,맑음,단일로 - 기타,승용,남,58세,상해없음,승용,여,26세,경상
2012101500100180,2012년 10월 15일 09시,월요일,대전광역시 중구 선화동,경상사고,0,0,1,0,차대사람 - 기타,안전운전불이행,건조,맑음,단일로 - 기타,화물,남,60세,상해없음,보행자,여,56세,경상
2012101500100209,2012년 10월 15일 10시,월요일,대전광역시 서구 용문동,경상사고,0,0,2,0,차대차 - 추돌 - 주정차중,안전운전불이행,건조,맑음,단일로 - 기타,승용,남,45세,상해없음,화물,남,56세,경상
2012101500100298,2012년 10월 15일 13시,월요일,대전광역시 대덕구 법동,중상사고,0,1,0,0,차대사람 - 횡단중,안전운전불이행,건조,맑음,교차로 - 교차로안,승용,남,57세,상해없음,보행자,남,61세,중상
2012101500100333,2012년 10월 15일 14시,월요일,대전광역시 중구 태평동,중상사고,0,1,0,0,차대차 - 측면직각충돌,안전운전불이행,건조,맑음,교차로 - 교차로부근,이륜,남,47세,중상,승용,남,49세,상해없음
2012101500100368,2012년 10월 15일 15시,월요일,대전광역시 동구 대성동,경상사고,0,0,1,0,차대차 - 추돌 - 진행중,안전운전불이행,건조,맑음,교차로 - 교차로부근,승용,남,50세,상해없음,승용,남,43세,경상
2012101500100407,2012년 10월 15일 16시,월요일,대전광역시 동구 용운동,경상사고,0,0,1,0,차대사람 - 횡단중,안전운전불이행,건조,맑음,단일로 - 횡단보도상,승용,남,37세,상해없음,보행자,여,57세,경상
2012101500100503,2012년 10월 15일 18시,월요일,대전광역시 유성구 관평동,사망사고,1,0,0,0,차대사람 - 보도통행중,보행자보호의무위반,건조,맑음,단일로 - 횡단보도상,승용,남,39세,상해없음,보행자,여,73세,사망
2012101500100543,2012년 10월 15일 19시,월요일,대전광역시 대덕구 비래동,경상사고,0,0,2,0,차대차 - 측면직각충돌,신호위반,건조,맑음,교차로 - 교차로안,원동기,남,14세,상해없음,승용,여,40세,경상
2012101500100626,2012년 10월 15일 22시,월요일,대전광역시 서구 정림동,경상사고,0,0,1,0,차대차 - 측면직각충돌,안전거리미확보,건조,맑음,단일로 - 기타,승용,여,47세,상해없음,화물,남,40세,경상
2012101500100627,2012년 10월 15일 22시,월요일,대전광역시 대덕구 대화동,경상사고,0,0,1,0,차대차 - 측면직각충돌,안전운전불이행,건조,맑음,교차로 - 교차로안,이륜,남,17세,상해없음,승용,남,19세,상해없음
2012101600100240,2012년 10월 16일 10시,화요일,대전광역시 서구 도마동,중상사고,0,1,0,0,차량단독 - 기타,안전운전불이행,건조,맑음,교차로 - 교차로부근,자전거,여,61세,중상,,,,
2012101600100284,2012년 10월 16일 12시,화요일,대전광역시 동구 원동,중상사고,0,1,0,0,차대차 - 측면직각충돌,교차로운행방법위반,건조,맑음,교차로 - 교차로부근,승용,여,58세,상해없음,자전거,남,56세,중상
2012101600100285,2012년 10월 16일 12시,화요일,대전광역시 서구 가수원동,경상사고,0,0,1,0,차대사람 - 기타,안전운전불이행,건조,맑음,단일로 - 기타,승용,남,53세,상해없음,보행자,여,32세,경상
2012101600100389,2012년 10월 16일 15시,화요일,대전광역시 동구 신흥동,경상사고,0,0,2,0,차대차 - 측면직각충돌,교차로운행방법위반,건조,맑음,교차로 - 교차로안,승용,남,34세,경상,승용,남,37세,경상
2012101600100522,2012년 10월 16일 18시,화요일,대전광역시 중구 유천동,중상사고,0,1,0,0,차대차 - 측면직각충돌,교차로운행방법위반,건조,맑음,교차로 - 교차로안,승용,여,37세,상해없음,승용,남,68세,중상
2012101600100523,2012년 10월 16일 18시,화요일,대전광역시 서구 도마동,경상사고,0,0,1,0,차대차 - 측면직각충돌,안전운전불이행,습기,비,단일로 - 기타,승합,여,65세,상해없음,승용,남,51세,경상
2012101600100524,2012년 10월 16일 18시,화요일,대전광역시 서구 둔산동,중상사고,0,1,0,0,차대사람 - 횡단중,안전운전불이행,건조,맑음,단일로 - 기타,승합,남,61세,상해없음,보행자,남,71세,중상
2012101600100561,2012년 10월 16일 19시,화요일,대전광역시 서구 도마동,경상사고,0,0,1,0,차대차 - 기타,안전운전불이행,습기,비,단일로 - 기타,승용,여,57세,기타불명,승용,여,32세,경상
2012101600100597,2012년 10월 16일 20시,화요일,대전광역시 동구 판암동,중상사고,0,1,0,0,차대사람 - 횡단중,안전운전불이행,건조,맑음,단일로 - 기타,승용,여,35세,상해없음,보행자,남,62세,중상
2012101600100627,2012년 10월 16일 21시,화요일,대전광역시 유성구 관평동,경상사고,0,0,1,0,차대차 - 추돌 - 진행중,안전운전불이행,건조,맑음,교차로 - 교차로부근,승용,남,38세,상해없음,승용,남,32세,경상
2012101600100628,2012년 10월 16일 21시,화요일,대전광역시 서구 갈마동,경상사고,0,0,1,0,차대차 - 추돌 - 진행중,안전운전불이행,건조,맑음,교차로 - 교차로안,승용,남,46세,상해없음,승용,여,42세,상해없음
2012101600100629,2012년 10월 16일 21시,화요일,대전광역시 유성구 송강동,경상사고,0,0,2,0,차대차 - 측면직각충돌,신호위반,건조,맑음,교차로 - 교차로안,승용,남,30세,상해없음,승용,남,53세,경상
2012101600100681,2012년 10월 16일 23시,화요일,대전광역시 중구 목동,경상사고,0,0,3,0,차대차 - 측면직각충돌,안전운전불이행,건조,맑음,교차로 - 교차로안,승용,여,27세,상해없음,승용,남,50세,경상
2012101600100682,2012년 10월 16일 23시,화요일,대전광역시 서구 탄방동,경상사고,0,0,1,0,차대차 - 측면직각충돌,안전운전불이행,건조,맑음,단일로 - 기타,승용,남,55세,상해없음,승용,남,29세,경상
2012101700100018,2012년 10월 17일 00시,수요일,대전광역시 대덕구 중리동,중상사고,0,1,2,0,차대차 - 추돌 - 진행중,안전운전불이행,건조,흐림,교차로 - 교차로부근,승용,남,55세,상해없음,승용,남,26세,경상
2012101700100059,2012년 10월 17일 03시,수요일,대전광역시 서구 내동,사망사고,1,0,0,0,차대차 - 기타,안전운전불이행,습기,비,단일로 - 기타,승용,기타불명,기타불명,기타불명,이륜,남,21세,사망
2012101700100255,2012년 10월 17일 10시,수요일,대전광역시 유성구 봉명동,경상사고,0,0,1,0,차대사람 - 횡단중,안전운전불이행,습기,비,단일로 - 횡단보도부근,기타불명,기타불명,기타불명,기타불명,보행자,여,70세,경상
2012101700100351,2012년 10월 17일 14시,수요일,대전광역시 동구 가양동,경상사고,0,0,1,0,차대사람 - 차도통행중,안전운전불이행,건조,맑음,단일로 - 기타,승용,남,51세,상해없음,보행자,여,82세,경상
2012101700100384,2012년 10월 17일 15시,수요일,대전광역시 대덕구 오정동,경상사고,0,0,1,0,차대차 - 측면직각충돌,교차로운행방법위반,건조,맑음,교차로 - 교차로안,승용,남,20세,상해없음,이륜,남,42세,경상
2012101700100448,2012년 10월 17일 17시,수요일,대전광역시 대덕구 중리동,중상사고,0,1,0,0,차대사람 - 횡단중,보행자보호의무위반,건조,맑음,단일로 - 횡단보도상,이륜,남,32세,상해없음,보행자,남,16세,중상
2012101700100449,2012년 10월 17일 17시,수요일,대전광역시 서구 갈마동,경상사고,0,0,1,0,차대차 - 추돌 - 진행중,안전운전불이행,건조,맑음,교차로 - 교차로부근,기타불명,기타불명,기타불명,기타불명,승용,여,35세,경상
2012101700100495,2012년 10월 17일 18시,수요일,대전광역시 서구 원정동,사망사고,1,0,0,0,차량단독 - 전도전복,안전운전불이행,건조,맑음,단일로 - 기타,원동기,남,76세,사망,,,,
2012101700100546,2012년 10월 17일 19시,수요일,대전광역시 동구 자양동,경상사고,0,0,2,0,차대차 - 추돌 - 진행중,기타,건조,맑음,단일로 - 기타,승합,남,29세,상해없음,승용,남,43세,경상
2012101700100620,2012년 10월 17일 21시,수요일,대전광역시 동구 효동,경상사고,0,0,2,0,차대차 - 추돌 - 주정차중,안전거리미확보,건조,맑음,단일로 - 기타,원동기,남,19세,경상,승용,남,47세,경상
2012101700100683,2012년 10월 17일 23시,수요일,대전광역시 동구 판암동,경상사고,0,0,1,0,차대차 - 측면직각충돌,신호위반,건조,맑음,교차로 - 교차로부근,승용,여,43세,상해없음,승용,남,57세,경상
2012101700100684,2012년 10월 17일 23시,수요일,대전광역시 동구 가오동,경상사고,0,0,1,0,차대차 - 측면직각충돌,신호위반,건조,맑음,교차로 - 교차로안,승용,남,54세,상해없음,승용,남,29세,경상
2012101800100124,2012년 10월 18일 07시,목요일,대전광역시 대덕구 오정동,경상사고,0,0,1,0,차대차 - 측면직각충돌,안전운전불이행,건조,맑음,단일로 - 기타,화물,남,32세,상해없음,승용,남,56세,경상