사고번호,사고일시,요일,시군구,사고내용,사망자수,중상자수,경상자수,부상신고자수,사고유형,법규위반,노면상태,기상상태,도로형태,가해운전자 차종,가해운전자 성별,가해운전자 연령,가해운전자 상해정도,피해운전자 차종,피해운전자 성별,피해운전자 연령,피해운전자 상해정도
2012101800100210,2012년 10월 18일 09시,목요일,대전광역시 중구 용두동,경상사고,0,0,1,0,차대차 - 추돌 - 주정차중,안전거리미확보,건조,맑음,교차로 - 교차로부근,승합,남,54세,상해없음,화물,남,41세,상해없음
2012101800100297,2012년 10월 18일 12시,목요일,대전광역시 동구 가양동,중상사고,0,1,1,0,차대차 - 측면직각충돌,차로위반,건조,맑음,단일로 - 기타,승용,여,26세,상해없음,화물,남,46세,중상
2012101800100335,2012년 10월 18일 13시,목요일,대전광역시 서구 도마동,경상사고,0,0,1,0,차대차 - 측면직각충돌,안전운전불이행,건조,맑음,교차로 - 교차로안,승용,여,52세,상해없음,승용,남,31세,경상
2012101800100402,2012년 10월 18일 15시,목요일,대전광역시 대덕구 비래동,중상사고,0,1,0,0,차대사람 - 길가장자리구역통행중,안전운전불이행,건조,맑음,단일로 - 기타,승합,남,43세,상해없음,보행자,여,12세,중상
2012101800100571,2012년 10월 18일 19시,목요일,대전광역시 서구 월평동,경상사고,0,0,1,0,차대차 - 측면직각충돌,신호위반,건조,맑음,교차로 - 교차로안,승용,남,53세,상해없음,이륜,남,23세,경상
2012101800100667,2012년 10월 18일 22시,목요일,대전광역시 유성구 대정동,경상사고,0,0,1,0,차대차 - 추돌 - 주정차중,안전운전불이행,건조,맑음,교차로 - 교차로부근,승용,남,38세,상해없음,승용,남,47세,경상
2012101800100668,2012년 10월 18일 22시,목요일,대전광역시 서구 둔산동,경상사고,0,0,1,0,차대차 - 추돌 - 주정차중,안전운전불이행,건조,맑음,단일로 - 기타,승용,남,45세,상해없음,승용,남,39세,경상
2012101800100669,2012년 10월 18일 22시,목요일,대전광역시 서구 만년동,경상사고,0,0,1,0,차대사람 - 차도통행중,안전운전불이행,건조,맑음,교차로 - 교차로안,승용,남,53세,상해없음,보행자,남,16세,경상
2012101800100692,2012년 10월 18일 23시,목요일,대전광역시 중구 중촌동,중상사고,0,1,2,0,차대차 - 추돌 - 주정차중,안전운전불이행,건조,맑음,단일로 - 기타,승용,남,30세,경상,승용,남,50세,중상
2012101800100693,2012년 10월 18일 23시,목요일,대전광역시 서구 내동,경상사고,0,0,1,0,차대차 - 추돌 - 진행중,안전운전불이행,건조,맑음,교차로 - 교차로부근,승용,기타불명,기타불명,기타불명,승용,여,37세,경상
2012101800100694,2012년 10월 18일 23시,목요일,대전광역시 대덕구 석봉동,경상사고,0,0,2,0,차대차 - 추돌 - 주정차중,안전운전불이행,건조,맑음,단일로 - 기타,승용,남,44세,상해없음,승용,여,54세,경상
2012101900100028,2012년 10월 19일 01시,금요일,대전광역시 중구 선화동,중상사고,0,2,1,0,차대차 - 측면직각충돌,신호위반,건조,맑음,교차로 - 교차로안,승용,남,23세,상해없음,승용,남,41세,중상
2012101900100079,2012년 10월 19일 06시,금요일,대전광역시 대덕구 석봉동,중상사고,0,2,0,0,차대차 - 측면직각충돌,신호위반,건조,맑음,교차로 - 교차로안,승용,남,49세,상해없음,승용,남,52세,중상
2012101900100106,2012년 10월 19일 07시,금요일,대전광역시 서구 용문동,중상사고,0,1,1,0,차대차 - 기타,안전운전불이행,건조,맑음,단일로 - 기타,승용,남,30세,상해없음,승용,남,51세,경상
2012101900100168,2012년 10월 19일 08시,금요일,대전광역시 유성구 구암동,중상사고,0,1,0,0,차대사람 - 횡단중,안전운전불이행,건조,맑음,단일로 - 기타,화물,남,35세,상해없음,보행자,남,74세,중상
2012101900100207,2012년 10월 19일 09시,금요일,대전광역시 유성구 궁동,경상사고,0,0,1,0,차대차 - 기타,안전운전불이행,건조,맑음,단일로 - 기타,승용,남,51세,상해없음,화물,남,55세,경상
2012101900100231,2012년 10월 19일 10시,금요일,대전광역시 중구 태평동,중상사고,0,1,0,0,차대차 - 기타,안전운전불이행,건조,맑음,교차로 - 교차로안,화물,남,56세,상해없음,이륜,남,39세,중상
2012101900100271,2012년 10월 19일 12시,금요일,대전광역시 서구 만년동,사망사고,1,0,2,0,차대차 - 기타,안전거리미확보,건조,맑음,교차로 - 교차로부근,화물,남,55세,사망,승용,여,35세,경상
2012101900100311,2012년 10월 19일 13시,금요일,대전광역시 서구 갈마동,경상사고,0,0,1,0,차대차 - 기타,신호위반,건조,맑음,교차로 - 교차로안,승용,남,24세,상해없음,승용,남,26세,경상
2012101900100345,2012년 10월 19일 14시,금요일,대전광역시 중구 중촌동,중상사고,0,1,0,0,차대차 - 기타,신호위반,건조,맑음,단일로 - 기타,이륜,기타불명,기타불명,기타불명,자전거,여,70세,중상
2012101900100379,2012년 10월 19일 15시,금요일,대전광역시 동구 용운동,중상사고,0,1,0,0,차대사람 - 횡단중,안전운전불이행,건조,맑음,단일로 - 기타,승용,남,31세,상해없음,보행자,여,71세,중상
2012101900100413,2012년 10월 19일 16시,금요일,대전광역시 중구 유천동,경상사고,0,0,1,0,차대차 - 측면직각충돌,안전운전불이행,건조,맑음,단일로 - 교량,승용,남,41세,상해없음,승용,남,64세,경상
2012101900100414,2012년 10월 19일 16시,금요일,대전광역시 서구 갈마동,경상사고,0,0,1,0,차대사람 - 기타,안전운전불이행,건조,맑음,교차로 - 교차로안,승용,기타불명,기타불명,기타불명,보행자,남,8세,경상
2012101900100516,2012년 10월 19일 18시,금요일,대전광역시 서구 둔산동,중상사고,0,1,0,0,차량단독 - 기타,기타,건조,맑음,단일로 - 기타,승합,남,48세,상해없음,,,,
2012101900100563,2012년 10월 19일 19시,금요일,대전광역시 서구 가장동,경상사고,0,0,2,1,차대차 - 측면직각충돌,중앙선침범,건조,맑음,교차로 - 교차로부근,승용,여,53세,상해없음,승용,남,35세,경상
2012101900100564,2012년 10월 19일 19시,금요일,대전광역시 서구 가장동,경상사고,0,0,2,0,차대차 - 측면직각충돌,교차로운행방법위반,건조,맑음,교차로 - 교차로부근,승용,남,32세,상해없음,승용,남,41세,경상
2012101900100597,2012년 10월 19일 20시,금요일,대전광역시 동구 용운동,경상사고,0,0,1,0,차대차 - 측면직각충돌,안전운전불이행,건조,맑음,교차로 - 교차로부근,승용,남,62세,상해없음,이륜,남,19세,경상
2012101900100628,2012년 10월 19일 21시,금요일,대전광역시 중구 옥계동,중상사고,0,1,0,0,차대차 - 측면직각충돌,안전거리미확보,건조,맑음,단일로 - 기타,승용,남,44세,상해없음,원동기,남,36세,중상
2012101900100663,2012년 10월 19일 22시,금요일,대전광역시 중구 오류동,경상사고,0,0,1,0,차대사람 - 보도통행중,보행자보호의무위반,건조,맑음,교차로 - 교차로부근,승용,남,37세,상해없음,보행자,남,33세,경상
2012101900100664,2012년 10월 19일 22시,금요일,대전광역시 중구 태평동,경상사고,0,0,1,0,차대차 - 측면직각충돌,교차로운행방법위반,건조,맑음,교차로 - 교차로안,승용,남,39세,상해없음,승용,여,48세,경상
2012102000100025,2012년 10월 20일 00시,토요일,대전광역시 대덕구 비래동,경상사고,0,0,2,0,차대차 - 측면직각충돌,교차로운행방법위반,건조,맑음,교차로 - 교차로안,승용,남,23세,기타불명,승용,남,26세,경상
2012102000100047,2012년 10월 20일 01시,토요일,대전광역시 동구 가오동,경상사고,0,0,2,0,차대차 - 측면직각충돌,신호위반,건조,맑음,교차로 - 교차로안,승용,남,41세,상해없음,승용,남,60세,경상
2012102000100063,2012년 10월 20일 02시,토요일,대전광역시 동구 홍도동,경상사고,0,0,1,0,차대사람 - 횡단중,보행자보호의무위반,건조,맑음,교차로 - 교차로안,승용,남,62세,기타불명,보행자,남,28세,경상
2012102000100064,2012년 10월 20일 02시,토요일,대전광역시 유성구 도룡동,중상사고,0,1,0,0,차대사람 - 기타,안전운전불이행,건조,흐림,교차로 - 교차로안,승용,남,25세,상해없음,보행자,여,77세,중상
2012102000100131,2012년 10월 20일 06시,토요일,대전광역시 동구 용전동,경상사고,0,0,1,0,차대사람 - 길가장자리구역통행중,안전운전불이행,건조,맑음,단일로 - 기타,화물,남,51세,상해없음,보행자,여,30세,경상
2012102000100187,2012년 10월 20일 09시,토요일,대전광역시 대덕구 읍내동,경상사고,0,0,1,0,차대사람 - 길가장자리구역통행중,안전운전불이행,건조,맑음,미분류 - 미분류,승용,여,50세,상해없음,보행자,남,51세,경상
2012102000100204,2012년 10월 20일 10시,토요일,대전광역시 중구 오류동,경상사고,0,0,1,0,차대사람 - 횡단중,보행자보호의무위반,건조,맑음,단일로 - 횡단보도상,승용,남,53세,상해없음,보행자,남,25세,경상
2012102000100205,2012년 10월 20일 10시,토요일,대전광역시 서구 만년동,중상사고,0,1,4,0,차대차 - 기타,안전운전불이행,건조,맑음,단일로 - 기타,특수,기타불명,기타불명,기타불명,승합,남,47세,경상
2012102000100346,2012년 10월 20일 14시,토요일,대전광역시 중구 유천동,경상사고,0,0,1,0,차대사람 - 기타,안전운전불이행,건조,맑음,단일로 - 기타,승용,남,22세,상해없음,보행자,남,42세,경상
2012102000100347,2012년 10월 20일 14시,토요일,대전광역시 유성구 구암동,경상사고,0,0,1,0,차대차 - 추돌 - 주정차중,안전운전불이행,건조,맑음,단일로 - 기타,화물,남,41세,상해없음,승용,여,32세,경상
2012102000100378,2012년 10월 20일 15시,토요일,대전광역시 서구 둔산동,경상사고,0,0,1,0,차대차 - 측면직각충돌,안전운전불이행,건조,맑음,단일로 - 기타,승용,남,40세,상해없음,자전거,남,7세,경상
2012102000100413,2012년 10월 20일 16시,토요일,대전광역시 대덕구 오정동,중상사고,0,1,0,0,차대사람 - 횡단중,안전운전불이행,건조,맑음,교차로 - 교차로부근,화물,남,26세,상해없음,보행자,남,13세,중상
2012102000100449,2012년 10월 20일 17시,토요일,대전광역시 유성구 구성동,중상사고,0,2,0,0,차대차 - 측면직각충돌,직진우회전진행방해,건조,맑음,교차로 - 교차로안,승용,남,24세,상해없음,원동기,남,21세,중상
2012102000100498,2012년 10월 20일 18시,토요일,대전광역시 동구 용전동,경상사고,0,0,5,0,차대차 - 기타,안전거리미확보,건조,맑음,교차로 - 교차로부근,승용,남,64세,상해없음,승합,여,40세,경상
2012102000100499,2012년 10월 20일 18시,토요일,대전광역시 대덕구 오정동,중상사고,0,1,0,0,차대차 - 측면직각충돌,신호위반,건조,맑음,교차로 - 교차로안,승용,남,41세,상해없음,이륜,남,30세,중상
2012102000100500,2012년 10월 20일 18시,토요일,대전광역시 유성구 반석동,중상사고,0,5,2,0,차대차 - 기타,안전운전불이행,건조,맑음,단일로 - 기타,승용,남,42세,상해없음,승용,남,30세,중상
2012102000100541,2012년 10월 20일 19시,토요일,대전광역시 중구 태평동,경상사고,0,0,1,0,차대차 - 측면직각충돌,신호위반,건조,맑음,단일로 - 기타,승용,남,53세,상해없음,원동기,남,68세,경상
2012102000100542,2012년 10월 20일 19시,토요일,대전광역시 동구 용전동,경상사고,0,0,1,0,차대차 - 측면직각충돌,중앙선침범,건조,맑음,단일로 - 기타,승용,남,54세,상해없음,원동기,남,25세,경상
2012102000100600,2012년 10월 20일 21시,토요일,대전광역시 중구 오류동,중상사고,0,1,0,0,차대차 - 추돌 - 진행중,안전운전불이행,건조,맑음,교차로 - 교차로안,승용,남,62세,상해없음,승용,남,30세,상해없음
2012102000100601,2012년 10월 20일 21시,토요일,대전광역시 동구 대동,중상사고,0,1,0,0,차대차 - 추돌 - 주정차중,안전운전불이행,건조,맑음,단일로 - 기타,화물,남,62세,상해없음,화물,여,47세,중상
2012102000100622,2012년 10월 20일 22시,토요일,대전광역시 서구 둔산동,중상사고,0,1,0,0,차대사람 - 횡단중,보행자보호의무위반,건조,맑음,교차로 - 교차로안,승용,남,37세,상해없음,보행자,여,60세,중상
2012102000100651,2012년 10월 20일 23시,토요일,대전광역시 서구 도마동,중상사고,0,2,0,0,차대차 - 측면직각충돌,안전운전불이행,건조,맑음,단일로 - 기타,승용,남,34세,상해없음,승용,남,53세,중상
2012102000100652,2012년 10월 20일 23시,토요일,대전광역시 서구 갈마동,경상사고,0,0,3,0,차대차 - 기타,차로위반,건조,맑음,단일로 - 기타,승용,남,36세,상해없음,승용,여,28세,경상
2012102100100029,2012년 10월 21일 00시,일요일,대전광역시 서구 용문동,경상사고,0,0,4,0,차대차 - 추돌 - 주정차중,안전거리미확보,건조,맑음,교차로 - 교차로부근,승용,남,32세,상해없음,승용,여,31세,경상
2012102100100030,2012년 10월 21일 00시,일요일,대전광역시 유성구 궁동,중상사고,0,1,0,0,차대사람 - 기타,안전운전불이행,건조,맑음,교차로 - 교차로안,승용,남,43세,상해없음,보행자,여,17세,중상
2012102100100031,2012년 10월 21일 00시,일요일,대전광역시 서구 둔산동,중상사고,0,1,1,0,차대차 - 기타,신호위반,건조,맑음,교차로 - 교차로안,승용,남,24세,상해없음,승합,남,50세,중상
2012102100100073,2012년 10월 21일 02시,일요일,대전광역시 중구 오류동,중상사고,0,1,1,0,차대사람 - 횡단중,신호위반,건조,맑음,단일로 - 횡단보도상,승용,남,60세,상해없음,보행자,남,35세,중상
2012102100100086,2012년 10월 21일 03시,일요일,대전광역시 중구 문화동,부상신고사고,0,0,0,1,차대차 - 추돌 - 주정차중,안전운전불이행,건조,맑음,교차로 - 교차로안,승용,남,46세,상해없음,승용,남,45세,부상신고
2012102100100087,2012년 10월 21일 03시,일요일,대전광역시 서구 탄방동,경상사고,0,0,4,0,차대차 - 기타,안전거리미확보,습기,비,단일로 - 교량,승용,남,32세,상해없음,승용,남,31세,경상
2012102100100201,2012년 10월 21일 11시,일요일,대전광역시 동구 삼괴동,경상사고,0,0,3,0,차대차 - 추돌 - 진행중,안전운전불이행,건조,맑음,단일로 - 기타,승용,남,24세,상해없음,승용,남,48세,경상
2012102100100273,2012년 10월 21일 14시,일요일,대전광역시 동구 용전동,경상사고,0,0,1,0,차대사람 - 횡단중,보행자보호의무위반,건조,맑음,단일로 - 횡단보도상,승용,남,37세,상해없음,보행자,남,55세,경상
2012102100100311,2012년 10월 21일 15시,일요일,대전광역시 중구 중촌동,중상사고,0,1,0,0,차대사람 - 기타,안전운전불이행,건조,맑음,교차로 - 교차로부근,승용,남,46세,상해없음,보행자,여,14세,중상
2012102100100312,2012년 10월 21일 15시,일요일,대전광역시 유성구 봉명동,중상사고,0,1,0,0,차대사람 - 기타,안전운전불이행,건조,맑음,교차로 - 교차로부근,승용,남,55세,상해없음,보행자,남,39세,중상
2012102100100343,2012년 10월 21일 16시,일요일,대전광역시 서구 내동,경상사고,0,0,5,0,차대차 - 측면직각충돌,중앙선침범,건조,맑음,교차로 - 교차로부근,승용,남,67세,상해없음,승용,남,33세,경상
2012102100100424,2012년 10월 21일 18시,일요일,대전광역시 동구 대성동,중상사고,0,1,1,0,차대차 - 측면직각충돌,안전운전불이행,건조,맑음,단일로 - 기타,화물,남,54세,상해없음,승용,여,29세,중상
2012102100100425,2012년 10월 21일 18시,일요일,대전광역시 서구 괴정동,경상사고,0,0,2,0,차대차 - 추돌 - 진행중,안전운전불이행,건조,맑음,단일로 - 기타,승용,남,35세,상해없음,승용,남,53세,경상
2012102100100458,2012년 10월 21일 19시,일요일,대전광역시 중구 산성동,경상사고,0,0,4,0,차대차 - 추돌 - 진행중,안전운전불이행,건조,맑음,단일로 - 기타,승용,남,60세,상해없음,승용,여,31세,경상
2012102100100511,2012년 10월 21일 21시,일요일,대전광역시 중구 부사동,경상사고,0,0,1,0,차대차 - 측면직각충돌,중앙선침범,건조,맑음,단일로 - 기타,승용,남,76세,상해없음,승용,남,37세,경상
2012102100100512,2012년 10월 21일 21시,일요일,대전광역시 동구 용전동,경상사고,0,0,2,0,차대차 - 측면직각충돌,교차로운행방법위반,건조,맑음,교차로 - 교차로안,승용,남,62세,상해없음,승용,여,40세,경상
2012102100100513,2012년 10월 21일 21시,일요일,대전광역시 동구 용전동,중상사고,0,1,0,0,차대차 - 측면직각충돌,신호위반,건조,맑음,교차로 - 교차로안,승합,남,48세,상해없음,이륜,남,19세,중상
2012102100100537,2012년 10월 21일 22시,일요일,대전광역시 서구 도마동,경상사고,0,0,4,0,차대차 - 추돌 - 주정차중,안전운전불이행,건조,맑음,교차로 - 교차로부근,화물,남,53세,상해없음,승용,남,54세,기타불명
2012102100100556,2012년 10월 21일 23시,일요일,대전광역시 동구 대성동,경상사고,0,0,2,0,차대차 - 기타,신호위반,건조,맑음,교차로 - 교차로안,승용,남,38세,상해없음,승용,남,61세,경상
2012102200100022,2012년 10월 22일 01시,월요일,대전광역시 유성구 궁동,경상사고,0,0,1,0,차대차 - 측면직각충돌,직진우회전진행방해,건조,맑음,교차로 - 교차로안,승용,남,22세,상해없음,화물,여,46세,경상
2012102200100028,2012년 10월 22일 02시,월요일,대전광역시 동구 세천동,경상사고,0,0,1,0,차대차 - 측면직각충돌,신호위반,건조,맑음,교차로 - 교차로안,화물,남,77세,상해없음,승용,남,40세,경상
2012102200100054,2012년 10월 22일 05시,월요일,대전광역시 중구 은행동,중상사고,0,1,0,0,차대사람 - 횡단중,안전운전불이행,건조,맑음,단일로 - 기타,승용,남,50세,상해없음,보행자,여,25세,중상
2012102200100115,2012년 10월 22일 07시,월요일,대전광역시 중구 중촌동,경상사고,0,0,1,0,차대사람 - 기타,안전운전불이행,건조,맑음,단일로 - 기타,기타불명,기타불명,기타불명,기타불명,보행자,남,16세,경상
2012102200100148,2012년 10월 22일 08시,월요일,대전광역시 서구 정림동,경상사고,0,0,2,0,차대차 - 추돌 - 진행중,안전운전불이행,습기,비,단일로 - 기타,승용,남,51세,상해없음,승용,남,57세,경상
2012102200100149,2012년 10월 22일 08시,월요일,대전광역시 대덕구 평촌동,중상사고,0,1,0,0,차대사람 - 횡단중,보행자보호의무위반,건조,맑음,교차로 - 교차로안,승용,남,54세,상해없음,보행자,여,69세,중상
2012102200100150,2012년 10월 22일 08시,월요일,대전광역시 유성구 안산동,사망사고,1,0,0,0,차량단독 - 공작물충돌,안전운전불이행,습기,비,단일로 - 기타,승용,여,44세,사망,,,,
2012102200100151,2012년 10월 22일 08시,월요일,대전광역시 유성구 용계동,중상사고,0,1,0,0,차대차 - 측면직각충돌,신호위반,습기,비,교차로 - 교차로안,승용,남,48세,상해없음,승용,여,38세,중상
2012102200100152,2012년 10월 22일 08시,월요일,대전광역시 유성구 화암동,경상사고,0,0,1,0,차대차 - 측면직각충돌,신호위반,습기,비,교차로 - 교차로안,화물,남,24세,상해없음,승용,남,61세,경상
2012102200100224,2012년 10월 22일 10시,월요일,대전광역시 동구 인동,경상사고,0,0,4,0,차대차 - 측면직각충돌,신호위반,습기,비,교차로 - 교차로안,승용,남,80세,상해없음,승용,여,47세,경상
2012102200100248,2012년 10월 22일 11시,월요일,대전광역시 동구 성남동,중상사고,0,1,1,0,차대차 - 추돌 - 진행중,안전운전불이행,습기,비,교차로 - 교차로부근,승용,남,69세,상해없음,승용,여,44세,중상
2012102200100249,2012년 10월 22일 11시,월요일,대전광역시 동구 용전동,경상사고,0,0,2,0,차대사람 - 횡단중,보행자보호의무위반,습기,비,단일로 - 횡단보도상,승용,남,26세,상해없음,보행자,남,23세,경상
2012102200100250,2012년 10월 22일 11시,월요일,대전광역시 대덕구 상서동,경상사고,0,0,1,0,차대차 - 추돌 - 주정차중,안전거리미확보,건조,맑음,단일로 - 기타,화물,남,48세,상해없음,승용,여,44세,경상
2012102200100251,2012년 10월 22일 11시,월요일,대전광역시 유성구 원내동,중상사고,0,1,0,0,차대사람 - 보도통행중,기타,습기,비,단일로 - 기타,승합,남,49세,상해없음,보행자,남,48세,중상
2012102200100284,2012년 10월 22일 12시,월요일,대전광역시 대덕구 중리동,경상사고,0,0,1,0,차대차 - 추돌 - 주정차중,안전운전불이행,습기,비,단일로 - 기타,승용,남,51세,상해없음,승용,남,19세,경상
2012102200100432,2012년 10월 22일 16시,월요일,대전광역시 대덕구 오정동,중상사고,0,1,0,0,차량단독 - 기타,기타,습기,비,단일로 - 기타,승합,남,46세,상해없음,,,,
2012102200100477,2012년 10월 22일 17시,월요일,대전광역시 유성구 원내동,중상사고,0,1,0,0,차대사람 - 기타,안전운전불이행,건조,맑음,단일로 - 기타,승용,기타불명,기타불명,기타불명,보행자,여,77세,중상
2012102200100606,2012년 10월 22일 19시,월요일,대전광역시 중구 석교동,경상사고,0,0,2,0,차대차 - 측면직각충돌,안전거리미확보,건조,맑음,교차로 - 교차로부근,승용,남,62세,상해없음,승용,남,52세,경상
2012102200100683,2012년 10월 22일 21시,월요일,대전광역시 동구 가양동,경상사고,0,0,1,0,차대사람 - 횡단중,안전운전불이행,건조,맑음,교차로 - 교차로부근,승용,여,68세,상해없음,보행자,여,32세,경상
2012102200100684,2012년 10월 22일 21시,월요일,대전광역시 유성구 원내동,경상사고,0,0,1,0,차대차 - 추돌 - 진행중,안전운전불이행,건조,맑음,교차로 - 교차로부근,화물,남,39세,상해없음,승용,남,55세,상해없음
2012102200100685,2012년 10월 22일 21시,월요일,대전광역시 유성구 장대동,중상사고,0,1,0,0,차대차 - 추돌 - 진행중,안전운전불이행,건조,맑음,교차로 - 교차로안,승용,여,62세,상해없음,승용,남,52세,중상
2012102200100718,2012년 10월 22일 22시,월요일,대전광역시 유성구 화암동,경상사고,0,0,4,0,차대차 - 추돌 - 주정차중,안전운전불이행,건조,맑음,단일로 - 기타,승용,남,42세,상해없음,승합,남,51세,상해없음
2012102300100017,2012년 10월 23일 00시,화요일,대전광역시 유성구 화암동,사망사고,1,0,0,0,차량단독 - 공작물충돌,안전운전불이행,건조,맑음,단일로 - 기타,승용,여,31세,사망,,,,
2012102300100089,2012년 10월 23일 06시,화요일,대전광역시 중구 유천동,경상사고,0,0,1,0,차대차 - 추돌 - 진행중,안전운전불이행,건조,맑음,교차로 - 교차로부근,승용,여,31세,상해없음,승합,남,58세,경상
2012102300100125,2012년 10월 23일 07시,화요일,대전광역시 대덕구 신탄진동,중상사고,0,1,0,0,차대차 - 측면직각충돌,신호위반,건조,맑음,교차로 - 교차로안,승용,남,30세,상해없음,자전거,남,44세,중상
2012102300100222,2012년 10월 23일 09시,화요일,대전광역시 중구 안영동,경상사고,0,0,1,0,차대차 - 측면직각충돌,신호위반,건조,맑음,단일로 - 기타,화물,남,55세,상해없음,화물,남,44세,경상
2012102300100261,2012년 10월 23일 10시,화요일,대전광역시 중구 문화동,경상사고,0,0,1,0,차대차 - 측면직각충돌,신호위반,건조,맑음,교차로 - 교차로안,승용,남,68세,상해없음,화물,남,47세,경상
2012102300100297,2012년 10월 23일 12시,화요일,대전광역시 중구 문화동,경상사고,0,0,3,0,차대차 - 추돌 - 주정차중,안전운전불이행,건조,맑음,단일로 - 기타,승용,여,50세,상해없음,승용,남,38세,경상
2012102300100298,2012년 10월 23일 12시,화요일,대전광역시 대덕구 법동,중상사고,0,1,0,0,차대차 - 측면직각충돌,안전운전불이행,건조,맑음,단일로 - 횡단보도상,승용,남,30세,상해없음,자전거,남,79세,중상
2012102300100299,2012년 10월 23일 12시,화요일,대전광역시 유성구 화암동,경상사고,0,0,2,0,차대차 - 추돌 - 진행중,안전운전불이행,건조,맑음,교차로 - 교차로부근,승합,남,49세,상해없음,승용,남,39세,경상
2012102300100327,2012년 10월 23일 13시,화요일,대전광역시 중구 대흥동,경상사고,0,0,2,0,차대차 - 측면직각충돌,신호위반,건조,맑음,교차로 - 교차로안,승용,남,57세,상해없음,승용,여,40세,경상
2012102300100358,2012년 10월 23일 14시,화요일,대전광역시 유성구 구암동,경상사고,0,0,1,0,차대차 - 기타,안전운전불이행,건조,맑음,단일로 - 기타,승용,남,42세,상해없음,승용,남,42세,경상
2012102300100405,2012년 10월 23일 15시,화요일,대전광역시 중구 산성동,경상사고,0,0,2,0,차대차 - 추돌 - 주정차중,안전운전불이행,건조,맑음,단일로 - 교량,승용,여,56세,상해없음,화물,남,56세,경상
2012102300100406,2012년 10월 23일 15시,화요일,대전광역시 서구 갈마동,중상사고,0,1,0,0,차대사람 - 횡단중,안전운전불이행,건조,맑음,단일로 - 기타,승용,남,64세,상해없음,보행자,여,21세,중상
2012102300100444,2012년 10월 23일 16시,화요일,대전광역시 동구 홍도동,경상사고,0,0,1,0,차량단독 - 기타,안전운전불이행,건조,맑음,단일로 - 기타,승합,남,54세,상해없음,,,,
2012102300100492,2012년 10월 23일 17시,화요일,대전광역시 서구 괴정동,경상사고,0,0,1,0,차대차 - 추돌 - 주정차중,안전운전불이행,건조,맑음,단일로 - 기타,승용,여,49세,상해없음,이륜,남,40세,경상
2012102300100623,2012년 10월 23일 20시,화요일,대전광역시 서구 관저동,경상사고,0,0,2,0,차대사람 - 기타,안전운전불이행,건조,맑음,교차로 - 교차로부근,승용,여,28세,상해없음,보행자,남,25세,경상
2012102300100686,2012년 10월 23일 22시,화요일,대전광역시 서구 용문동,중상사고,0,1,0,0,차대차 - 측면직각충돌,안전거리미확보,건조,맑음,단일로 - 교량,승용,남,43세,상해없음,원동기,여,59세,중상
2012102300100716,2012년 10월 23일 23시,화요일,대전광역시 중구 유천동,중상사고,0,1,0,0,차대차 - 측면직각충돌,중앙선침범,건조,맑음,단일로 - 기타,승용,남,30세,상해없음,원동기,남,17세,중상
2012102300100717,2012년 10월 23일 23시,화요일,대전광역시 서구 둔산동,중상사고,0,1,1,0,차대차 - 추돌 - 주정차중,안전운전불이행,건조,맑음,단일로 - 기타,승용,남,40세,상해없음,승용,여,26세,중상
2012102400100021,2012년 10월 24일 00시,수요일,대전광역시 서구 갈마동,중상사고,0,2,0,0,차대차 - 측면직각충돌,신호위반,습기,비,교차로 - 교차로안,승용,남,37세,상해없음,승용,남,51세,중상
2012102400100022,2012년 10월 24일 00시,수요일,대전광역시 서구 둔산동,경상사고,0,0,3,0,차대차 - 추돌 - 주정차중,안전운전불이행,건조,맑음,단일로 - 기타,승용,남,37세,상해없음,승용,남,66세,경상
2012102400100057,2012년 10월 24일 03시,수요일,대전광역시 유성구 덕진동,사망사고,1,0,0,0,차량단독 - 공작물충돌,안전운전불이행,건조,맑음,교차로 - 교차로안,승용,여,40세,사망,,,,
2012102400100161,2012년 10월 24일 08시,수요일,대전광역시 유성구 장대동,경상사고,0,0,1,1,차대차 - 추돌 - 진행중,안전운전불이행,건조,맑음,단일로 - 기타,승용,남,37세,상해없음,승용,여,40세,부상신고
2012102400100246,2012년 10월 24일 11시,수요일,대전광역시 서구 둔산동,경상사고,0,0,1,0,차대차 - 기타,교차로운행방법위반,건조,맑음,교차로 - 교차로안,승용,남,55세,상해없음,승용,남,69세,경상
2012102400100269,2012년 10월 24일 12시,수요일,대전광역시 서구 관저동,중상사고,0,1,1,0,차대차 - 측면직각충돌,신호위반,건조,맑음,교차로 - 교차로안,원동기,남,23세,중상,승용,여,58세,경상
2012102400100348,2012년 10월 24일 15시,수요일,대전광역시 서구 탄방동,경상사고,0,0,1,0,차대사람 - 차도통행중,안전운전불이행,건조,맑음,단일로 - 기타,승용,기타불명,기타불명,기타불명,보행자,여,8세,경상
2012102400100373,2012년 10월 24일 16시,수요일,대전광역시 중구 중촌동,중상사고,0,1,0,0,차대사람 - 횡단중,안전운전불이행,건조,맑음,단일로 - 기타,승용,남,43세,상해없음,보행자,남,11세,중상
2012102400100407,2012년 10월 24일 17시,수요일,대전광역시 유성구 구암동,중상사고,0,1,0,0,차대사람 - 기타,안전운전불이행,건조,맑음,단일로 - 기타,화물,남,51세,상해없음,보행자,남,17세,기타불명
2012102400100493,2012년 10월 24일 19시,수요일,대전광역시 서구 둔산동,경상사고,0,0,1,0,차대차 - 기타,안전운전불이행,건조,맑음,교차로 - 교차로안,승용,남,43세,상해없음,승용,남,40세,경상