사고번호,사고일시,요일,시군구,사고내용,사망자수,중상자수,경상자수,부상신고자수,사고유형,법규위반,노면상태,기상상태,도로형태,가해운전자 차종,가해운전자 성별,가해운전자 연령,가해운전자 상해정도,피해운전자 차종,피해운전자 성별,피해운전자 연령,피해운전자 상해정도
2012102400100526,2012년 10월 24일 20시,수요일,대전광역시 서구 갈마동,경상사고,0,0,1,0,차대차 - 기타,교차로운행방법위반,건조,맑음,교차로 - 교차로안,승용,여,25세,상해없음,원동기,남,46세,경상
2012102400100527,2012년 10월 24일 20시,수요일,대전광역시 서구 만년동,중상사고,0,1,0,0,차대사람 - 횡단중,신호위반,건조,맑음,교차로 - 교차로부근,승용,남,54세,상해없음,보행자,남,26세,중상
2012102400100560,2012년 10월 24일 21시,수요일,대전광역시 중구 태평동,중상사고,0,1,0,0,차대차 - 기타,신호위반,건조,맑음,교차로 - 교차로안,승용,남,25세,상해없음,승합,남,50세,상해없음
2012102400100561,2012년 10월 24일 21시,수요일,대전광역시 서구 관저동,경상사고,0,0,1,0,차대차 - 측면직각충돌,신호위반,건조,맑음,단일로 - 기타,화물,여,46세,상해없음,승용,남,52세,경상
2012102400100593,2012년 10월 24일 22시,수요일,대전광역시 중구 태평동,경상사고,0,0,1,0,차대차 - 기타,안전운전불이행,건조,맑음,교차로 - 교차로부근,승용,남,39세,상해없음,자전거,남,17세,경상
2012102400100594,2012년 10월 24일 22시,수요일,대전광역시 유성구 반석동,경상사고,0,0,4,0,차대차 - 추돌 - 진행중,안전운전불이행,건조,맑음,교차로 - 교차로부근,승용,남,28세,기타불명,승용,남,48세,경상
2012102400100620,2012년 10월 24일 23시,수요일,대전광역시 중구 대사동,경상사고,0,0,2,0,차대차 - 추돌 - 주정차중,안전운전불이행,건조,맑음,단일로 - 기타,승용,남,17세,상해없음,승용,남,22세,경상
2012102400100621,2012년 10월 24일 23시,수요일,대전광역시 중구 용두동,경상사고,0,0,3,0,차대차 - 측면직각충돌,안전운전불이행,건조,맑음,교차로 - 교차로부근,승용,여,46세,상해없음,승용,남,54세,경상
2012102400100622,2012년 10월 24일 23시,수요일,대전광역시 서구 가수원동,경상사고,0,0,1,0,차대사람 - 기타,안전운전불이행,건조,맑음,단일로 - 기타,승용,여,55세,상해없음,보행자,남,16세,경상
2012102500100022,2012년 10월 25일 00시,목요일,대전광역시 동구 자양동,경상사고,0,0,1,0,차대차 - 측면직각충돌,안전운전불이행,건조,맑음,단일로 - 기타,승용,남,28세,상해없음,승용,남,48세,경상
2012102500100023,2012년 10월 25일 00시,목요일,대전광역시 대덕구 오정동,경상사고,0,0,2,0,차대차 - 추돌 - 진행중,안전운전불이행,건조,맑음,교차로 - 교차로부근,승용,남,57세,상해없음,승용,남,54세,상해없음
2012102500100124,2012년 10월 25일 07시,목요일,대전광역시 동구 중동,경상사고,0,0,3,0,차대차 - 측면직각충돌,직진우회전진행방해,건조,맑음,교차로 - 교차로안,승용,남,61세,상해없음,승용,남,35세,경상
2012102500100174,2012년 10월 25일 08시,목요일,대전광역시 유성구 구암동,중상사고,0,1,0,0,차대사람 - 차도통행중,안전운전불이행,건조,맑음,단일로 - 기타,승합,남,65세,상해없음,보행자,남,15세,중상
2012102500100175,2012년 10월 25일 08시,목요일,대전광역시 서구 둔산동,경상사고,0,0,1,0,차량단독 - 기타,기타,건조,맑음,단일로 - 기타,승합,남,52세,상해없음,,,,
2012102500100193,2012년 10월 25일 09시,목요일,대전광역시 유성구 노은동,경상사고,0,0,1,0,차대사람 - 차도통행중,안전운전불이행,건조,맑음,단일로 - 기타,승용,여,34세,상해없음,보행자,여,35세,경상
2012102500100269,2012년 10월 25일 12시,목요일,대전광역시 중구 대흥동,경상사고,0,0,1,0,차대차 - 측면직각충돌,신호위반,건조,맑음,교차로 - 교차로안,원동기,남,25세,상해없음,승용,남,45세,상해없음
2012102500100270,2012년 10월 25일 12시,목요일,대전광역시 서구 갈마동,중상사고,0,1,0,0,차대차 - 기타,신호위반,건조,맑음,교차로 - 교차로부근,승용,남,62세,상해없음,승용,남,52세,중상
2012102500100305,2012년 10월 25일 13시,목요일,대전광역시 서구 용문동,중상사고,0,1,0,0,차대사람 - 횡단중,안전운전불이행,건조,맑음,교차로 - 교차로안,화물,남,30세,상해없음,보행자,여,76세,중상
2012102500100328,2012년 10월 25일 14시,목요일,대전광역시 서구 괴정동,중상사고,0,1,0,0,차대사람 - 횡단중,안전운전불이행,건조,맑음,단일로 - 기타,원동기,남,23세,상해없음,보행자,여,7세,중상
2012102500100329,2012년 10월 25일 14시,목요일,대전광역시 유성구 지족동,경상사고,0,0,1,0,차대사람 - 기타,보행자보호의무위반,건조,맑음,교차로 - 교차로부근,승용,기타불명,기타불명,기타불명,보행자,여,37세,경상
2012102500100352,2012년 10월 25일 15시,목요일,대전광역시 중구 오류동,경상사고,0,0,1,0,차대차 - 측면직각충돌,안전거리미확보,건조,맑음,교차로 - 교차로부근,승용,여,46세,상해없음,승용,남,58세,경상
2012102500100411,2012년 10월 25일 17시,목요일,대전광역시 서구 갈마동,경상사고,0,0,1,0,차대차 - 기타,안전운전불이행,건조,맑음,단일로 - 기타,승용,여,31세,상해없음,승용,남,62세,경상
2012102500100502,2012년 10월 25일 19시,목요일,대전광역시 중구 태평동,경상사고,0,0,1,0,차대차 - 측면직각충돌,신호위반,건조,맑음,교차로 - 교차로부근,화물,남,22세,상해없음,자전거,남,49세,경상
2012102500100503,2012년 10월 25일 19시,목요일,대전광역시 서구 둔산동,중상사고,0,1,0,0,차대차 - 기타,교차로운행방법위반,건조,맑음,교차로 - 교차로안,이륜,남,17세,상해없음,승용,남,58세,상해없음
2012102500100504,2012년 10월 25일 19시,목요일,대전광역시 유성구 전민동,경상사고,0,0,1,0,차량단독 - 기타,기타,건조,맑음,단일로 - 기타,승합,남,63세,상해없음,,,,
2012102500100598,2012년 10월 25일 22시,목요일,대전광역시 동구 삼성동,경상사고,0,0,2,0,차대차 - 추돌 - 주정차중,안전운전불이행,건조,맑음,단일로 - 교량,승용,남,38세,상해없음,승용,남,60세,경상
2012102500100617,2012년 10월 25일 23시,목요일,대전광역시 서구 괴정동,경상사고,0,0,1,0,차대사람 - 길가장자리구역통행중,안전운전불이행,건조,맑음,단일로 - 기타,승용,여,30세,기타불명,보행자,남,31세,경상
2012102600100054,2012년 10월 26일 02시,금요일,대전광역시 중구 대사동,경상사고,0,0,1,0,차대차 - 측면직각충돌,안전거리미확보,건조,맑음,교차로 - 교차로부근,승용,남,58세,상해없음,승용,남,44세,경상
2012102600100111,2012년 10월 26일 06시,금요일,대전광역시 대덕구 문평동,중상사고,0,1,0,0,차대사람 - 기타,안전운전불이행,건조,맑음,단일로 - 기타,자전거,남,41세,상해없음,보행자,여,61세,중상
2012102600100147,2012년 10월 26일 07시,금요일,대전광역시 대덕구 신일동,중상사고,0,1,2,0,차대차 - 측면직각충돌,신호위반,건조,맑음,교차로 - 교차로안,화물,남,63세,경상,승용,남,30세,중상
2012102600100199,2012년 10월 26일 08시,금요일,대전광역시 동구 용운동,경상사고,0,0,1,0,차대사람 - 기타,안전운전불이행,건조,맑음,단일로 - 기타,화물,남,43세,기타불명,보행자,여,14세,경상
2012102600100261,2012년 10월 26일 10시,금요일,대전광역시 서구 용문동,경상사고,0,0,4,1,차대차 - 측면직각충돌,직진우회전진행방해,건조,맑음,교차로 - 교차로안,승용,여,38세,상해없음,승용,남,62세,경상
2012102600100284,2012년 10월 26일 11시,금요일,대전광역시 동구 삼성동,경상사고,0,0,1,0,차대사람 - 횡단중,안전운전불이행,건조,맑음,단일로 - 기타,승용,여,34세,상해없음,보행자,여,73세,경상
2012102600100285,2012년 10월 26일 11시,금요일,대전광역시 유성구 궁동,중상사고,0,2,0,0,차대차 - 측면직각충돌,신호위반,건조,맑음,교차로 - 교차로안,승용,남,38세,상해없음,승용,남,36세,중상
2012102600100286,2012년 10월 26일 11시,금요일,대전광역시 서구 둔산동,경상사고,0,0,1,0,차량단독 - 전도전복,안전거리미확보,건조,맑음,교차로 - 교차로부근,승합,남,48세,상해없음,,,,
2012102600100308,2012년 10월 26일 12시,금요일,대전광역시 동구 추동,중상사고,0,1,0,0,차대차 - 추돌 - 진행중,안전거리미확보,건조,맑음,단일로 - 기타,특수,남,44세,상해없음,승용,남,38세,중상
2012102600100439,2012년 10월 26일 16시,금요일,대전광역시 중구 목동,중상사고,0,1,0,0,차대사람 - 횡단중,안전운전불이행,건조,맑음,단일로 - 기타,승합,남,65세,상해없음,보행자,여,53세,중상
2012102600100478,2012년 10월 26일 17시,금요일,대전광역시 서구 둔산동,중상사고,0,1,0,0,차대차 - 추돌 - 주정차중,안전운전불이행,건조,맑음,단일로 - 기타,화물,남,38세,상해없음,화물,남,44세,상해없음
2012102600100597,2012년 10월 26일 20시,금요일,대전광역시 대덕구 송촌동,경상사고,0,0,3,0,차대차 - 측면직각충돌,직진우회전진행방해,건조,맑음,교차로 - 교차로안,승용,여,48세,상해없음,승용,여,24세,경상
2012102600100642,2012년 10월 26일 21시,금요일,대전광역시 중구 유천동,경상사고,0,0,1,0,차대차 - 추돌 - 주정차중,안전운전불이행,건조,맑음,단일로 - 기타,승용,남,23세,상해없음,승용,남,50세,경상
2012102600100665,2012년 10월 26일 22시,금요일,대전광역시 유성구 구암동,경상사고,0,0,1,0,차대차 - 기타,안전운전불이행,건조,맑음,단일로 - 기타,원동기,기타불명,기타불명,기타불명,승용,여,39세,경상
2012102600100697,2012년 10월 26일 23시,금요일,대전광역시 중구 문화동,경상사고,0,0,1,0,차대차 - 기타,안전운전불이행,건조,맑음,교차로 - 교차로안,승용,남,24세,상해없음,승용,남,42세,경상
2012102700100071,2012년 10월 27일 02시,토요일,대전광역시 유성구 화암동,경상사고,0,0,1,0,차대차 - 측면직각충돌,신호위반,습기,흐림,교차로 - 교차로안,승용,남,56세,상해없음,승용,남,37세,경상
2012102700100108,2012년 10월 27일 04시,토요일,대전광역시 서구 탄방동,사망사고,1,0,0,0,차량단독 - 공작물충돌,안전운전불이행,습기,비,교차로 - 교차로부근,이륜,남,61세,사망,,,,
2012102700100131,2012년 10월 27일 05시,토요일,대전광역시 대덕구 송촌동,경상사고,0,0,1,0,차대사람 - 기타,보행자보호의무위반,습기,비,교차로 - 교차로안,승용,남,49세,상해없음,보행자,남,40세,경상
2012102700100163,2012년 10월 27일 06시,토요일,대전광역시 서구 월평동,경상사고,0,0,1,0,차대차 - 기타,신호위반,습기,비,단일로 - 횡단보도상,승용,남,57세,상해없음,자전거,남,26세,경상
2012102700100180,2012년 10월 27일 07시,토요일,대전광역시 서구 갈마동,경상사고,0,0,1,0,차대차 - 기타,신호위반,습기,비,교차로 - 교차로안,승용,남,23세,상해없음,승용,여,54세,경상
2012102700100181,2012년 10월 27일 07시,토요일,대전광역시 유성구 지족동,경상사고,0,0,2,0,차대차 - 정면충돌,신호위반,습기,비,교차로 - 교차로안,승용,여,43세,상해없음,승용,여,51세,경상
2012102700100268,2012년 10월 27일 10시,토요일,대전광역시 중구 문화동,경상사고,0,0,1,0,차대차 - 기타,신호위반,건조,맑음,단일로 - 횡단보도상,승용,기타불명,기타불명,기타불명,자전거,남,10세,경상
2012102700100458,2012년 10월 27일 15시,토요일,대전광역시 서구 둔산동,경상사고,0,0,1,0,차대차 - 추돌 - 진행중,안전운전불이행,습기,비,교차로 - 교차로부근,승합,남,41세,상해없음,승용,여,34세,경상
2012102700100508,2012년 10월 27일 16시,토요일,대전광역시 중구 오류동,경상사고,0,0,2,2,차대차 - 추돌 - 주정차중,안전거리미확보,습기,비,단일로 - 기타,승용,남,63세,상해없음,승용,여,37세,경상
2012102700100560,2012년 10월 27일 17시,토요일,대전광역시 중구 오류동,경상사고,0,0,3,0,차대차 - 추돌 - 주정차중,안전운전불이행,습기,비,단일로 - 기타,승합,남,50세,상해없음,승용,여,30세,경상
2012102700100561,2012년 10월 27일 17시,토요일,대전광역시 동구 용전동,경상사고,0,0,1,0,차대차 - 측면직각충돌,신호위반,건조,맑음,교차로 - 교차로안,승용,여,47세,상해없음,승용,남,51세,경상
2012102700100628,2012년 10월 27일 18시,토요일,대전광역시 중구 유천동,경상사고,0,0,3,0,차대차 - 추돌 - 진행중,안전거리미확보,습기,비,단일로 - 기타,승용,남,50세,상해없음,승용,남,38세,상해없음
2012102700100629,2012년 10월 27일 18시,토요일,대전광역시 서구 둔산동,경상사고,0,0,1,0,차대사람 - 차도통행중,보행자보호의무위반,습기,비,단일로 - 횡단보도상,승용,기타불명,기타불명,기타불명,보행자,남,21세,경상
2012102700100682,2012년 10월 27일 19시,토요일,대전광역시 동구 삼성동,경상사고,0,0,1,0,차대차 - 측면직각충돌,신호위반,습기,비,교차로 - 교차로안,승용,남,61세,상해없음,승용,남,31세,경상
2012102700100683,2012년 10월 27일 19시,토요일,대전광역시 대덕구 중리동,중상사고,0,1,0,0,차대사람 - 횡단중,안전운전불이행,습기,비,교차로 - 교차로안,승용,남,26세,상해없음,보행자,남,42세,중상
2012102700100732,2012년 10월 27일 20시,토요일,대전광역시 동구 소제동,중상사고,0,1,2,0,차대차 - 추돌 - 진행중,안전운전불이행,습기,비,단일로 - 기타,화물,남,55세,중상,승용,남,32세,경상
2012102700100733,2012년 10월 27일 20시,토요일,대전광역시 서구 가장동,중상사고,0,1,0,0,차대사람 - 횡단중,안전운전불이행,습기,비,단일로 - 기타,승용,남,34세,상해없음,보행자,남,60세,중상
2012102700100734,2012년 10월 27일 20시,토요일,대전광역시 서구 둔산동,경상사고,0,0,4,0,차대차 - 추돌 - 진행중,안전운전불이행,습기,비,교차로 - 교차로부근,승용,남,53세,상해없음,승용,남,54세,경상
2012102700100811,2012년 10월 27일 22시,토요일,대전광역시 서구 갈마동,경상사고,0,0,2,0,차대차 - 측면직각충돌,안전운전불이행,습기,비,교차로 - 교차로안,승용,남,58세,상해없음,승용,여,59세,경상
2012102700100848,2012년 10월 27일 23시,토요일,대전광역시 서구 월평동,경상사고,0,0,2,0,차대차 - 측면직각충돌,안전거리미확보,습기,비,단일로 - 기타,승합,남,54세,상해없음,승용,남,61세,경상
2012102800100024,2012년 10월 28일 00시,일요일,대전광역시 동구 중동,경상사고,0,0,1,0,차대차 - 측면직각충돌,신호위반,건조,맑음,교차로 - 교차로안,원동기,남,19세,상해없음,승합,남,37세,상해없음
2012102800100025,2012년 10월 28일 00시,일요일,대전광역시 서구 둔산동,경상사고,0,0,3,0,차대차 - 추돌 - 주정차중,안전거리미확보,습기,비,단일로 - 기타,승용,남,25세,상해없음,승용,여,37세,경상
2012102800100026,2012년 10월 28일 00시,일요일,대전광역시 유성구 궁동,중상사고,0,3,1,0,차대차 - 측면직각충돌,중앙선침범,습기,비,교차로 - 교차로안,승용,남,19세,상해없음,승용,남,45세,중상
2012102800100045,2012년 10월 28일 01시,일요일,대전광역시 유성구 장동,사망사고,1,0,0,0,차량단독 - 공작물충돌,안전운전불이행,습기,비,교차로 - 교차로부근,승용,남,32세,사망,,,,
2012102800100046,2012년 10월 28일 01시,일요일,대전광역시 유성구 궁동,경상사고,0,0,2,0,차대차 - 추돌 - 진행중,안전운전불이행,습기,흐림,교차로 - 교차로부근,승용,여,28세,상해없음,승용,남,33세,경상
2012102800100047,2012년 10월 28일 01시,일요일,대전광역시 유성구 노은동,경상사고,0,0,1,0,차대차 - 측면직각충돌,신호위반,습기,흐림,교차로 - 교차로안,승용,남,60세,상해없음,승용,여,48세,경상
2012102800100077,2012년 10월 28일 03시,일요일,대전광역시 중구 태평동,경상사고,0,0,1,0,차대차 - 측면직각충돌,교차로운행방법위반,건조,맑음,단일로 - 교량,승용,남,48세,상해없음,원동기,남,58세,경상
2012102800100238,2012년 10월 28일 12시,일요일,대전광역시 유성구 송강동,경상사고,0,0,1,0,차대차 - 기타,중앙선침범,건조,맑음,단일로 - 기타,승용,여,34세,상해없음,원동기,남,45세,경상
2012102800100252,2012년 10월 28일 13시,일요일,대전광역시 동구 대별동,경상사고,0,0,2,0,차대차 - 측면직각충돌,안전운전불이행,건조,맑음,단일로 - 기타,화물,남,46세,상해없음,승용,남,53세,경상
2012102800100266,2012년 10월 28일 13시,일요일,대전광역시 서구 탄방동,경상사고,0,0,1,0,차대사람 - 기타,안전운전불이행,건조,맑음,단일로 - 기타,승용,남,37세,상해없음,보행자,남,7세,경상
2012102800100416,2012년 10월 28일 17시,일요일,대전광역시 중구 중촌동,경상사고,0,0,1,0,차대차 - 기타,기타,건조,맑음,교차로 - 교차로안,승용,남,35세,상해없음,승용,남,60세,경상
2012102800100513,2012년 10월 28일 19시,일요일,대전광역시 중구 문화동,경상사고,0,0,1,0,차대사람 - 횡단중,안전운전불이행,건조,맑음,교차로 - 교차로안,승용,남,72세,상해없음,보행자,여,48세,경상
2012102800100514,2012년 10월 28일 19시,일요일,대전광역시 동구 판암동,경상사고,0,0,1,0,차대차 - 추돌 - 주정차중,안전운전불이행,건조,맑음,단일로 - 기타,승용,남,57세,상해없음,승용,여,38세,경상
2012102800100539,2012년 10월 28일 20시,일요일,대전광역시 동구 용전동,경상사고,0,0,2,0,차대차 - 측면직각충돌,안전운전불이행,건조,맑음,단일로 - 횡단보도상,승용,남,24세,상해없음,승용,남,60세,경상
2012102800100589,2012년 10월 28일 22시,일요일,대전광역시 대덕구 비래동,경상사고,0,0,1,0,차량단독 - 공작물충돌,안전운전불이행,건조,맑음,단일로 - 기타,승용,남,52세,상해없음,,,,
2012102900100150,2012년 10월 29일 08시,월요일,대전광역시 서구 관저동,중상사고,0,2,1,0,차대차 - 측면직각충돌,신호위반,건조,맑음,교차로 - 교차로안,승용,여,67세,중상,승용,남,69세,경상
2012102900100151,2012년 10월 29일 08시,월요일,대전광역시 서구 도안동,경상사고,0,0,2,0,차대차 - 측면직각충돌,교차로운행방법위반,건조,맑음,교차로 - 교차로안,승용,남,45세,상해없음,승용,여,48세,경상
2012102900100179,2012년 10월 29일 09시,월요일,대전광역시 중구 유천동,중상사고,0,1,0,0,차대사람 - 기타,안전운전불이행,건조,맑음,단일로 - 기타,승용,남,58세,상해없음,보행자,여,56세,중상
2012102900100226,2012년 10월 29일 11시,월요일,대전광역시 중구 산성동,경상사고,0,0,1,0,차대사람 - 기타,기타,건조,맑음,단일로 - 기타,화물,남,57세,상해없음,보행자,남,46세,경상
2012102900100340,2012년 10월 29일 15시,월요일,대전광역시 서구 도마동,경상사고,0,0,1,0,차대차 - 측면직각충돌,안전운전불이행,건조,맑음,단일로 - 기타,승용,여,20세,상해없음,승용,남,56세,경상
2012102900100384,2012년 10월 29일 16시,월요일,대전광역시 동구 대동,경상사고,0,0,1,0,차대차 - 측면직각충돌,안전운전불이행,건조,맑음,교차로 - 교차로안,화물,남,57세,상해없음,이륜,남,19세,경상
2012102900100385,2012년 10월 29일 16시,월요일,대전광역시 동구 판암동,중상사고,0,1,1,0,차대차 - 추돌 - 주정차중,안전운전불이행,건조,맑음,단일로 - 기타,승합,여,30세,상해없음,화물,남,32세,상해없음
2012102900100386,2012년 10월 29일 16시,월요일,대전광역시 대덕구 법동,중상사고,0,1,0,0,차대사람 - 기타,안전운전불이행,건조,맑음,단일로 - 기타,승용,기타불명,기타불명,기타불명,보행자,여,12세,중상
2012102900100599,2012년 10월 29일 21시,월요일,대전광역시 동구 중동,경상사고,0,0,1,0,차대차 - 추돌 - 주정차중,안전운전불이행,건조,맑음,교차로 - 교차로부근,승용,남,48세,상해없음,승용,남,20세,경상
2012102900100630,2012년 10월 29일 22시,월요일,대전광역시 유성구 장대동,경상사고,0,0,1,0,차대차 - 측면직각충돌,안전운전불이행,건조,맑음,교차로 - 교차로부근,기타불명,기타불명,기타불명,기타불명,승용,남,28세,경상
2012103000100034,2012년 10월 30일 01시,화요일,대전광역시 서구 갈마동,중상사고,0,4,0,0,차대차 - 측면직각충돌,과속,건조,흐림,교차로 - 교차로부근,승용,남,44세,중상,승용,남,48세,중상
2012103000100035,2012년 10월 30일 01시,화요일,대전광역시 유성구 지족동,경상사고,0,0,1,0,차대차 - 측면직각충돌,신호위반,건조,맑음,교차로 - 교차로안,승용,남,26세,상해없음,승용,남,59세,경상
2012103000100139,2012년 10월 30일 08시,화요일,대전광역시 동구 낭월동,중상사고,0,1,0,0,차대차 - 추돌 - 진행중,안전운전불이행,건조,맑음,단일로 - 기타,승용,남,40세,상해없음,자전거,여,79세,중상
2012103000100174,2012년 10월 30일 09시,화요일,대전광역시 중구 문화동,경상사고,0,0,1,0,차대차 - 추돌 - 진행중,안전운전불이행,건조,맑음,단일로 - 기타,화물,기타불명,기타불명,기타불명,승용,남,24세,경상
2012103000100175,2012년 10월 30일 09시,화요일,대전광역시 유성구 노은동,경상사고,0,0,1,0,차대차 - 기타,중앙선침범,건조,맑음,교차로 - 교차로부근,승용,여,62세,상해없음,승용,여,41세,상해없음
2012103000100226,2012년 10월 30일 11시,화요일,대전광역시 대덕구 오정동,경상사고,0,0,1,0,차대사람 - 기타,안전운전불이행,건조,맑음,기타 - 기타,승합,남,37세,상해없음,보행자,여,60세,경상
2012103000100384,2012년 10월 30일 16시,화요일,대전광역시 동구 가양동,중상사고,0,1,0,0,차대차 - 측면직각충돌,신호위반,건조,맑음,단일로 - 기타,화물,남,56세,상해없음,승용,여,24세,중상
2012103000100462,2012년 10월 30일 18시,화요일,대전광역시 중구 오류동,경상사고,0,0,1,0,차대차 - 추돌 - 진행중,안전거리미확보,건조,맑음,단일로 - 기타,승용,남,51세,상해없음,승용,여,52세,경상
2012103000100496,2012년 10월 30일 19시,화요일,대전광역시 동구 하소동,사망사고,1,0,0,0,차량단독 - 공작물충돌,안전운전불이행,건조,맑음,단일로 - 기타,승용,여,55세,사망,,,,
2012103000100633,2012년 10월 30일 23시,화요일,대전광역시 서구 갈마동,경상사고,0,0,1,0,차대사람 - 길가장자리구역통행중,안전운전불이행,건조,맑음,단일로 - 기타,승용,남,33세,상해없음,보행자,남,28세,경상
2012103100100026,2012년 10월 31일 01시,수요일,대전광역시 중구 선화동,경상사고,0,0,2,0,차대차 - 기타,안전운전불이행,건조,맑음,단일로 - 기타,승용,여,35세,상해없음,승용,남,50세,경상
2012103100100096,2012년 10월 31일 07시,수요일,대전광역시 중구 오류동,중상사고,0,1,0,0,차대차 - 기타,안전운전불이행,건조,맑음,단일로 - 기타,승용,남,47세,상해없음,자전거,남,66세,중상
2012103100100097,2012년 10월 31일 07시,수요일,대전광역시 동구 원동,경상사고,0,0,1,0,차대사람 - 차도통행중,안전운전불이행,건조,맑음,단일로 - 기타,승용,남,51세,상해없음,보행자,여,58세,경상
2012103100100134,2012년 10월 31일 08시,수요일,대전광역시 동구 삼성동,경상사고,0,0,3,0,차대차 - 측면직각충돌,안전운전불이행,건조,맑음,교차로 - 교차로안,승용,남,17세,상해없음,승용,남,36세,경상
2012103100100156,2012년 10월 31일 09시,수요일,대전광역시 동구 가오동,경상사고,0,0,2,0,차대차 - 정면충돌,안전운전불이행,건조,맑음,교차로 - 교차로부근,승용,남,34세,상해없음,승용,여,38세,경상
2012103100100157,2012년 10월 31일 09시,수요일,대전광역시 대덕구 대화동,중상사고,0,1,0,0,차대사람 - 기타,안전운전불이행,건조,맑음,단일로 - 기타,승용,남,56세,상해없음,보행자,여,38세,중상
2012103100100185,2012년 10월 31일 10시,수요일,대전광역시 유성구 장대동,경상사고,0,0,1,0,차대차 - 측면직각충돌,직진우회전진행방해,건조,맑음,교차로 - 교차로안,승용,남,71세,상해없음,승용,남,23세,경상
2012103100100241,2012년 10월 31일 12시,수요일,대전광역시 서구 월평동,중상사고,0,1,0,0,차대차 - 기타,차로위반,건조,맑음,단일로 - 기타,승용,남,41세,상해없음,승용,남,37세,중상
2012103100100348,2012년 10월 31일 16시,수요일,대전광역시 서구 정림동,경상사고,0,0,1,0,차대차 - 측면직각충돌,안전운전불이행,건조,맑음,단일로 - 기타,승용,남,31세,상해없음,자전거,남,11세,경상
2012103100100397,2012년 10월 31일 17시,수요일,대전광역시 대덕구 읍내동,중상사고,0,1,0,0,차대사람 - 횡단중,과속,건조,맑음,단일로 - 기타,승용,남,22세,상해없음,보행자,남,14세,중상
2012103100100467,2012년 10월 31일 18시,수요일,대전광역시 서구 정림동,경상사고,0,0,1,0,차량단독 - 기타,안전운전불이행,건조,맑음,단일로 - 기타,승합,남,51세,기타불명,,,,
2012103100100468,2012년 10월 31일 18시,수요일,대전광역시 서구 월평동,중상사고,0,1,0,0,차대사람 - 횡단중,안전운전불이행,건조,맑음,단일로 - 기타,승용,남,56세,상해없음,보행자,여,61세,중상
2012103100100469,2012년 10월 31일 18시,수요일,대전광역시 유성구 신성동,중상사고,0,4,0,0,차대차 - 측면직각충돌,신호위반,건조,맑음,교차로 - 교차로안,승용,남,82세,중상,승용,남,51세,중상
2012103100100525,2012년 10월 31일 19시,수요일,대전광역시 중구 태평동,경상사고,0,0,1,0,차대차 - 측면직각충돌,신호위반,건조,맑음,교차로 - 교차로안,승용,남,53세,상해없음,자전거,여,21세,경상
2012103100100593,2012년 10월 31일 21시,수요일,대전광역시 서구 용문동,경상사고,0,0,2,0,차대차 - 측면직각충돌,안전거리미확보,건조,맑음,단일로 - 기타,승용,남,43세,상해없음,승용,남,37세,경상
2012103100100594,2012년 10월 31일 21시,수요일,대전광역시 유성구 봉명동,경상사고,0,0,1,0,차대사람 - 기타,안전운전불이행,건조,맑음,단일로 - 기타,승용,남,57세,상해없음,보행자,남,25세,경상
2012103100100633,2012년 10월 31일 22시,수요일,대전광역시 동구 소제동,경상사고,0,0,1,0,차대사람 - 횡단중,안전운전불이행,건조,맑음,단일로 - 횡단보도상,승용,남,62세,상해없음,보행자,남,52세,경상
2012103100100634,2012년 10월 31일 22시,수요일,대전광역시 동구 자양동,경상사고,0,0,1,0,차량단독 - 기타,안전운전불이행,건조,맑음,단일로 - 기타,승용,남,48세,상해없음,,,,
2012103100100635,2012년 10월 31일 22시,수요일,대전광역시 유성구 궁동,중상사고,0,1,0,0,차량단독 - 기타,안전운전불이행,습기,흐림,단일로 - 기타,자전거,남,30세,중상,,,,
2012110100100019,2012년 11월 1일 00시,목요일,대전광역시 서구 관저동,경상사고,0,0,1,0,차대사람 - 기타,안전운전불이행,건조,맑음,교차로 - 교차로부근,승용,남,50세,상해없음,보행자,여,24세,경상
2012110100100020,2012년 11월 1일 00시,목요일,대전광역시 유성구 도룡동,중상사고,0,3,4,0,차대차 - 측면직각충돌,신호위반,건조,맑음,교차로 - 교차로안,승용,남,42세,상해없음,승용,남,34세,중상
2012110100100039,2012년 11월 1일 01시,목요일,대전광역시 서구 가장동,경상사고,0,0,1,0,차대차 - 추돌 - 주정차중,안전운전불이행,건조,맑음,교차로 - 교차로부근,승용,남,37세,상해없음,승용,남,28세,경상
2012110100100099,2012년 11월 1일 06시,목요일,대전광역시 유성구 상대동,중상사고,0,1,1,0,차대차 - 측면직각충돌,신호위반,건조,맑음,교차로 - 교차로안,승용,남,60세,상해없음,승용,남,58세,중상
2012110100100160,2012년 11월 1일 08시,목요일,대전광역시 중구 문화동,중상사고,0,1,0,0,차대사람 - 보도통행중,기타,건조,맑음,교차로 - 교차로부근,승용,남,43세,상해없음,보행자,여,50세,중상
2012110100100161,2012년 11월 1일 08시,목요일,대전광역시 동구 삼성동,경상사고,0,0,1,0,차량단독 - 기타,안전운전불이행,건조,맑음,단일로 - 기타,승합,남,50세,상해없음,,,,