사고번호,사고일시,요일,시군구,사고내용,사망자수,중상자수,경상자수,부상신고자수,사고유형,법규위반,노면상태,기상상태,도로형태,가해운전자 차종,가해운전자 성별,가해운전자 연령,가해운전자 상해정도,피해운전자 차종,피해운전자 성별,피해운전자 연령,피해운전자 상해정도
2012110100100189,2012년 11월 1일 09시,목요일,대전광역시 서구 둔산동,경상사고,0,0,1,0,차대차 - 측면직각충돌,안전거리미확보,건조,맑음,교차로 - 교차로안,승용,남,59세,상해없음,승용,남,35세,상해없음
2012110100100256,2012년 11월 1일 11시,목요일,대전광역시 중구 은행동,중상사고,0,1,0,0,차대사람 - 보도통행중,기타,건조,맑음,단일로 - 기타,승용,여,50세,상해없음,보행자,여,41세,중상
2012110100100257,2012년 11월 1일 11시,목요일,대전광역시 대덕구 신일동,경상사고,0,0,1,0,차대차 - 측면직각충돌,안전운전불이행,건조,맑음,교차로 - 교차로안,승용,남,45세,상해없음,화물,남,46세,경상
2012110100100282,2012년 11월 1일 12시,목요일,대전광역시 대덕구 오정동,중상사고,0,1,1,0,차대차 - 측면직각충돌,신호위반,건조,맑음,교차로 - 교차로안,승용,남,29세,상해없음,승용,남,53세,경상
2012110100100366,2012년 11월 1일 15시,목요일,대전광역시 동구 용전동,경상사고,0,0,2,0,차대차 - 추돌 - 진행중,안전운전불이행,건조,맑음,교차로 - 교차로부근,기타불명,기타불명,기타불명,기타불명,승용,남,62세,경상
2012110100100402,2012년 11월 1일 16시,목요일,대전광역시 동구 신흥동,경상사고,0,0,1,0,차대차 - 추돌 - 주정차중,안전운전불이행,건조,맑음,교차로 - 교차로부근,승합,남,43세,상해없음,승용,여,54세,경상
2012110100100441,2012년 11월 1일 17시,목요일,대전광역시 중구 석교동,경상사고,0,0,1,0,차량단독 - 기타,안전운전불이행,건조,맑음,단일로 - 기타,승합,남,54세,상해없음,,,,
2012110100100442,2012년 11월 1일 17시,목요일,대전광역시 서구 월평동,경상사고,0,0,1,0,차대차 - 측면직각충돌,신호위반,건조,맑음,교차로 - 교차로안,화물,남,54세,상해없음,원동기,남,56세,경상
2012110100100503,2012년 11월 1일 18시,목요일,대전광역시 동구 용전동,경상사고,0,0,1,0,차대사람 - 기타,안전운전불이행,건조,맑음,교차로 - 교차로안,화물,남,33세,상해없음,보행자,남,16세,경상
2012110100100504,2012년 11월 1일 18시,목요일,대전광역시 대덕구 덕암동,중상사고,0,1,0,0,차대사람 - 기타,안전운전불이행,건조,맑음,교차로 - 교차로안,승용,남,45세,상해없음,보행자,여,76세,중상
2012110100100551,2012년 11월 1일 19시,목요일,대전광역시 동구 가양동,중상사고,0,1,0,0,차대차 - 기타,안전운전불이행,건조,맑음,단일로 - 기타,승용,여,54세,상해없음,자전거,여,31세,중상
2012110100100552,2012년 11월 1일 19시,목요일,대전광역시 대덕구 송촌동,경상사고,0,0,1,0,차대차 - 기타,교차로운행방법위반,건조,맑음,교차로 - 교차로안,승용,여,50세,상해없음,이륜,남,41세,경상
2012110100100553,2012년 11월 1일 19시,목요일,대전광역시 서구 갈마동,경상사고,0,0,1,0,차대사람 - 보도통행중,안전운전불이행,건조,맑음,단일로 - 기타,승용,여,44세,상해없음,보행자,여,24세,경상
2012110100100589,2012년 11월 1일 20시,목요일,대전광역시 서구 복수동,경상사고,0,0,1,0,차대차 - 측면직각충돌,안전운전불이행,건조,맑음,교차로 - 교차로안,승용,남,49세,상해없음,승용,여,39세,경상
2012110100100654,2012년 11월 1일 22시,목요일,대전광역시 서구 갈마동,경상사고,0,0,1,0,차대사람 - 기타,안전운전불이행,건조,맑음,교차로 - 교차로안,승합,남,47세,상해없음,보행자,여,17세,경상
2012110100100681,2012년 11월 1일 23시,목요일,대전광역시 유성구 지족동,경상사고,0,0,2,0,차대차 - 기타,신호위반,건조,맑음,교차로 - 교차로안,승용,여,55세,상해없음,승용,여,41세,경상
2012110200100032,2012년 11월 2일 01시,금요일,대전광역시 서구 용문동,경상사고,0,0,1,0,차대사람 - 기타,안전운전불이행,건조,맑음,단일로 - 기타,승용,남,25세,상해없음,보행자,남,44세,경상
2012110200100051,2012년 11월 2일 03시,금요일,대전광역시 동구 정동,중상사고,0,1,1,0,차대차 - 기타,신호위반,건조,맑음,교차로 - 교차로안,승용,남,22세,상해없음,승용,남,57세,중상
2012110200100068,2012년 11월 2일 05시,금요일,대전광역시 서구 만년동,경상사고,0,0,1,0,차대차 - 기타,안전운전불이행,건조,맑음,단일로 - 기타,승합,남,50세,상해없음,승용,남,28세,경상
2012110200100069,2012년 11월 2일 05시,금요일,대전광역시 유성구 상대동,경상사고,0,0,2,0,차대차 - 측면직각충돌,안전운전불이행,건조,맑음,단일로 - 기타,승용,남,35세,상해없음,승용,남,31세,경상
2012110200100148,2012년 11월 2일 08시,금요일,대전광역시 대덕구 덕암동,중상사고,0,1,0,0,차대차 - 측면직각충돌,차로위반,건조,맑음,단일로 - 기타,화물,남,53세,상해없음,승용,여,43세,중상
2012110200100149,2012년 11월 2일 08시,금요일,대전광역시 대덕구 오정동,중상사고,0,1,0,0,차대사람 - 기타,기타,건조,맑음,교차로 - 교차로안,승합,남,56세,상해없음,보행자,여,50세,중상
2012110200100150,2012년 11월 2일 08시,금요일,대전광역시 유성구 궁동,경상사고,0,0,1,0,차대차 - 기타,신호위반,건조,맑음,교차로 - 교차로안,화물,남,36세,상해없음,승용,남,49세,경상
2012110200100151,2012년 11월 2일 08시,금요일,대전광역시 유성구 봉명동,중상사고,0,1,2,0,차대차 - 기타,안전거리미확보,건조,맑음,단일로 - 기타,승용,남,27세,경상,승용,남,49세,중상
2012110200100152,2012년 11월 2일 08시,금요일,대전광역시 유성구 용산동,중상사고,0,1,0,0,차대사람 - 기타,신호위반,건조,맑음,교차로 - 교차로안,승용,남,73세,상해없음,보행자,남,38세,중상
2012110200100185,2012년 11월 2일 09시,금요일,대전광역시 중구 대사동,중상사고,0,1,0,0,차대사람 - 횡단중,안전운전불이행,건조,맑음,단일로 - 기타,승용,여,39세,상해없음,보행자,여,74세,중상
2012110200100186,2012년 11월 2일 09시,금요일,대전광역시 유성구 신성동,경상사고,0,0,3,0,차대차 - 기타,중앙선침범,건조,맑음,기타 - 기타,건설기계,남,46세,상해없음,승합,남,43세,경상
2012110200100187,2012년 11월 2일 09시,금요일,대전광역시 서구 둔산동,경상사고,0,0,1,0,차대차 - 추돌 - 진행중,안전운전불이행,건조,맑음,교차로 - 교차로부근,승용,여,40세,상해없음,승용,여,44세,경상
2012110200100214,2012년 11월 2일 10시,금요일,대전광역시 중구 석교동,경상사고,0,0,1,0,차대차 - 추돌 - 진행중,안전운전불이행,건조,맑음,교차로 - 교차로부근,승용,여,52세,상해없음,승용,여,39세,경상
2012110200100215,2012년 11월 2일 10시,금요일,대전광역시 서구 월평동,중상사고,0,1,0,0,차대차 - 기타,신호위반,건조,맑음,교차로 - 교차로안,승용,남,55세,상해없음,승용,남,29세,상해없음
2012110200100249,2012년 11월 2일 11시,금요일,대전광역시 서구 관저동,중상사고,0,1,0,0,차대차 - 측면직각충돌,중앙선침범,건조,맑음,단일로 - 기타,화물,남,45세,상해없음,승용,여,69세,중상
2012110200100353,2012년 11월 2일 14시,금요일,대전광역시 중구 유천동,경상사고,0,0,1,0,차대사람 - 횡단중,신호위반,건조,맑음,교차로 - 교차로부근,승용,여,30세,상해없음,보행자,여,25세,경상
2012110200100385,2012년 11월 2일 15시,금요일,대전광역시 중구 오류동,중상사고,0,1,0,0,차대차 - 측면직각충돌,기타,건조,맑음,단일로 - 기타,승용,남,47세,상해없음,이륜,남,29세,중상
2012110200100415,2012년 11월 2일 16시,금요일,대전광역시 동구 용전동,경상사고,0,0,1,0,차대차 - 측면직각충돌,안전운전불이행,건조,맑음,단일로 - 기타,승용,여,35세,상해없음,승용,남,77세,경상
2012110200100457,2012년 11월 2일 17시,금요일,대전광역시 중구 석교동,경상사고,0,0,2,0,차대차 - 측면직각충돌,안전운전불이행,건조,맑음,교차로 - 교차로부근,승용,여,40세,상해없음,승용,남,58세,경상
2012110200100515,2012년 11월 2일 18시,금요일,대전광역시 중구 산성동,중상사고,0,1,0,0,차대차 - 측면직각충돌,신호위반,건조,맑음,교차로 - 교차로안,승용,남,54세,상해없음,원동기,남,43세,중상
2012110200100572,2012년 11월 2일 19시,금요일,대전광역시 서구 도마동,경상사고,0,0,1,0,차대사람 - 횡단중,중앙선침범,건조,맑음,교차로 - 교차로안,원동기,남,21세,상해없음,보행자,여,44세,경상
2012110200100573,2012년 11월 2일 19시,금요일,대전광역시 서구 가장동,중상사고,0,1,0,0,차대사람 - 기타,안전운전불이행,건조,맑음,단일로 - 기타,승용,남,58세,상해없음,보행자,남,63세,중상
2012110200100574,2012년 11월 2일 19시,금요일,대전광역시 유성구 구성동,중상사고,0,1,0,0,차대차 - 측면직각충돌,신호위반,건조,맑음,교차로 - 교차로안,승용,남,57세,상해없음,자전거,여,19세,중상
2012110200100616,2012년 11월 2일 20시,금요일,대전광역시 유성구 궁동,경상사고,0,0,1,0,차대사람 - 길가장자리구역통행중,안전운전불이행,건조,맑음,교차로 - 교차로안,화물,남,25세,상해없음,보행자,남,18세,경상
2012110200100617,2012년 11월 2일 20시,금요일,대전광역시 유성구 봉명동,중상사고,0,1,0,0,차대사람 - 횡단중,신호위반,건조,맑음,단일로 - 횡단보도상,승용,남,47세,상해없음,보행자,남,31세,중상
2012110200100649,2012년 11월 2일 21시,금요일,대전광역시 대덕구 읍내동,경상사고,0,0,1,0,차대차 - 측면직각충돌,중앙선침범,건조,맑음,단일로 - 기타,승용,남,55세,상해없음,승용,남,52세,상해없음
2012110300100030,2012년 11월 3일 00시,토요일,대전광역시 동구 소제동,경상사고,0,0,1,0,차대차 - 측면직각충돌,교차로운행방법위반,건조,맑음,교차로 - 교차로안,승용,남,30세,상해없음,승용,남,36세,경상
2012110300100031,2012년 11월 3일 00시,토요일,대전광역시 서구 가장동,경상사고,0,0,1,0,차대차 - 추돌 - 진행중,안전거리미확보,건조,맑음,교차로 - 교차로부근,승용,남,43세,상해없음,승용,여,40세,경상
2012110300100032,2012년 11월 3일 00시,토요일,대전광역시 서구 월평동,경상사고,0,0,1,0,차대사람 - 차도통행중,안전운전불이행,건조,맑음,교차로 - 교차로안,승용,남,43세,상해없음,보행자,남,35세,경상
2012110300100051,2012년 11월 3일 01시,토요일,대전광역시 중구 대흥동,경상사고,0,0,1,0,차대사람 - 기타,안전운전불이행,건조,맑음,단일로 - 기타,승용,여,29세,상해없음,보행자,남,28세,경상
2012110300100052,2012년 11월 3일 01시,토요일,대전광역시 서구 관저동,경상사고,0,0,1,0,차대차 - 측면직각충돌,안전운전불이행,건조,맑음,미분류 - 미분류,승용,여,36세,상해없음,특수,남,51세,기타불명
2012110300100102,2012년 11월 3일 04시,토요일,대전광역시 유성구 구암동,경상사고,0,0,4,0,차대차 - 측면직각충돌,중앙선침범,건조,맑음,교차로 - 교차로부근,승용,남,20세,상해없음,승용,남,43세,경상
2012110300100120,2012년 11월 3일 05시,토요일,대전광역시 동구 신흥동,사망사고,1,0,0,0,차대사람 - 횡단중,안전운전불이행,건조,맑음,단일로 - 횡단보도부근,승용,남,29세,상해없음,보행자,여,82세,사망
2012110300100121,2012년 11월 3일 05시,토요일,대전광역시 유성구 장대동,중상사고,0,1,0,0,차대차 - 측면직각충돌,교차로운행방법위반,건조,맑음,교차로 - 교차로안,승용,남,22세,상해없음,이륜,남,35세,중상
2012110300100136,2012년 11월 3일 06시,토요일,대전광역시 중구 대흥동,중상사고,0,1,0,0,차대차 - 측면직각충돌,안전운전불이행,건조,맑음,단일로 - 기타,승용,기타불명,기타불명,기타불명,승용,남,24세,중상
2012110300100137,2012년 11월 3일 06시,토요일,대전광역시 서구 도마동,중상사고,0,1,0,0,차대차 - 측면직각충돌,안전거리미확보,건조,맑음,단일로 - 기타,승용,남,54세,상해없음,원동기,남,51세,중상
2012110300100193,2012년 11월 3일 08시,토요일,대전광역시 유성구 어은동,중상사고,0,1,0,0,차대차 - 측면직각충돌,안전거리미확보,건조,맑음,교차로 - 교차로부근,승용,남,28세,상해없음,원동기,남,74세,중상
2012110300100216,2012년 11월 3일 09시,토요일,대전광역시 동구 삼성동,중상사고,0,1,0,0,차대사람 - 횡단중,신호위반,건조,맑음,단일로 - 기타,승용,남,22세,상해없음,보행자,남,9세,중상
2012110300100300,2012년 11월 3일 11시,토요일,대전광역시 중구 용두동,사망사고,1,0,0,0,차대사람 - 횡단중,신호위반,건조,맑음,단일로 - 횡단보도상,승용,남,57세,상해없음,보행자,여,74세,사망
2012110300100301,2012년 11월 3일 11시,토요일,대전광역시 동구 용전동,경상사고,0,0,1,0,차대차 - 추돌 - 주정차중,안전운전불이행,건조,맑음,단일로 - 기타,승용,남,48세,상해없음,화물,남,55세,경상
2012110300100338,2012년 11월 3일 12시,토요일,대전광역시 대덕구 비래동,중상사고,0,1,4,0,차대차 - 측면직각충돌,신호위반,건조,맑음,교차로 - 교차로안,승합,남,25세,상해없음,승용,남,40세,경상
2012110300100464,2012년 11월 3일 15시,토요일,대전광역시 서구 도마동,경상사고,0,0,1,0,차대사람 - 기타,안전운전불이행,건조,맑음,단일로 - 기타,화물,남,35세,상해없음,보행자,남,33세,경상
2012110300100541,2012년 11월 3일 17시,토요일,대전광역시 동구 용전동,경상사고,0,0,1,0,차대사람 - 횡단중,보행자보호의무위반,건조,흐림,단일로 - 기타,승용,남,31세,상해없음,보행자,여,61세,경상
2012110300100601,2012년 11월 3일 18시,토요일,대전광역시 중구 문화동,중상사고,0,2,2,0,차대차 - 측면직각충돌,신호위반,건조,맑음,교차로 - 교차로안,승용,남,52세,상해없음,승용,남,80세,중상
2012110300100680,2012년 11월 3일 20시,토요일,대전광역시 동구 대동,경상사고,0,0,2,0,차대차 - 측면직각충돌,직진우회전진행방해,건조,맑음,교차로 - 교차로안,승용,남,52세,상해없음,승용,남,55세,경상
2012110300100681,2012년 11월 3일 20시,토요일,대전광역시 대덕구 송촌동,중상사고,0,1,0,0,차대사람 - 기타,안전운전불이행,건조,맑음,교차로 - 교차로부근,승용,남,39세,상해없음,보행자,남,53세,중상
2012110300100682,2012년 11월 3일 20시,토요일,대전광역시 대덕구 비래동,중상사고,0,1,0,0,차대사람 - 횡단중,중앙선침범,건조,맑음,단일로 - 기타,승용,남,32세,상해없음,보행자,남,47세,중상
2012110300100722,2012년 11월 3일 21시,토요일,대전광역시 서구 도마동,경상사고,0,0,2,0,차대차 - 정면충돌,신호위반,건조,맑음,교차로 - 교차로부근,승용,남,47세,상해없음,승용,여,41세,경상
2012110300100723,2012년 11월 3일 21시,토요일,대전광역시 유성구 장대동,경상사고,0,0,4,0,차대차 - 추돌 - 주정차중,안전운전불이행,건조,맑음,교차로 - 교차로부근,승용,남,19세,상해없음,화물,남,57세,경상
2012110300100756,2012년 11월 3일 22시,토요일,대전광역시 동구 인동,중상사고,0,1,0,0,차대차 - 추돌 - 진행중,안전운전불이행,건조,맑음,교차로 - 교차로부근,승용,남,25세,상해없음,승용,여,42세,중상
2012110300100757,2012년 11월 3일 22시,토요일,대전광역시 서구 탄방동,중상사고,0,3,1,0,차대차 - 측면직각충돌,신호위반,건조,맑음,교차로 - 교차로부근,승용,남,43세,상해없음,승용,남,20세,상해없음
2012110300100794,2012년 11월 3일 23시,토요일,대전광역시 대덕구 오정동,경상사고,0,0,2,0,차대차 - 추돌 - 주정차중,안전운전불이행,건조,맑음,교차로 - 교차로안,승용,남,55세,상해없음,승용,남,55세,경상
2012110400100026,2012년 11월 4일 00시,일요일,대전광역시 서구 관저동,중상사고,0,1,0,0,차대사람 - 횡단중,보행자보호의무위반,건조,맑음,교차로 - 교차로안,승용,남,44세,상해없음,보행자,여,19세,중상
2012110400100085,2012년 11월 4일 04시,일요일,대전광역시 유성구 화암동,경상사고,0,0,1,0,차량단독 - 전도전복,안전운전불이행,건조,맑음,단일로 - 기타,이륜,남,16세,상해없음,,,,
2012110400100145,2012년 11월 4일 09시,일요일,대전광역시 유성구 장대동,경상사고,0,0,1,0,차대사람 - 횡단중,신호위반,건조,맑음,단일로 - 횡단보도상,기타불명,기타불명,기타불명,기타불명,보행자,남,58세,경상
2012110400100164,2012년 11월 4일 10시,일요일,대전광역시 중구 목동,중상사고,0,1,1,0,차대차 - 측면직각충돌,신호위반,건조,맑음,교차로 - 교차로안,승용,남,46세,상해없음,승용,남,52세,경상
2012110400100183,2012년 11월 4일 11시,일요일,대전광역시 동구 용전동,중상사고,0,1,0,0,차대차 - 측면직각충돌,안전거리미확보,건조,맑음,교차로 - 교차로부근,승용,여,44세,상해없음,승용,여,32세,중상
2012110400100229,2012년 11월 4일 13시,일요일,대전광역시 대덕구 법동,중상사고,0,1,0,0,차대사람 - 횡단중,안전운전불이행,건조,맑음,교차로 - 교차로부근,화물,남,43세,상해없음,보행자,여,31세,중상
2012110400100295,2012년 11월 4일 15시,일요일,대전광역시 동구 인동,경상사고,0,0,2,0,차대차 - 추돌 - 주정차중,안전거리미확보,건조,맑음,교차로 - 교차로부근,승합,남,44세,상해없음,승용,남,70세,경상
2012110400100328,2012년 11월 4일 16시,일요일,대전광역시 서구 월평동,중상사고,0,1,0,0,차대사람 - 횡단중,안전운전불이행,습기,흐림,단일로 - 기타,이륜,남,39세,상해없음,보행자,여,66세,중상
2012110400100448,2012년 11월 4일 18시,일요일,대전광역시 서구 관저동,사망사고,1,0,0,0,차대사람 - 횡단중,안전운전불이행,습기,비,단일로 - 기타,승용,남,68세,상해없음,보행자,여,68세,사망
2012110400100521,2012년 11월 4일 19시,일요일,대전광역시 유성구 덕명동,중상사고,0,2,0,0,차대차 - 측면직각충돌,신호위반,습기,비,교차로 - 교차로안,승용,남,41세,상해없음,승용,남,58세,중상
2012110400100571,2012년 11월 4일 20시,일요일,대전광역시 서구 갈마동,경상사고,0,0,1,0,차대차 - 추돌 - 주정차중,안전운전불이행,건조,맑음,단일로 - 기타,승용,남,51세,상해없음,승용,여,25세,경상
2012110400100607,2012년 11월 4일 21시,일요일,대전광역시 유성구 도룡동,경상사고,0,0,1,0,차대사람 - 기타,신호위반,건조,맑음,단일로 - 횡단보도상,승용,남,20세,상해없음,보행자,여,21세,경상
2012110400100640,2012년 11월 4일 22시,일요일,대전광역시 중구 태평동,경상사고,0,0,1,0,차대차 - 측면직각충돌,안전운전불이행,습기,비,단일로 - 기타,승용,남,54세,상해없음,자전거,여,44세,경상
2012110400100641,2012년 11월 4일 22시,일요일,대전광역시 서구 갈마동,중상사고,0,2,0,0,차대차 - 정면충돌,중앙선침범,습기,비,단일로 - 기타,승용,여,47세,상해없음,승용,남,30세,중상
2012110400100671,2012년 11월 4일 23시,일요일,대전광역시 대덕구 비래동,중상사고,0,1,0,0,차대사람 - 횡단중,안전운전불이행,건조,맑음,단일로 - 기타,승용,남,29세,상해없음,보행자,남,22세,중상
2012110500100043,2012년 11월 5일 04시,월요일,대전광역시 대덕구 오정동,중상사고,0,1,0,0,차대사람 - 기타,안전운전불이행,건조,맑음,단일로 - 기타,화물,남,48세,상해없음,보행자,여,71세,중상
2012110500100050,2012년 11월 5일 05시,월요일,대전광역시 대덕구 송촌동,사망사고,1,0,0,0,차대차 - 추돌 - 진행중,안전운전불이행,건조,맑음,단일로 - 기타,승용,남,53세,상해없음,승용,남,42세,사망
2012110500100076,2012년 11월 5일 06시,월요일,대전광역시 동구 삼성동,사망사고,1,0,0,0,차대사람 - 횡단중,안전운전불이행,습기,맑음,단일로 - 기타,승용,남,62세,상해없음,보행자,여,74세,사망
2012110500100161,2012년 11월 5일 08시,월요일,대전광역시 대덕구 중리동,중상사고,0,1,0,0,차대차 - 측면직각충돌,신호위반,건조,맑음,교차로 - 교차로안,이륜,여,67세,중상,승용,남,36세,상해없음
2012110500100189,2012년 11월 5일 09시,월요일,대전광역시 대덕구 오정동,중상사고,0,1,0,0,차대차 - 기타,기타,건조,맑음,단일로 - 기타,화물,남,53세,상해없음,원동기,남,78세,중상
2012110500100240,2012년 11월 5일 11시,월요일,대전광역시 대덕구 송촌동,경상사고,0,0,1,0,차대사람 - 횡단중,안전운전불이행,건조,맑음,단일로 - 기타,화물,남,22세,상해없음,보행자,여,46세,경상
2012110500100241,2012년 11월 5일 11시,월요일,대전광역시 서구 둔산동,중상사고,0,1,0,0,차대차 - 기타,안전운전불이행,건조,맑음,단일로 - 횡단보도상,승용,여,53세,상해없음,자전거,여,55세,중상
2012110500100269,2012년 11월 5일 12시,월요일,대전광역시 중구 선화동,경상사고,0,0,1,0,차대차 - 측면직각충돌,중앙선침범,건조,흐림,단일로 - 기타,화물,남,29세,상해없음,자전거,남,62세,경상
2012110500100300,2012년 11월 5일 13시,월요일,대전광역시 유성구 원내동,경상사고,0,0,1,0,차대사람 - 기타,안전운전불이행,건조,맑음,단일로 - 기타,승용,남,51세,상해없음,보행자,남,36세,경상
2012110500100359,2012년 11월 5일 15시,월요일,대전광역시 대덕구 오정동,경상사고,0,0,1,0,차대사람 - 길가장자리구역통행중,안전운전불이행,건조,맑음,단일로 - 기타,화물,남,65세,상해없음,보행자,남,14세,경상
2012110500100401,2012년 11월 5일 16시,월요일,대전광역시 유성구 원내동,경상사고,0,0,4,0,차대차 - 추돌 - 주정차중,안전운전불이행,건조,흐림,교차로 - 교차로부근,승용,남,59세,상해없음,승용,남,43세,경상
2012110500100503,2012년 11월 5일 18시,월요일,대전광역시 서구 변동,중상사고,0,1,0,0,차량단독 - 기타,안전운전불이행,습기,비,교차로 - 교차로부근,이륜,남,15세,상해없음,,,,
2012110500100504,2012년 11월 5일 18시,월요일,대전광역시 유성구 노은동,중상사고,0,1,1,0,차대차 - 기타,신호위반,습기,비,교차로 - 교차로안,승용,여,32세,상해없음,승합,남,69세,경상
2012110500100539,2012년 11월 5일 19시,월요일,대전광역시 중구 유천동,중상사고,0,1,0,0,차대차 - 추돌 - 진행중,안전운전불이행,습기,비,단일로 - 기타,승용,남,41세,상해없음,승용,여,47세,중상
2012110500100540,2012년 11월 5일 19시,월요일,대전광역시 중구 태평동,경상사고,0,0,2,0,차대차 - 측면직각충돌,교차로운행방법위반,건조,맑음,교차로 - 교차로안,승용,남,55세,상해없음,승용,여,32세,경상
2012110500100541,2012년 11월 5일 19시,월요일,대전광역시 서구 내동,중상사고,0,1,0,0,차대사람 - 보도통행중,신호위반,습기,비,단일로 - 횡단보도상,승용,남,57세,상해없음,보행자,여,19세,중상
2012110500100576,2012년 11월 5일 20시,월요일,대전광역시 동구 가양동,경상사고,0,0,2,0,차대차 - 추돌 - 주정차중,안전운전불이행,습기,비,단일로 - 기타,승용,남,47세,상해없음,승용,남,41세,경상
2012110500100577,2012년 11월 5일 20시,월요일,대전광역시 유성구 화암동,중상사고,0,1,1,0,차대차 - 기타,교차로운행방법위반,습기,비,교차로 - 교차로안,승용,남,59세,상해없음,승합,남,63세,경상
2012110500100609,2012년 11월 5일 21시,월요일,대전광역시 서구 괴정동,경상사고,0,0,2,0,차대차 - 측면직각충돌,안전운전불이행,습기,비,단일로 - 기타,승용,남,50세,상해없음,승용,여,49세,경상
2012110500100610,2012년 11월 5일 21시,월요일,대전광역시 서구 관저동,중상사고,0,2,1,0,차대차 - 정면충돌,중앙선침범,습기,비,단일로 - 기타,승용,남,47세,상해없음,승용,남,29세,중상
2012110500100611,2012년 11월 5일 21시,월요일,대전광역시 대덕구 읍내동,경상사고,0,0,1,0,차대차 - 측면직각충돌,신호위반,건조,맑음,교차로 - 교차로안,승용,남,59세,상해없음,승용,남,34세,경상
2012110500100649,2012년 11월 5일 22시,월요일,대전광역시 서구 복수동,중상사고,0,1,0,0,차대차 - 정면충돌,안전운전불이행,습기,비,교차로 - 교차로안,승용,여,46세,상해없음,승용,남,53세,중상
2012110500100650,2012년 11월 5일 22시,월요일,대전광역시 서구 탄방동,경상사고,0,0,3,0,차대차 - 측면직각충돌,안전운전불이행,건조,맑음,단일로 - 기타,승용,남,55세,상해없음,승용,여,36세,경상
2012110600100053,2012년 11월 6일 01시,화요일,대전광역시 중구 선화동,경상사고,0,0,2,0,차대사람 - 횡단중,보행자보호의무위반,습기,비,교차로 - 교차로안,승용,남,27세,상해없음,보행자,남,19세,경상
2012110600100054,2012년 11월 6일 01시,화요일,대전광역시 대덕구 문평동,중상사고,0,1,0,0,차대사람 - 기타,안전운전불이행,습기,맑음,기타 - 기타,화물,남,45세,상해없음,보행자,남,20세,중상
2012110600100074,2012년 11월 6일 02시,화요일,대전광역시 동구 자양동,경상사고,0,0,1,0,차대차 - 측면직각충돌,신호위반,건조,맑음,교차로 - 교차로안,승용,남,48세,상해없음,승용,남,35세,경상
2012110600100108,2012년 11월 6일 05시,화요일,대전광역시 서구 가장동,중상사고,0,1,0,0,차대사람 - 횡단중,안전운전불이행,습기,비,단일로 - 기타,승용,남,25세,상해없음,보행자,여,69세,중상
2012110600100109,2012년 11월 6일 05시,화요일,대전광역시 서구 도마동,부상신고사고,0,0,0,2,차대차 - 추돌 - 주정차중,안전운전불이행,습기,비,교차로 - 교차로부근,승용,남,27세,기타불명,승용,여,52세,부상신고
2012110600100196,2012년 11월 6일 08시,화요일,대전광역시 중구 중촌동,중상사고,0,1,0,0,차대차 - 추돌 - 진행중,안전운전불이행,건조,맑음,단일로 - 기타,승용,남,26세,상해없음,승용,여,41세,중상
2012110600100251,2012년 11월 6일 10시,화요일,대전광역시 중구 대흥동,경상사고,0,0,1,0,차대사람 - 보도통행중,안전운전불이행,습기,비,단일로 - 기타,승합,남,65세,상해없음,보행자,여,56세,경상
2012110600100252,2012년 11월 6일 10시,화요일,대전광역시 중구 산성동,경상사고,0,0,1,0,차대차 - 추돌 - 진행중,안전거리미확보,건조,맑음,단일로 - 기타,승용,남,41세,상해없음,승용,남,45세,경상
2012110600100268,2012년 11월 6일 11시,화요일,대전광역시 중구 대흥동,경상사고,0,0,1,0,차대차 - 기타,안전운전불이행,건조,맑음,단일로 - 기타,승합,남,58세,상해없음,원동기,남,48세,경상
2012110600100289,2012년 11월 6일 12시,화요일,대전광역시 유성구 봉명동,경상사고,0,0,1,0,차대차 - 추돌 - 주정차중,중앙선침범,건조,맑음,교차로 - 교차로부근,승용,기타불명,기타불명,기타불명,승용,남,56세,경상
2012110600100626,2012년 11월 6일 22시,화요일,대전광역시 서구 둔산동,경상사고,0,0,2,0,차대차 - 추돌 - 주정차중,안전운전불이행,습기,흐림,교차로 - 교차로부근,승용,남,28세,상해없음,승용,남,53세,경상
2012110700100023,2012년 11월 7일 00시,수요일,대전광역시 동구 가양동,경상사고,0,0,1,0,차대사람 - 차도통행중,안전운전불이행,건조,맑음,단일로 - 기타,승용,남,33세,기타불명,보행자,남,39세,경상
2012110700100039,2012년 11월 7일 01시,수요일,대전광역시 대덕구 중리동,경상사고,0,0,2,0,차대사람 - 차도통행중,안전운전불이행,건조,맑음,단일로 - 기타,승용,남,33세,상해없음,보행자,남,23세,경상
2012110700100051,2012년 11월 7일 02시,수요일,대전광역시 유성구 봉명동,경상사고,0,0,2,0,차대차 - 기타,안전운전불이행,건조,맑음,단일로 - 기타,승용,남,42세,상해없음,승용,여,44세,경상
2012110700100155,2012년 11월 7일 08시,수요일,대전광역시 서구 도안동,중상사고,0,1,0,0,차대차 - 기타,안전운전불이행,건조,맑음,교차로 - 교차로안,승용,여,37세,상해없음,자전거,여,55세,중상
2012110700100156,2012년 11월 7일 08시,수요일,대전광역시 서구 괴정동,경상사고,0,0,1,0,차대차 - 기타,안전운전불이행,건조,맑음,교차로 - 교차로부근,승용,여,44세,상해없음,승용,남,45세,경상
2012110700100157,2012년 11월 7일 08시,수요일,대전광역시 서구 둔산동,경상사고,0,0,1,0,차대차 - 측면직각충돌,안전운전불이행,건조,맑음,단일로 - 기타,승용,여,57세,상해없음,승용,여,41세,경상