사고번호,사고일시,요일,시군구,사고내용,사망자수,중상자수,경상자수,부상신고자수,사고유형,법규위반,노면상태,기상상태,도로형태,가해운전자 차종,가해운전자 성별,가해운전자 연령,가해운전자 상해정도,피해운전자 차종,피해운전자 성별,피해운전자 연령,피해운전자 상해정도
2012110700100186,2012년 11월 7일 09시,수요일,대전광역시 유성구 도룡동,경상사고,0,0,1,0,차대차 - 측면직각충돌,신호위반,건조,맑음,교차로 - 교차로안,승용,남,61세,상해없음,승용,남,56세,경상
2012110700100242,2012년 11월 7일 11시,수요일,대전광역시 동구 판암동,사망사고,1,0,0,0,차대차 - 측면직각충돌,신호위반,건조,맑음,교차로 - 교차로안,이륜,남,86세,사망,승용,여,61세,상해없음
2012110700100266,2012년 11월 7일 12시,수요일,대전광역시 중구 선화동,경상사고,0,0,1,0,차대차 - 기타,교차로운행방법위반,건조,맑음,교차로 - 교차로안,승용,남,51세,상해없음,승용,남,24세,경상
2012110700100267,2012년 11월 7일 12시,수요일,대전광역시 유성구 탑립동,경상사고,0,0,1,0,차대차 - 추돌 - 진행중,안전운전불이행,건조,맑음,교차로 - 교차로안,이륜,남,44세,경상,승용,여,41세,상해없음
2012110700100285,2012년 11월 7일 13시,수요일,대전광역시 중구 대사동,중상사고,0,1,0,0,차대차 - 기타,안전운전불이행,건조,맑음,단일로 - 기타,원동기,남,69세,중상,승용,남,65세,상해없음
2012110700100314,2012년 11월 7일 14시,수요일,대전광역시 중구 문화동,중상사고,0,1,2,0,차대차 - 기타,불법유턴,건조,맑음,교차로 - 교차로안,승용,남,48세,상해없음,승용,남,56세,경상
2012110700100416,2012년 11월 7일 17시,수요일,대전광역시 서구 복수동,중상사고,0,1,0,0,차대사람 - 기타,안전운전불이행,건조,흐림,단일로 - 기타,승용,남,61세,상해없음,보행자,여,75세,중상
2012110700100417,2012년 11월 7일 17시,수요일,대전광역시 서구 가장동,경상사고,0,0,1,0,차대차 - 기타,차로위반,건조,맑음,단일로 - 기타,승용,남,55세,기타불명,승용,남,22세,경상
2012110700100418,2012년 11월 7일 17시,수요일,대전광역시 유성구 용산동,중상사고,0,1,0,0,차대차 - 측면직각충돌,안전운전불이행,건조,맑음,교차로 - 교차로안,화물,남,43세,상해없음,승용,여,28세,중상
2012110700100483,2012년 11월 7일 18시,수요일,대전광역시 동구 천동,경상사고,0,0,1,0,차대차 - 측면직각충돌,교차로운행방법위반,건조,맑음,교차로 - 교차로안,승용,남,51세,상해없음,자전거,남,74세,경상
2012110700100484,2012년 11월 7일 18시,수요일,대전광역시 서구 용문동,중상사고,0,1,0,0,차대차 - 측면직각충돌,안전운전불이행,건조,흐림,교차로 - 교차로부근,승용,남,41세,상해없음,자전거,남,48세,중상
2012110700100485,2012년 11월 7일 18시,수요일,대전광역시 대덕구 대화동,중상사고,0,1,0,0,차대사람 - 횡단중,보행자보호의무위반,건조,맑음,단일로 - 횡단보도상,승용,남,27세,상해없음,보행자,남,35세,중상
2012110700100523,2012년 11월 7일 19시,수요일,대전광역시 서구 도마동,경상사고,0,0,2,0,차대차 - 기타,안전운전불이행,건조,흐림,교차로 - 교차로부근,승용,여,33세,상해없음,승합,남,35세,상해없음
2012110700100524,2012년 11월 7일 19시,수요일,대전광역시 서구 괴정동,경상사고,0,0,2,0,차대차 - 측면직각충돌,중앙선침범,건조,맑음,교차로 - 교차로안,승용,남,41세,상해없음,승용,남,26세,경상
2012110700100562,2012년 11월 7일 20시,수요일,대전광역시 서구 정림동,중상사고,0,1,0,0,차대사람 - 기타,안전운전불이행,습기,흐림,단일로 - 기타,승합,남,51세,상해없음,보행자,여,82세,중상
2012110700100563,2012년 11월 7일 20시,수요일,대전광역시 서구 둔산동,중상사고,0,2,0,0,차량단독 - 기타,안전거리미확보,건조,맑음,단일로 - 기타,승합,남,53세,상해없음,,,,
2012110700100586,2012년 11월 7일 21시,수요일,대전광역시 중구 대흥동,사망사고,1,0,0,0,차대차 - 기타,안전거리미확보,건조,맑음,단일로 - 기타,원동기,남,59세,사망,승용,남,50세,상해없음
2012110700100612,2012년 11월 7일 22시,수요일,대전광역시 동구 천동,경상사고,0,0,1,1,차대차 - 측면직각충돌,안전운전불이행,건조,맑음,교차로 - 교차로안,승용,남,49세,부상신고,승용,남,38세,경상
2012110700100613,2012년 11월 7일 22시,수요일,대전광역시 대덕구 신탄진동,중상사고,0,1,1,0,차대차 - 측면직각충돌,교차로운행방법위반,건조,맑음,교차로 - 교차로안,승용,여,48세,상해없음,승합,남,35세,경상
2012110800100025,2012년 11월 8일 00시,목요일,대전광역시 서구 용문동,경상사고,0,0,3,0,차대차 - 추돌 - 주정차중,안전운전불이행,건조,맑음,교차로 - 교차로부근,승용,남,26세,상해없음,승용,남,33세,경상
2012110800100076,2012년 11월 8일 04시,목요일,대전광역시 대덕구 읍내동,경상사고,0,0,3,0,차대차 - 정면충돌,중앙선침범,건조,맑음,단일로 - 기타,승용,남,25세,상해없음,화물,남,39세,경상
2012110800100123,2012년 11월 8일 07시,목요일,대전광역시 서구 월평동,경상사고,0,0,1,0,차대사람 - 기타,안전운전불이행,건조,맑음,단일로 - 기타,화물,남,54세,상해없음,보행자,남,28세,경상
2012110800100171,2012년 11월 8일 09시,목요일,대전광역시 서구 둔산동,경상사고,0,0,1,0,차대차 - 기타,안전운전불이행,건조,맑음,교차로 - 교차로부근,승용,남,61세,상해없음,자전거,남,83세,경상
2012110800100196,2012년 11월 8일 10시,목요일,대전광역시 중구 용두동,중상사고,0,1,0,0,차대차 - 측면직각충돌,교차로운행방법위반,건조,맑음,교차로 - 교차로안,승용,남,58세,상해없음,자전거,여,70세,중상
2012110800100213,2012년 11월 8일 11시,목요일,대전광역시 중구 태평동,중상사고,0,1,0,0,차대차 - 측면직각충돌,안전운전불이행,건조,맑음,교차로 - 교차로부근,승용,여,45세,상해없음,자전거,남,34세,중상
2012110800100261,2012년 11월 8일 13시,목요일,대전광역시 유성구 학하동,중상사고,0,2,2,0,차대차 - 측면직각충돌,교차로운행방법위반,건조,맑음,교차로 - 교차로안,승용,남,53세,중상,화물,남,55세,경상
2012110800100344,2012년 11월 8일 16시,목요일,대전광역시 유성구 갑동,경상사고,0,0,3,0,차대차 - 측면직각충돌,안전거리미확보,건조,맑음,단일로 - 기타,승합,남,65세,상해없음,승용,여,45세,경상
2012110800100388,2012년 11월 8일 17시,목요일,대전광역시 중구 태평동,중상사고,0,1,0,0,차대사람 - 기타,신호위반,건조,맑음,단일로 - 기타,원동기,기타불명,기타불명,기타불명,보행자,남,8세,중상
2012110800100389,2012년 11월 8일 17시,목요일,대전광역시 동구 삼성동,경상사고,0,0,2,0,차대차 - 추돌 - 주정차중,안전운전불이행,건조,맑음,단일로 - 기타,승용,남,29세,상해없음,승용,여,55세,경상
2012110800100438,2012년 11월 8일 18시,목요일,대전광역시 중구 선화동,경상사고,0,0,5,0,차대차 - 추돌 - 진행중,안전운전불이행,건조,맑음,교차로 - 교차로부근,승합,남,47세,상해없음,승용,남,70세,경상
2012110800100439,2012년 11월 8일 18시,목요일,대전광역시 중구 선화동,중상사고,0,1,0,0,차량단독 - 기타,안전운전불이행,건조,맑음,단일로 - 기타,승합,남,46세,상해없음,,,,
2012110800100440,2012년 11월 8일 18시,목요일,대전광역시 동구 자양동,경상사고,0,0,1,0,차량단독 - 기타,기타,건조,맑음,교차로 - 교차로안,승합,남,52세,상해없음,,,,
2012110800100441,2012년 11월 8일 18시,목요일,대전광역시 서구 정림동,중상사고,0,1,0,0,차대사람 - 횡단중,보행자보호의무위반,건조,맑음,교차로 - 교차로안,승용,남,58세,상해없음,보행자,여,57세,중상
2012110800100442,2012년 11월 8일 18시,목요일,대전광역시 유성구 장대동,중상사고,0,1,0,0,차대사람 - 횡단중,안전운전불이행,건조,맑음,교차로 - 교차로부근,승용,남,70세,상해없음,보행자,남,8세,중상
2012110800100473,2012년 11월 8일 19시,목요일,대전광역시 서구 도마동,경상사고,0,0,1,0,차대차 - 측면직각충돌,안전운전불이행,건조,맑음,교차로 - 교차로안,승용,남,22세,상해없음,승용,여,47세,경상
2012110900100015,2012년 11월 9일 00시,금요일,대전광역시 중구 용두동,경상사고,0,0,1,0,차대차 - 추돌 - 주정차중,안전운전불이행,건조,맑음,미분류 - 미분류,승용,남,26세,상해없음,승용,남,47세,경상
2012110900100016,2012년 11월 9일 00시,금요일,대전광역시 유성구 대정동,경상사고,0,0,1,0,차대차 - 측면직각충돌,안전운전불이행,건조,맑음,교차로 - 교차로안,승합,남,56세,상해없음,승용,여,24세,경상
2012110900100070,2012년 11월 9일 04시,금요일,대전광역시 대덕구 오정동,경상사고,0,0,1,0,차대차 - 측면직각충돌,안전운전불이행,건조,맑음,교차로 - 교차로부근,승용,남,22세,기타불명,승용,남,22세,경상
2012110900100079,2012년 11월 9일 05시,금요일,대전광역시 동구 용전동,경상사고,0,0,1,0,차대차 - 측면직각충돌,신호위반,습기,안개,교차로 - 교차로안,화물,남,72세,상해없음,승용,남,49세,경상
2012110900100239,2012년 11월 9일 11시,금요일,대전광역시 서구 가장동,중상사고,0,1,0,0,차대사람 - 차도통행중,안전운전불이행,건조,맑음,교차로 - 교차로부근,승용,남,76세,상해없음,보행자,여,56세,중상
2012110900100252,2012년 11월 9일 12시,금요일,대전광역시 대덕구 신탄진동,경상사고,0,0,1,0,차대차 - 측면직각충돌,안전운전불이행,건조,맑음,단일로 - 기타,화물,기타불명,기타불명,기타불명,화물,남,43세,경상
2012110900100511,2012년 11월 9일 18시,금요일,대전광역시 유성구 노은동,경상사고,0,0,2,0,차량단독 - 기타,기타,건조,맑음,단일로 - 기타,승합,남,45세,상해없음,,,,
2012110900100548,2012년 11월 9일 19시,금요일,대전광역시 중구 문화동,중상사고,0,2,0,0,차대차 - 추돌 - 주정차중,안전운전불이행,건조,맑음,단일로 - 기타,승용,남,55세,상해없음,승용,여,25세,중상
2012110900100549,2012년 11월 9일 19시,금요일,대전광역시 동구 효동,중상사고,0,1,0,0,차대사람 - 횡단중,안전운전불이행,건조,맑음,단일로 - 횡단보도상,승용,남,61세,상해없음,보행자,남,78세,중상
2012110900100550,2012년 11월 9일 19시,금요일,대전광역시 유성구 궁동,경상사고,0,0,2,0,차대차 - 측면직각충돌,교차로운행방법위반,건조,맑음,교차로 - 교차로부근,승합,남,54세,상해없음,승용,여,34세,상해없음
2012110900100690,2012년 11월 9일 23시,금요일,대전광역시 동구 홍도동,경상사고,0,0,1,0,차대사람 - 횡단중,안전운전불이행,건조,맑음,교차로 - 교차로안,승용,남,37세,상해없음,보행자,남,36세,경상
2012111000100039,2012년 11월 10일 00시,토요일,대전광역시 서구 복수동,경상사고,0,0,1,0,차대차 - 측면직각충돌,안전운전불이행,습기,비,단일로 - 기타,승용,여,32세,상해없음,승용,남,34세,경상
2012111000100040,2012년 11월 10일 00시,토요일,대전광역시 대덕구 법동,경상사고,0,0,1,0,차대차 - 추돌 - 주정차중,안전운전불이행,건조,맑음,단일로 - 기타,승용,남,51세,상해없음,승용,남,46세,경상
2012111000100075,2012년 11월 10일 02시,토요일,대전광역시 서구 둔산동,중상사고,0,1,0,0,차량단독 - 전도전복,과속,건조,맑음,교차로 - 교차로부근,승용,남,24세,상해없음,,,,
2012111000100168,2012년 11월 10일 07시,토요일,대전광역시 동구 용전동,경상사고,0,0,1,0,차대차 - 측면직각충돌,신호위반,건조,맑음,단일로 - 기타,승용,남,38세,기타불명,승합,남,51세,경상
2012111000100200,2012년 11월 10일 08시,토요일,대전광역시 대덕구 비래동,경상사고,0,0,1,0,차대차 - 기타,안전운전불이행,건조,맑음,단일로 - 기타,승합,기타불명,기타불명,기타불명,화물,남,29세,경상
2012111000100309,2012년 11월 10일 11시,토요일,대전광역시 서구 둔산동,경상사고,0,0,1,0,차대차 - 추돌 - 진행중,안전운전불이행,건조,맑음,단일로 - 기타,승용,여,29세,상해없음,승용,남,57세,경상
2012111000100339,2012년 11월 10일 12시,토요일,대전광역시 대덕구 중리동,중상사고,0,1,0,0,차대차 - 기타,직진우회전진행방해,건조,맑음,교차로 - 교차로안,승용,남,74세,상해없음,자전거,남,53세,중상
2012111000100449,2012년 11월 10일 15시,토요일,대전광역시 중구 대흥동,경상사고,0,0,2,0,차대차 - 추돌 - 주정차중,안전운전불이행,건조,맑음,단일로 - 기타,승용,남,54세,상해없음,승용,여,22세,경상
2012111000100589,2012년 11월 10일 18시,토요일,대전광역시 중구 산성동,중상사고,0,1,0,0,차대사람 - 횡단중,안전운전불이행,건조,흐림,단일로 - 기타,화물,남,45세,상해없음,보행자,남,52세,중상
2012111000100683,2012년 11월 10일 20시,토요일,대전광역시 동구 천동,경상사고,0,0,1,0,차대차 - 기타,안전운전불이행,건조,맑음,교차로 - 교차로부근,승용,여,52세,상해없음,자전거,남,70세,경상
2012111000100810,2012년 11월 10일 23시,토요일,대전광역시 서구 가수원동,사망사고,1,0,0,0,차대차 - 추돌 - 주정차중,안전운전불이행,습기,비,교차로 - 교차로부근,승합,남,52세,사망,승합,남,47세,상해없음
2012111000100811,2012년 11월 10일 23시,토요일,대전광역시 서구 둔산동,중상사고,0,6,0,0,차대차 - 측면직각충돌,신호위반,습기,비,교차로 - 교차로안,승용,남,27세,상해없음,승용,남,42세,중상
2012111000100812,2012년 11월 10일 23시,토요일,대전광역시 서구 둔산동,경상사고,0,0,1,0,차대차 - 기타,안전운전불이행,습기,비,교차로 - 교차로부근,승용,남,52세,상해없음,승용,여,44세,경상
2012111000100813,2012년 11월 10일 23시,토요일,대전광역시 서구 둔산동,경상사고,0,0,4,0,차대차 - 측면직각충돌,신호위반,습기,비,교차로 - 교차로안,승용,남,34세,상해없음,승용,남,58세,경상
2012111100100031,2012년 11월 11일 00시,일요일,대전광역시 동구 용전동,중상사고,0,1,0,0,차대사람 - 기타,안전운전불이행,습기,비,단일로 - 기타,승용,남,48세,상해없음,보행자,여,38세,중상
2012111100100032,2012년 11월 11일 00시,일요일,대전광역시 대덕구 법동,사망사고,1,0,0,0,차량단독 - 공작물충돌,안전운전불이행,습기,비,교차로 - 교차로안,승용,여,48세,사망,,,,
2012111100100073,2012년 11월 11일 01시,일요일,대전광역시 대덕구 송촌동,경상사고,0,0,2,0,차대차 - 측면직각충돌,신호위반,건조,맑음,교차로 - 교차로안,화물,남,41세,상해없음,승용,남,62세,경상
2012111100100120,2012년 11월 11일 02시,일요일,대전광역시 서구 둔산동,경상사고,0,0,1,0,차대사람 - 횡단중,신호위반,습기,비,단일로 - 횡단보도상,승용,남,32세,상해없음,보행자,남,28세,경상
2012111100100154,2012년 11월 11일 03시,일요일,대전광역시 서구 월평동,중상사고,0,1,2,0,차대차 - 추돌 - 주정차중,안전운전불이행,습기,비,교차로 - 교차로안,승용,남,50세,상해없음,승용,남,30세,경상
2012111100100197,2012년 11월 11일 05시,일요일,대전광역시 서구 둔산동,경상사고,0,0,1,0,차대사람 - 기타,안전운전불이행,습기,비,단일로 - 횡단보도상,승용,남,59세,상해없음,보행자,남,24세,경상
2012111100100225,2012년 11월 11일 06시,일요일,대전광역시 서구 만년동,중상사고,0,1,0,0,차대사람 - 기타,안전운전불이행,습기,비,교차로 - 교차로안,승용,남,60세,상해없음,보행자,남,47세,중상
2012111100100280,2012년 11월 11일 09시,일요일,대전광역시 중구 산성동,경상사고,0,0,1,0,차대차 - 기타,안전운전불이행,건조,맑음,단일로 - 기타,승용,기타불명,기타불명,기타불명,화물,여,64세,경상
2012111100100315,2012년 11월 11일 11시,일요일,대전광역시 서구 갈마동,경상사고,0,0,3,0,차대차 - 측면직각충돌,신호위반,건조,맑음,교차로 - 교차로안,승용,남,30세,상해없음,승용,남,29세,경상
2012111100100336,2012년 11월 11일 12시,일요일,대전광역시 동구 용전동,경상사고,0,0,3,0,차대차 - 측면직각충돌,안전운전불이행,건조,맑음,교차로 - 교차로안,승용,남,55세,상해없음,승용,여,45세,경상
2012111100100391,2012년 11월 11일 14시,일요일,대전광역시 서구 도마동,경상사고,0,0,1,0,차대사람 - 횡단중,안전운전불이행,건조,맑음,단일로 - 기타,승용,남,52세,상해없음,보행자,여,73세,경상
2012111100100485,2012년 11월 11일 17시,일요일,대전광역시 유성구 궁동,중상사고,0,1,0,0,차대차 - 추돌 - 진행중,안전운전불이행,건조,맑음,교차로 - 교차로부근,승용,남,65세,상해없음,승용,여,46세,중상
2012111100100540,2012년 11월 11일 18시,일요일,대전광역시 대덕구 신탄진동,중상사고,0,1,0,0,차대사람 - 기타,안전운전불이행,건조,맑음,단일로 - 기타,승용,여,47세,상해없음,보행자,여,77세,중상
2012111100100645,2012년 11월 11일 21시,일요일,대전광역시 중구 대흥동,경상사고,0,0,1,0,차대차 - 측면직각충돌,안전거리미확보,건조,흐림,단일로 - 기타,승용,남,32세,상해없음,원동기,남,34세,경상
2012111100100689,2012년 11월 11일 23시,일요일,대전광역시 서구 관저동,경상사고,0,0,1,0,차대사람 - 기타,안전운전불이행,건조,맑음,단일로 - 기타,승용,남,31세,상해없음,보행자,남,21세,경상
2012111200100029,2012년 11월 12일 01시,월요일,대전광역시 서구 용문동,경상사고,0,0,1,0,차대차 - 추돌 - 주정차중,안전운전불이행,건조,맑음,단일로 - 기타,승용,남,41세,상해없음,원동기,남,52세,경상
2012111200100040,2012년 11월 12일 02시,월요일,대전광역시 서구 둔산동,경상사고,0,0,1,0,차대차 - 측면직각충돌,신호위반,건조,맑음,교차로 - 교차로안,승용,남,29세,상해없음,화물,남,22세,경상
2012111200100215,2012년 11월 12일 11시,월요일,대전광역시 중구 대흥동,중상사고,0,1,0,0,차대차 - 측면직각충돌,차로위반,건조,맑음,단일로 - 기타,승용,남,77세,상해없음,이륜,남,31세,중상
2012111200100238,2012년 11월 12일 12시,월요일,대전광역시 동구 효동,중상사고,0,1,0,0,차대사람 - 횡단중,안전운전불이행,건조,맑음,단일로 - 기타,승용,여,42세,상해없음,보행자,여,64세,중상
2012111200100264,2012년 11월 12일 13시,월요일,대전광역시 대덕구 법동,경상사고,0,0,1,0,차대사람 - 기타,안전운전불이행,건조,맑음,단일로 - 기타,승용,여,51세,상해없음,보행자,여,17세,경상
2012111200100265,2012년 11월 12일 13시,월요일,대전광역시 서구 갈마동,경상사고,0,0,1,0,차대차 - 기타,중앙선침범,건조,맑음,단일로 - 기타,승용,여,52세,상해없음,원동기,남,58세,경상
2012111200100369,2012년 11월 12일 16시,월요일,대전광역시 동구 원동,중상사고,0,1,0,0,차대사람 - 횡단중,보행자보호의무위반,건조,맑음,단일로 - 횡단보도상,승용,여,40세,상해없음,보행자,여,68세,중상
2012111200100412,2012년 11월 12일 17시,월요일,대전광역시 대덕구 오정동,중상사고,0,1,0,0,차대차 - 측면직각충돌,안전운전불이행,건조,맑음,단일로 - 기타,승용,남,41세,상해없음,자전거,남,18세,중상
2012111200100413,2012년 11월 12일 17시,월요일,대전광역시 유성구 지족동,중상사고,0,1,0,0,차량단독 - 기타,안전운전불이행,건조,맑음,기타 - 기타,자전거,남,10세,중상,,,,
2012111200100553,2012년 11월 12일 20시,월요일,대전광역시 중구 선화동,경상사고,0,0,1,0,차대차 - 추돌 - 진행중,안전운전불이행,건조,맑음,교차로 - 교차로부근,승용,여,50세,상해없음,승용,남,35세,경상
2012111200100554,2012년 11월 12일 20시,월요일,대전광역시 대덕구 중리동,경상사고,0,0,1,0,차대차 - 측면직각충돌,교차로운행방법위반,건조,맑음,교차로 - 교차로안,승용,여,52세,상해없음,승용,남,45세,경상
2012111200100605,2012년 11월 12일 21시,월요일,대전광역시 동구 낭월동,경상사고,0,0,2,0,차대차 - 추돌 - 주정차중,안전운전불이행,건조,흐림,교차로 - 교차로부근,승용,여,43세,상해없음,승용,남,36세,경상
2012111200100606,2012년 11월 12일 21시,월요일,대전광역시 유성구 장대동,경상사고,0,0,1,0,차대차 - 측면직각충돌,안전운전불이행,건조,맑음,단일로 - 기타,화물,여,46세,상해없음,승용,남,35세,경상
2012111300100071,2012년 11월 13일 04시,화요일,대전광역시 대덕구 와동,경상사고,0,0,2,0,차대차 - 추돌 - 진행중,안전운전불이행,습기,흐림,단일로 - 기타,승용,남,43세,상해없음,화물,남,56세,경상
2012111300100082,2012년 11월 13일 05시,화요일,대전광역시 대덕구 오정동,중상사고,0,1,0,0,차대사람 - 횡단중,신호위반,건조,맑음,교차로 - 교차로부근,승용,남,27세,상해없음,보행자,여,62세,중상
2012111300100122,2012년 11월 13일 07시,화요일,대전광역시 서구 갈마동,경상사고,0,0,1,0,차대차 - 측면직각충돌,안전운전불이행,건조,맑음,교차로 - 교차로안,승용,남,37세,상해없음,승용,남,56세,경상
2012111300100198,2012년 11월 13일 09시,화요일,대전광역시 서구 도마동,경상사고,0,0,1,0,차대차 - 측면직각충돌,교차로운행방법위반,습기,비,교차로 - 교차로안,승용,여,56세,상해없음,승합,남,50세,경상
2012111300100199,2012년 11월 13일 09시,화요일,대전광역시 대덕구 법동,경상사고,0,0,1,0,차대차 - 측면직각충돌,안전운전불이행,습기,비,교차로 - 교차로안,승용,남,47세,상해없음,승합,남,41세,상해없음
2012111300100223,2012년 11월 13일 10시,화요일,대전광역시 서구 내동,중상사고,0,1,0,0,차대사람 - 기타,안전운전불이행,건조,맑음,단일로 - 기타,승용,남,57세,상해없음,보행자,여,79세,중상
2012111300100414,2012년 11월 13일 17시,화요일,대전광역시 서구 정림동,중상사고,0,1,0,0,차대사람 - 횡단중,안전운전불이행,건조,맑음,교차로 - 교차로안,승용,남,35세,상해없음,보행자,남,79세,중상
2012111300100415,2012년 11월 13일 17시,화요일,대전광역시 서구 월평동,경상사고,0,0,1,0,차대차 - 추돌 - 주정차중,안전운전불이행,습기,비,단일로 - 기타,승용,남,50세,상해없음,승용,남,47세,경상
2012111300100416,2012년 11월 13일 17시,화요일,대전광역시 유성구 관평동,중상사고,0,1,0,0,차대차 - 추돌 - 주정차중,안전운전불이행,건조,맑음,교차로 - 교차로부근,승용,남,48세,상해없음,승용,남,48세,중상
2012111300100469,2012년 11월 13일 18시,화요일,대전광역시 중구 태평동,경상사고,0,0,1,0,차대차 - 정면충돌,중앙선침범,습기,흐림,단일로 - 기타,원동기,남,39세,상해없음,승용,남,41세,경상
2012111300100470,2012년 11월 13일 18시,화요일,대전광역시 동구 용전동,경상사고,0,0,1,0,차대차 - 측면직각충돌,기타,건조,맑음,단일로 - 기타,승용,남,40세,상해없음,원동기,남,46세,경상
2012111300100471,2012년 11월 13일 18시,화요일,대전광역시 동구 중동,중상사고,0,1,0,0,차대차 - 추돌 - 주정차중,안전운전불이행,건조,맑음,단일로 - 기타,승합,남,55세,상해없음,화물,남,47세,중상
2012111300100472,2012년 11월 13일 18시,화요일,대전광역시 대덕구 읍내동,경상사고,0,0,1,0,차대차 - 추돌 - 진행중,안전운전불이행,습기,비,교차로 - 교차로안,승용,남,33세,상해없음,승용,남,53세,경상
2012111300100570,2012년 11월 13일 20시,화요일,대전광역시 중구 태평동,경상사고,0,0,1,0,차대차 - 측면직각충돌,안전운전불이행,습기,흐림,단일로 - 기타,승용,남,43세,상해없음,승용,여,49세,경상
2012111300100571,2012년 11월 13일 20시,화요일,대전광역시 대덕구 비래동,경상사고,0,0,3,0,차대차 - 측면직각충돌,신호위반,건조,맑음,교차로 - 교차로안,승용,남,60세,상해없음,승용,남,37세,경상
2012111300100607,2012년 11월 13일 21시,화요일,대전광역시 유성구 봉산동,경상사고,0,0,1,0,차대차 - 기타,안전운전불이행,건조,맑음,단일로 - 기타,기타불명,기타불명,기타불명,기타불명,승합,남,37세,경상
2012111300100651,2012년 11월 13일 22시,화요일,대전광역시 중구 산성동,중상사고,0,1,0,0,차대사람 - 횡단중,안전운전불이행,건조,맑음,단일로 - 기타,승용,여,30세,상해없음,보행자,여,48세,중상
2012111300100672,2012년 11월 13일 23시,화요일,대전광역시 대덕구 와동,중상사고,0,1,0,0,차대차 - 측면직각충돌,신호위반,습기,비,교차로 - 교차로안,승용,남,60세,상해없음,승용,남,24세,중상
2012111400100027,2012년 11월 14일 00시,수요일,대전광역시 서구 탄방동,경상사고,0,0,2,0,차대차 - 기타,안전거리미확보,건조,흐림,단일로 - 기타,승용,남,47세,상해없음,승용,남,49세,경상
2012111400100057,2012년 11월 14일 02시,수요일,대전광역시 중구 선화동,경상사고,0,0,1,0,차대차 - 추돌 - 주정차중,안전운전불이행,건조,맑음,교차로 - 교차로부근,승용,남,48세,상해없음,승용,남,31세,경상
2012111400100081,2012년 11월 14일 05시,수요일,대전광역시 서구 도마동,경상사고,0,0,1,0,차량단독 - 공작물충돌,안전운전불이행,건조,흐림,교차로 - 교차로안,승용,남,24세,상해없음,,,,
2012111400100169,2012년 11월 14일 08시,수요일,대전광역시 서구 가수원동,중상사고,0,1,0,0,차대차 - 기타,안전운전불이행,건조,맑음,단일로 - 기타,승용,여,27세,상해없음,자전거,남,73세,중상
2012111400100308,2012년 11월 14일 13시,수요일,대전광역시 서구 가장동,경상사고,0,0,1,0,차대사람 - 기타,안전운전불이행,건조,맑음,단일로 - 기타,승용,여,57세,상해없음,보행자,남,51세,경상
2012111400100419,2012년 11월 14일 16시,수요일,대전광역시 서구 도마동,경상사고,0,0,2,0,차대차 - 기타,안전운전불이행,건조,맑음,단일로 - 기타,승용,남,54세,상해없음,승용,남,61세,경상
2012111400100454,2012년 11월 14일 17시,수요일,대전광역시 동구 낭월동,중상사고,0,1,0,0,차대사람 - 횡단중,안전운전불이행,건조,맑음,단일로 - 기타,화물,남,52세,상해없음,보행자,여,15세,중상
2012111400100505,2012년 11월 14일 18시,수요일,대전광역시 중구 선화동,경상사고,0,0,1,0,차대차 - 측면직각충돌,신호위반,건조,맑음,교차로 - 교차로안,화물,남,35세,상해없음,승용,여,38세,경상
2012111400100506,2012년 11월 14일 18시,수요일,대전광역시 대덕구 법동,경상사고,0,0,1,0,차대차 - 측면직각충돌,안전운전불이행,건조,맑음,단일로 - 기타,승용,남,48세,상해없음,원동기,남,25세,경상
2012111400100507,2012년 11월 14일 18시,수요일,대전광역시 유성구 신성동,중상사고,0,1,0,0,차대차 - 측면직각충돌,차로위반,건조,맑음,단일로 - 기타,승용,여,45세,상해없음,승용,여,59세,중상
2012111400100544,2012년 11월 14일 19시,수요일,대전광역시 서구 정림동,경상사고,0,0,1,0,차대차 - 추돌 - 주정차중,안전운전불이행,건조,흐림,단일로 - 기타,화물,남,60세,상해없음,승용,남,58세,경상
2012111400100545,2012년 11월 14일 19시,수요일,대전광역시 대덕구 신탄진동,경상사고,0,0,1,0,차대차 - 측면직각충돌,안전운전불이행,건조,맑음,단일로 - 기타,승용,여,33세,상해없음,이륜,남,27세,경상
2012111400100546,2012년 11월 14일 19시,수요일,대전광역시 서구 둔산동,경상사고,0,0,1,0,차대차 - 추돌 - 주정차중,안전운전불이행,건조,맑음,교차로 - 교차로부근,승용,남,39세,상해없음,승용,남,55세,경상
2012111400100575,2012년 11월 14일 20시,수요일,대전광역시 중구 태평동,경상사고,0,0,1,0,차대차 - 추돌 - 주정차중,안전운전불이행,건조,맑음,단일로 - 기타,승용,여,33세,상해없음,화물,남,58세,경상
2012111400100607,2012년 11월 14일 21시,수요일,대전광역시 중구 대흥동,경상사고,0,0,1,0,차대차 - 추돌 - 주정차중,안전운전불이행,건조,맑음,단일로 - 기타,승용,남,29세,상해없음,승용,여,30세,경상
2012111400100608,2012년 11월 14일 21시,수요일,대전광역시 동구 성남동,경상사고,0,0,1,0,차대사람 - 횡단중,안전운전불이행,건조,맑음,단일로 - 기타,승용,남,46세,상해없음,보행자,여,2세,경상