사고번호,사고일시,요일,시군구,사고내용,사망자수,중상자수,경상자수,부상신고자수,사고유형,법규위반,노면상태,기상상태,도로형태,가해운전자 차종,가해운전자 성별,가해운전자 연령,가해운전자 상해정도,피해운전자 차종,피해운전자 성별,피해운전자 연령,피해운전자 상해정도
2012111400100609,2012년 11월 14일 21시,수요일,대전광역시 동구 성남동,경상사고,0,0,2,0,차대차 - 측면직각충돌,안전운전불이행,건조,맑음,단일로 - 기타,특수,남,46세,상해없음,승용,남,53세,경상
2012111400100667,2012년 11월 14일 23시,수요일,대전광역시 서구 도마동,경상사고,0,0,1,0,차대차 - 측면직각충돌,신호위반,건조,맑음,교차로 - 교차로안,이륜,남,18세,상해없음,승용,남,54세,상해없음
2012111400100668,2012년 11월 14일 23시,수요일,대전광역시 유성구 노은동,경상사고,0,0,2,0,차대차 - 측면직각충돌,신호위반,건조,맑음,교차로 - 교차로안,승용,남,63세,상해없음,승용,남,45세,경상
2012111500100020,2012년 11월 15일 00시,목요일,대전광역시 유성구 신성동,경상사고,0,0,2,0,차대차 - 측면직각충돌,교차로운행방법위반,건조,맑음,교차로 - 교차로안,승용,남,35세,상해없음,승용,남,43세,경상
2012111500100058,2012년 11월 15일 03시,목요일,대전광역시 서구 둔산동,경상사고,0,0,2,0,차대차 - 측면직각충돌,신호위반,건조,흐림,교차로 - 교차로부근,승용,남,31세,상해없음,승용,남,40세,경상
2012111500100080,2012년 11월 15일 05시,목요일,대전광역시 유성구 죽동,중상사고,0,1,1,0,차대차 - 추돌 - 주정차중,안전운전불이행,건조,맑음,교차로 - 교차로부근,승용,남,47세,상해없음,승용,남,39세,경상
2012111500100095,2012년 11월 15일 06시,목요일,대전광역시 대덕구 목상동,경상사고,0,0,1,0,차대차 - 측면직각충돌,안전운전불이행,건조,맑음,단일로 - 기타,화물,남,46세,상해없음,승용,남,41세,경상
2012111500100159,2012년 11월 15일 08시,목요일,대전광역시 중구 선화동,경상사고,0,0,1,0,차대차 - 추돌 - 진행중,안전거리미확보,건조,맑음,단일로 - 기타,승합,여,51세,상해없음,승용,여,29세,경상
2012111500100160,2012년 11월 15일 08시,목요일,대전광역시 동구 성남동,중상사고,0,1,2,0,차대차 - 측면직각충돌,안전거리미확보,건조,맑음,단일로 - 기타,승용,남,72세,경상,승용,남,38세,중상
2012111500100161,2012년 11월 15일 08시,목요일,대전광역시 서구 둔산동,경상사고,0,0,2,0,차대차 - 측면직각충돌,안전운전불이행,건조,맑음,교차로 - 교차로부근,승용,남,24세,상해없음,승용,여,31세,경상
2012111500100162,2012년 11월 15일 08시,목요일,대전광역시 서구 만년동,경상사고,0,0,1,0,차대차 - 추돌 - 주정차중,안전운전불이행,건조,맑음,교차로 - 교차로부근,승용,남,24세,상해없음,승용,여,36세,경상
2012111500100163,2012년 11월 15일 08시,목요일,대전광역시 유성구 구성동,중상사고,0,1,0,0,차대차 - 측면직각충돌,안전운전불이행,건조,맑음,교차로 - 교차로안,승용,남,46세,상해없음,자전거,남,23세,중상
2012111500100291,2012년 11월 15일 13시,목요일,대전광역시 동구 삼성동,경상사고,0,0,1,0,차대차 - 추돌 - 진행중,안전거리미확보,건조,맑음,단일로 - 기타,승합,남,50세,상해없음,화물,남,28세,경상
2012111500100329,2012년 11월 15일 14시,목요일,대전광역시 유성구 도룡동,중상사고,0,1,1,0,차대차 - 추돌 - 주정차중,안전거리미확보,건조,맑음,단일로 - 기타,승용,여,45세,상해없음,승용,여,50세,경상
2012111500100497,2012년 11월 15일 18시,목요일,대전광역시 서구 월평동,경상사고,0,0,3,0,차대차 - 추돌 - 주정차중,안전운전불이행,건조,맑음,교차로 - 교차로부근,승용,기타불명,기타불명,기타불명,승용,남,35세,경상
2012111500100574,2012년 11월 15일 20시,목요일,대전광역시 유성구 학하동,경상사고,0,0,1,0,차대차 - 추돌 - 진행중,신호위반,건조,맑음,교차로 - 교차로안,승용,남,60세,상해없음,승용,여,39세,경상
2012111500100598,2012년 11월 15일 21시,목요일,대전광역시 동구 가양동,경상사고,0,0,2,0,차대차 - 추돌 - 진행중,안전운전불이행,건조,맑음,단일로 - 기타,승용,남,31세,상해없음,승용,남,45세,경상
2012111500100660,2012년 11월 15일 23시,목요일,대전광역시 중구 중촌동,중상사고,0,1,0,0,차대차 - 측면직각충돌,안전운전불이행,건조,맑음,단일로 - 기타,승용,남,56세,상해없음,이륜,남,39세,중상
2012111600100024,2012년 11월 16일 00시,금요일,대전광역시 동구 소제동,중상사고,0,1,0,0,차대차 - 측면직각충돌,신호위반,건조,맑음,교차로 - 교차로안,승용,남,52세,상해없음,승용,여,52세,중상
2012111600100042,2012년 11월 16일 01시,금요일,대전광역시 중구 오류동,경상사고,0,0,1,0,차대차 - 측면직각충돌,안전거리미확보,건조,맑음,단일로 - 기타,승용,남,25세,상해없음,승용,남,40세,경상
2012111600100043,2012년 11월 16일 01시,금요일,대전광역시 중구 유천동,경상사고,0,0,1,0,차대차 - 기타,안전운전불이행,건조,맑음,단일로 - 기타,승용,남,30세,상해없음,승용,남,46세,경상
2012111600100055,2012년 11월 16일 02시,금요일,대전광역시 서구 괴정동,경상사고,0,0,1,0,차대사람 - 기타,안전운전불이행,건조,맑음,단일로 - 기타,승용,남,32세,상해없음,보행자,여,24세,경상
2012111600100072,2012년 11월 16일 03시,금요일,대전광역시 동구 성남동,사망사고,1,0,0,0,차대사람 - 기타,안전운전불이행,건조,맑음,단일로 - 기타,승용,남,29세,상해없음,보행자,남,22세,사망
2012111600100189,2012년 11월 16일 08시,금요일,대전광역시 서구 월평동,경상사고,0,0,1,0,차대차 - 추돌 - 진행중,안전거리미확보,건조,맑음,교차로 - 교차로부근,승용,남,68세,상해없음,승용,여,41세,경상
2012111600100217,2012년 11월 16일 09시,금요일,대전광역시 서구 도마동,경상사고,0,0,3,0,차대차 - 추돌 - 주정차중,안전운전불이행,건조,맑음,교차로 - 교차로부근,승용,남,28세,상해없음,승용,여,53세,경상
2012111600100257,2012년 11월 16일 11시,금요일,대전광역시 서구 탄방동,경상사고,0,0,1,0,차대사람 - 횡단중,안전운전불이행,건조,흐림,교차로 - 교차로부근,승용,여,29세,상해없음,보행자,여,37세,경상
2012111600100280,2012년 11월 16일 12시,금요일,대전광역시 동구 가양동,경상사고,0,0,1,0,차대사람 - 기타,안전운전불이행,건조,맑음,교차로 - 교차로부근,화물,남,33세,상해없음,보행자,여,53세,경상
2012111600100364,2012년 11월 16일 16시,금요일,대전광역시 중구 선화동,경상사고,0,0,1,0,차대차 - 기타,안전운전불이행,건조,맑음,단일로 - 기타,화물,남,55세,상해없음,승용,여,31세,경상
2012111600100426,2012년 11월 16일 17시,금요일,대전광역시 서구 도마동,경상사고,0,0,1,0,차대차 - 기타,교차로운행방법위반,건조,기타,교차로 - 교차로안,승용,남,58세,상해없음,승용,남,57세,상해없음
2012111600100427,2012년 11월 16일 17시,금요일,대전광역시 대덕구 덕암동,경상사고,0,0,1,0,차대사람 - 차도통행중,안전운전불이행,습기,비,교차로 - 교차로안,승용,여,36세,상해없음,보행자,여,13세,경상
2012111600100507,2012년 11월 16일 18시,금요일,대전광역시 서구 괴정동,경상사고,0,0,1,0,차대사람 - 기타,안전운전불이행,습기,비,단일로 - 기타,승용,기타불명,기타불명,기타불명,보행자,여,17세,경상
2012111600100573,2012년 11월 16일 19시,금요일,대전광역시 대덕구 송촌동,경상사고,0,0,1,0,차대차 - 추돌 - 진행중,안전운전불이행,습기,비,교차로 - 교차로안,승용,기타불명,기타불명,기타불명,승용,여,43세,경상
2012111600100574,2012년 11월 16일 19시,금요일,대전광역시 서구 둔산동,부상신고사고,0,0,0,1,차대사람 - 횡단중,신호위반,습기,비,단일로 - 횡단보도상,기타불명,기타불명,기타불명,기타불명,보행자,남,51세,부상신고
2012111600100634,2012년 11월 16일 20시,금요일,대전광역시 동구 용전동,경상사고,0,0,1,0,차대사람 - 차도통행중,안전운전불이행,습기,비,단일로 - 횡단보도부근,원동기,남,18세,상해없음,보행자,남,64세,경상
2012111600100635,2012년 11월 16일 20시,금요일,대전광역시 대덕구 대화동,경상사고,0,0,1,0,차대사람 - 차도통행중,안전운전불이행,습기,비,교차로 - 교차로부근,승용,남,43세,상해없음,보행자,남,52세,경상
2012111600100702,2012년 11월 16일 21시,금요일,대전광역시 서구 월평동,중상사고,0,1,0,0,차대차 - 측면직각충돌,기타,습기,비,단일로 - 기타,승용,남,40세,상해없음,승합,남,55세,상해없음
2012111600100779,2012년 11월 16일 22시,금요일,대전광역시 서구 내동,경상사고,0,0,2,0,차대차 - 추돌 - 진행중,안전운전불이행,습기,비,단일로 - 기타,승용,남,34세,상해없음,승용,남,35세,경상
2012111600100780,2012년 11월 16일 22시,금요일,대전광역시 서구 월평동,경상사고,0,0,1,0,차대차 - 추돌 - 진행중,안전운전불이행,건조,흐림,단일로 - 기타,승용,여,25세,상해없음,승용,남,28세,경상
2012111600100856,2012년 11월 16일 23시,금요일,대전광역시 서구 용문동,경상사고,0,0,1,0,차대차 - 추돌 - 진행중,안전운전불이행,습기,비,단일로 - 기타,승용,남,29세,상해없음,승용,남,50세,경상
2012111600100857,2012년 11월 16일 23시,금요일,대전광역시 서구 월평동,중상사고,0,1,0,0,차대차 - 측면직각충돌,신호위반,습기,비,교차로 - 교차로안,승용,남,29세,상해없음,승용,남,33세,중상
2012111600100858,2012년 11월 16일 23시,금요일,대전광역시 서구 탄방동,경상사고,0,0,5,0,차대차 - 정면충돌,중앙선침범,습기,비,단일로 - 기타,승용,남,26세,상해없음,승용,남,29세,경상
2012111700100059,2012년 11월 17일 00시,토요일,대전광역시 서구 도마동,중상사고,0,1,1,0,차대차 - 측면직각충돌,신호위반,습기,비,교차로 - 교차로안,승용,남,27세,상해없음,승용,남,30세,경상
2012111700100060,2012년 11월 17일 00시,토요일,대전광역시 대덕구 중리동,경상사고,0,0,2,0,차대차 - 추돌 - 주정차중,안전운전불이행,습기,비,단일로 - 기타,승용,남,51세,상해없음,승용,남,27세,경상
2012111700100061,2012년 11월 17일 00시,토요일,대전광역시 유성구 봉명동,중상사고,0,1,0,0,차대차 - 측면직각충돌,교차로운행방법위반,습기,비,교차로 - 교차로안,승용,남,26세,상해없음,자전거,남,58세,중상
2012111700100108,2012년 11월 17일 01시,토요일,대전광역시 중구 중촌동,중상사고,0,1,2,0,차대차 - 측면직각충돌,신호위반,습기,흐림,교차로 - 교차로안,승용,남,37세,상해없음,승용,남,28세,경상
2012111700100109,2012년 11월 17일 01시,토요일,대전광역시 중구 문화동,경상사고,0,0,2,0,차대차 - 추돌 - 주정차중,안전운전불이행,습기,비,단일로 - 기타,승용,남,37세,상해없음,승용,남,33세,경상
2012111700100110,2012년 11월 17일 01시,토요일,대전광역시 서구 갈마동,경상사고,0,0,3,0,차대차 - 측면직각충돌,신호위반,습기,비,교차로 - 교차로안,승용,남,57세,상해없음,승용,남,45세,경상
2012111700100154,2012년 11월 17일 02시,토요일,대전광역시 유성구 장대동,중상사고,0,2,1,0,차대차 - 측면직각충돌,신호위반,습기,비,교차로 - 교차로안,화물,남,69세,중상,승용,남,35세,경상
2012111700100184,2012년 11월 17일 03시,토요일,대전광역시 대덕구 오정동,경상사고,0,0,1,0,차대차 - 추돌 - 주정차중,안전운전불이행,습기,비,교차로 - 교차로부근,승용,남,55세,상해없음,승용,남,37세,경상
2012111700100230,2012년 11월 17일 05시,토요일,대전광역시 서구 갈마동,경상사고,0,0,1,0,차대차 - 측면직각충돌,안전운전불이행,습기,비,단일로 - 기타,승용,여,25세,상해없음,승용,남,39세,경상
2012111700100250,2012년 11월 17일 06시,토요일,대전광역시 서구 정림동,경상사고,0,0,1,0,차대차 - 측면직각충돌,안전운전불이행,습기,비,단일로 - 기타,승용,여,56세,경상,화물,남,31세,상해없음
2012111700100276,2012년 11월 17일 07시,토요일,대전광역시 중구 안영동,경상사고,0,0,1,0,차대차 - 기타,중앙선침범,습기,흐림,단일로 - 기타,승용,남,47세,상해없음,화물,남,54세,경상
2012111700100277,2012년 11월 17일 07시,토요일,대전광역시 서구 가수원동,중상사고,0,1,0,0,차대차 - 측면직각충돌,신호위반,습기,흐림,교차로 - 교차로안,승용,남,22세,상해없음,승용,남,30세,중상
2012111700100483,2012년 11월 17일 14시,토요일,대전광역시 서구 둔산동,중상사고,0,1,0,0,차대사람 - 기타,기타,건조,맑음,단일로 - 기타,승용,남,24세,상해없음,보행자,남,46세,중상
2012111700100597,2012년 11월 17일 17시,토요일,대전광역시 유성구 원내동,경상사고,0,0,3,0,차대차 - 추돌 - 진행중,교차로운행방법위반,건조,맑음,교차로 - 교차로안,승합,남,35세,상해없음,승용,남,45세,경상
2012111700100654,2012년 11월 17일 18시,토요일,대전광역시 중구 선화동,중상사고,0,1,0,0,차대사람 - 횡단중,안전운전불이행,건조,흐림,단일로 - 기타,원동기,남,18세,상해없음,보행자,여,74세,중상
2012111700100655,2012년 11월 17일 18시,토요일,대전광역시 대덕구 법동,중상사고,0,1,0,0,차대사람 - 횡단중,안전운전불이행,건조,맑음,교차로 - 교차로안,승용,남,64세,상해없음,보행자,여,77세,중상
2012111700100656,2012년 11월 17일 18시,토요일,대전광역시 대덕구 중리동,경상사고,0,0,1,0,차대차 - 측면직각충돌,교차로운행방법위반,건조,맑음,교차로 - 교차로안,승용,남,48세,상해없음,이륜,남,35세,경상
2012111700100657,2012년 11월 17일 18시,토요일,대전광역시 유성구 구암동,경상사고,0,0,2,0,차대차 - 기타,안전운전불이행,건조,흐림,교차로 - 교차로부근,화물,남,44세,상해없음,승용,남,57세,경상
2012111700100713,2012년 11월 17일 20시,토요일,대전광역시 동구 용운동,중상사고,0,1,0,0,차대사람 - 차도통행중,안전운전불이행,건조,맑음,단일로 - 기타,원동기,남,19세,상해없음,보행자,남,13세,중상
2012111700100714,2012년 11월 17일 20시,토요일,대전광역시 서구 괴정동,경상사고,0,0,1,0,차대사람 - 기타,안전운전불이행,건조,맑음,단일로 - 기타,승용,남,26세,상해없음,보행자,남,28세,경상
2012111700100715,2012년 11월 17일 20시,토요일,대전광역시 대덕구 중리동,경상사고,0,0,1,0,차대사람 - 기타,안전운전불이행,건조,맑음,단일로 - 기타,승용,남,48세,상해없음,보행자,남,41세,경상
2012111700100780,2012년 11월 17일 22시,토요일,대전광역시 동구 가양동,경상사고,0,0,3,0,차대차 - 추돌 - 진행중,안전운전불이행,건조,흐림,교차로 - 교차로부근,승용,남,44세,상해없음,승용,남,53세,경상
2012111700100811,2012년 11월 17일 23시,토요일,대전광역시 중구 대흥동,중상사고,0,1,1,0,차대차 - 기타,안전거리미확보,건조,맑음,단일로 - 기타,승용,여,46세,상해없음,승용,남,56세,경상
2012111700100812,2012년 11월 17일 23시,토요일,대전광역시 중구 태평동,중상사고,0,1,0,0,차대차 - 기타,불법유턴,건조,맑음,단일로 - 기타,승용,남,26세,상해없음,원동기,남,29세,중상
2012111800100053,2012년 11월 18일 01시,일요일,대전광역시 중구 대흥동,경상사고,0,0,1,0,차대차 - 추돌 - 주정차중,안전운전불이행,건조,맑음,단일로 - 기타,승용,남,20세,상해없음,승용,남,55세,상해없음
2012111800100100,2012년 11월 18일 04시,일요일,대전광역시 서구 둔산동,경상사고,0,0,1,0,차대차 - 추돌 - 주정차중,안전거리미확보,건조,맑음,단일로 - 기타,승용,남,25세,상해없음,승용,남,22세,상해없음
2012111800100132,2012년 11월 18일 06시,일요일,대전광역시 서구 변동,사망사고,1,0,0,0,차대사람 - 기타,안전운전불이행,건조,맑음,단일로 - 기타,승용,남,67세,상해없음,보행자,여,77세,사망
2012111800100194,2012년 11월 18일 10시,일요일,대전광역시 중구 유천동,중상사고,0,1,0,0,차대차 - 측면직각충돌,교차로운행방법위반,건조,맑음,교차로 - 교차로안,승용,남,43세,상해없음,승용,남,64세,중상
2012111800100426,2012년 11월 18일 18시,일요일,대전광역시 중구 오류동,중상사고,0,1,0,0,차대차 - 측면직각충돌,안전거리미확보,건조,맑음,단일로 - 기타,승용,여,27세,상해없음,원동기,남,54세,중상
2012111800100427,2012년 11월 18일 18시,일요일,대전광역시 동구 소제동,중상사고,0,1,0,0,차대차 - 측면직각충돌,교차로운행방법위반,건조,맑음,교차로 - 교차로안,승용,남,65세,상해없음,원동기,남,45세,중상
2012111800100460,2012년 11월 18일 19시,일요일,대전광역시 동구 성남동,경상사고,0,0,3,0,차대차 - 추돌 - 진행중,안전운전불이행,건조,맑음,단일로 - 기타,승용,남,50세,상해없음,승용,남,35세,경상
2012111800100461,2012년 11월 18일 19시,일요일,대전광역시 서구 관저동,중상사고,0,1,0,0,차대차 - 측면직각충돌,안전운전불이행,건조,맑음,단일로 - 기타,승용,남,45세,상해없음,원동기,남,19세,중상
2012111800100490,2012년 11월 18일 20시,일요일,대전광역시 동구 대동,중상사고,0,1,3,0,차대차 - 추돌 - 주정차중,안전운전불이행,건조,맑음,교차로 - 교차로부근,승용,남,47세,상해없음,화물,남,36세,중상
2012111800100513,2012년 11월 18일 21시,일요일,대전광역시 동구 자양동,경상사고,0,0,1,0,차대차 - 측면직각충돌,교차로운행방법위반,건조,맑음,교차로 - 교차로안,승용,남,26세,상해없음,원동기,남,18세,경상
2012111800100514,2012년 11월 18일 21시,일요일,대전광역시 유성구 상대동,경상사고,0,0,4,0,차대차 - 기타,안전운전불이행,건조,맑음,교차로 - 교차로부근,승용,남,63세,상해없음,승용,남,32세,경상
2012111800100555,2012년 11월 18일 23시,일요일,대전광역시 동구 용전동,경상사고,0,0,2,0,차대차 - 측면직각충돌,안전운전불이행,건조,맑음,단일로 - 기타,승용,남,25세,상해없음,승용,남,56세,경상
2012111900100026,2012년 11월 19일 01시,월요일,대전광역시 유성구 화암동,중상사고,0,2,0,0,차대차 - 기타,신호위반,건조,맑음,교차로 - 교차로안,승용,남,48세,상해없음,승용,남,26세,중상
2012111900100049,2012년 11월 19일 04시,월요일,대전광역시 서구 용문동,경상사고,0,0,1,0,차대차 - 측면직각충돌,안전거리미확보,건조,맑음,단일로 - 기타,승용,남,56세,상해없음,화물,남,24세,경상
2012111900100213,2012년 11월 19일 09시,월요일,대전광역시 서구 둔산동,경상사고,0,0,1,0,차대사람 - 횡단중,보행자보호의무위반,건조,맑음,교차로 - 교차로부근,승용,기타불명,기타불명,기타불명,보행자,여,58세,경상
2012111900100241,2012년 11월 19일 10시,월요일,대전광역시 대덕구 오정동,경상사고,0,0,1,0,차대차 - 측면직각충돌,안전운전불이행,건조,맑음,교차로 - 교차로부근,승용,여,41세,상해없음,이륜,여,65세,경상
2012111900100381,2012년 11월 19일 15시,월요일,대전광역시 서구 둔산동,경상사고,0,0,1,0,차대사람 - 횡단중,안전운전불이행,건조,맑음,단일로 - 기타,승용,남,62세,상해없음,보행자,여,72세,경상
2012111900100494,2012년 11월 19일 18시,월요일,대전광역시 서구 내동,경상사고,0,0,1,0,차량단독 - 기타,안전운전불이행,건조,맑음,단일로 - 기타,승합,남,56세,상해없음,,,,
2012111900100495,2012년 11월 19일 18시,월요일,대전광역시 대덕구 송촌동,중상사고,0,1,0,0,차대사람 - 횡단중,안전운전불이행,건조,맑음,교차로 - 교차로안,승합,남,49세,상해없음,보행자,여,47세,중상
2012111900100496,2012년 11월 19일 18시,월요일,대전광역시 대덕구 오정동,중상사고,0,1,0,0,차대사람 - 차도통행중,안전운전불이행,건조,맑음,단일로 - 기타,승용,여,26세,상해없음,보행자,남,55세,중상
2012111900100557,2012년 11월 19일 20시,월요일,대전광역시 중구 선화동,중상사고,0,1,0,0,차대차 - 측면직각충돌,신호위반,건조,맑음,교차로 - 교차로안,승용,남,52세,상해없음,원동기,남,63세,중상
2012111900100592,2012년 11월 19일 21시,월요일,대전광역시 동구 홍도동,경상사고,0,0,4,0,차대차 - 측면직각충돌,안전운전불이행,건조,맑음,단일로 - 기타,화물,남,50세,상해없음,승용,여,21세,경상
2012111900100619,2012년 11월 19일 22시,월요일,대전광역시 대덕구 송촌동,경상사고,0,0,1,0,차대차 - 기타,안전운전불이행,건조,맑음,단일로 - 기타,승용,남,38세,기타불명,승용,남,43세,경상
2012111900100620,2012년 11월 19일 22시,월요일,대전광역시 서구 갈마동,경상사고,0,0,1,0,차대차 - 측면직각충돌,안전운전불이행,건조,맑음,교차로 - 교차로부근,승용,남,35세,상해없음,승용,남,35세,경상
2012112000100014,2012년 11월 20일 00시,화요일,대전광역시 유성구 봉명동,중상사고,0,1,0,0,차대차 - 기타,안전운전불이행,건조,맑음,교차로 - 교차로안,승용,남,26세,상해없음,자전거,남,22세,중상
2012112000100015,2012년 11월 20일 00시,화요일,대전광역시 서구 월평동,경상사고,0,0,1,0,차대차 - 측면직각충돌,교차로운행방법위반,건조,맑음,교차로 - 교차로안,승용,남,61세,상해없음,승용,남,51세,경상
2012112000100016,2012년 11월 20일 00시,화요일,대전광역시 서구 월평동,경상사고,0,0,1,0,차대차 - 측면직각충돌,신호위반,건조,맑음,교차로 - 교차로안,승용,남,32세,상해없음,승용,남,30세,경상
2012112000100054,2012년 11월 20일 05시,화요일,대전광역시 동구 낭월동,중상사고,0,1,0,0,차량단독 - 기타,기타,건조,맑음,단일로 - 기타,승합,남,50세,상해없음,,,,
2012112000100132,2012년 11월 20일 08시,화요일,대전광역시 서구 가수원동,중상사고,0,1,1,0,차대차 - 추돌 - 진행중,안전거리미확보,건조,맑음,단일로 - 교량,승용,남,59세,상해없음,승용,남,34세,경상
2012112000100159,2012년 11월 20일 09시,화요일,대전광역시 중구 중촌동,중상사고,0,2,0,0,차대차 - 추돌 - 진행중,안전거리미확보,건조,맑음,교차로 - 교차로부근,화물,남,31세,상해없음,승용,남,68세,중상
2012112000100160,2012년 11월 20일 09시,화요일,대전광역시 중구 용두동,중상사고,0,1,0,0,차대차 - 측면직각충돌,안전운전불이행,건조,맑음,교차로 - 교차로부근,승용,남,46세,상해없음,자전거,여,29세,중상
2012112000100224,2012년 11월 20일 12시,화요일,대전광역시 동구 신흥동,경상사고,0,0,1,0,차대차 - 추돌 - 진행중,안전거리미확보,건조,맑음,단일로 - 기타,승합,남,56세,상해없음,승용,남,36세,경상
2012112000100316,2012년 11월 20일 15시,화요일,대전광역시 유성구 봉명동,경상사고,0,0,1,0,차대사람 - 길가장자리구역통행중,안전운전불이행,건조,맑음,교차로 - 교차로안,화물,기타불명,기타불명,기타불명,보행자,남,14세,경상
2012112000100349,2012년 11월 20일 16시,화요일,대전광역시 대덕구 오정동,경상사고,0,0,1,0,차대차 - 추돌 - 주정차중,안전운전불이행,건조,맑음,단일로 - 기타,승용,남,54세,상해없음,화물,남,42세,경상
2012112000100391,2012년 11월 20일 17시,화요일,대전광역시 서구 변동,중상사고,0,1,0,0,차대사람 - 횡단중,안전운전불이행,건조,맑음,단일로 - 기타,승용,남,43세,상해없음,보행자,남,66세,중상
2012112000100441,2012년 11월 20일 18시,화요일,대전광역시 중구 선화동,경상사고,0,0,1,0,차대차 - 측면직각충돌,안전운전불이행,건조,맑음,교차로 - 교차로부근,승합,남,70세,상해없음,승용,남,29세,경상
2012112000100442,2012년 11월 20일 18시,화요일,대전광역시 동구 자양동,중상사고,0,2,0,0,차대사람 - 횡단중,안전운전불이행,건조,맑음,교차로 - 교차로부근,이륜,남,18세,중상,보행자,여,38세,중상
2012112000100443,2012년 11월 20일 18시,화요일,대전광역시 서구 복수동,중상사고,0,1,0,0,차대사람 - 횡단중,안전운전불이행,건조,맑음,교차로 - 교차로안,승용,남,63세,상해없음,보행자,남,11세,중상
2012112000100496,2012년 11월 20일 20시,화요일,대전광역시 동구 홍도동,중상사고,0,1,0,0,차대사람 - 기타,안전운전불이행,건조,맑음,교차로 - 교차로부근,승용,여,31세,상해없음,보행자,남,45세,중상
2012112000100559,2012년 11월 20일 22시,화요일,대전광역시 서구 둔산동,경상사고,0,0,2,0,차대차 - 측면직각충돌,안전거리미확보,건조,맑음,교차로 - 교차로부근,승용,남,55세,상해없음,승용,여,32세,경상
2012112100100016,2012년 11월 21일 00시,수요일,대전광역시 중구 오류동,중상사고,0,2,1,0,차대차 - 정면충돌,신호위반,건조,맑음,교차로 - 교차로안,승용,남,27세,상해없음,승용,남,55세,중상
2012112100100058,2012년 11월 21일 04시,수요일,대전광역시 중구 대사동,중상사고,0,1,0,0,차대차 - 측면직각충돌,안전거리미확보,건조,맑음,단일로 - 기타,승용,남,30세,상해없음,원동기,남,72세,중상
2012112100100070,2012년 11월 21일 05시,수요일,대전광역시 중구 오류동,중상사고,0,1,3,0,차대차 - 측면직각충돌,신호위반,건조,맑음,교차로 - 교차로안,화물,남,48세,상해없음,승용,남,52세,경상
2012112100100142,2012년 11월 21일 08시,수요일,대전광역시 동구 용전동,중상사고,0,1,0,0,차대차 - 측면직각충돌,신호위반,건조,맑음,교차로 - 교차로안,자전거,남,51세,중상,승합,남,55세,상해없음
2012112100100340,2012년 11월 21일 16시,수요일,대전광역시 동구 삼성동,경상사고,0,0,1,0,차대차 - 측면직각충돌,안전운전불이행,건조,맑음,단일로 - 기타,승용,남,25세,상해없음,승용,남,76세,경상
2012112100100341,2012년 11월 21일 16시,수요일,대전광역시 서구 가장동,경상사고,0,0,1,0,차대사람 - 기타,안전운전불이행,건조,맑음,단일로 - 기타,승용,남,48세,상해없음,보행자,여,76세,경상
2012112100100384,2012년 11월 21일 17시,수요일,대전광역시 중구 옥계동,중상사고,0,1,0,0,차대사람 - 기타,안전운전불이행,건조,맑음,단일로 - 기타,승용,남,48세,상해없음,보행자,남,73세,중상
2012112100100385,2012년 11월 21일 17시,수요일,대전광역시 동구 가양동,경상사고,0,0,1,0,차대사람 - 차도통행중,안전운전불이행,건조,맑음,단일로 - 기타,화물,남,73세,기타불명,보행자,여,14세,경상
2012112100100386,2012년 11월 21일 17시,수요일,대전광역시 서구 복수동,경상사고,0,0,1,0,차대사람 - 기타,안전운전불이행,건조,맑음,단일로 - 기타,승용,기타불명,기타불명,기타불명,보행자,남,12세,경상
2012112100100443,2012년 11월 21일 18시,수요일,대전광역시 동구 홍도동,중상사고,0,1,0,0,차대사람 - 기타,안전운전불이행,건조,맑음,교차로 - 교차로안,화물,남,24세,상해없음,보행자,여,77세,중상
2012112100100444,2012년 11월 21일 18시,수요일,대전광역시 동구 용전동,경상사고,0,0,1,0,차대사람 - 기타,안전운전불이행,건조,맑음,교차로 - 교차로부근,승용,여,34세,상해없음,보행자,여,42세,경상
2012112100100445,2012년 11월 21일 18시,수요일,대전광역시 서구 도마동,경상사고,0,0,1,0,차대사람 - 기타,안전운전불이행,건조,맑음,교차로 - 교차로부근,승용,남,55세,상해없음,보행자,여,74세,경상
2012112100100580,2012년 11월 21일 22시,수요일,대전광역시 서구 갈마동,경상사고,0,0,1,0,차대차 - 추돌 - 주정차중,안전운전불이행,건조,맑음,단일로 - 기타,승용,남,34세,상해없음,승합,남,42세,경상
2012112100100601,2012년 11월 21일 23시,수요일,대전광역시 서구 가수원동,사망사고,1,0,1,0,차량단독 - 공작물충돌,안전운전불이행,건조,맑음,교차로 - 교차로부근,원동기,남,16세,사망,,,,
2012112100100602,2012년 11월 21일 23시,수요일,대전광역시 서구 둔산동,경상사고,0,0,1,0,차대차 - 추돌 - 진행중,안전운전불이행,건조,맑음,단일로 - 기타,승용,남,38세,상해없음,승용,남,24세,경상
2012112200100039,2012년 11월 22일 02시,목요일,대전광역시 동구 인동,경상사고,0,0,1,0,차대사람 - 횡단중,안전운전불이행,습기,흐림,교차로 - 교차로안,승용,남,40세,상해없음,보행자,남,36세,경상