사고번호,사고일시,요일,시군구,사고내용,사망자수,중상자수,경상자수,부상신고자수,사고유형,법규위반,노면상태,기상상태,도로형태,가해운전자 차종,가해운전자 성별,가해운전자 연령,가해운전자 상해정도,피해운전자 차종,피해운전자 성별,피해운전자 연령,피해운전자 상해정도
2012112200100159,2012년 11월 22일 08시,목요일,대전광역시 중구 선화동,경상사고,0,0,1,0,차대차 - 기타,안전운전불이행,건조,맑음,교차로 - 교차로부근,승용,여,37세,상해없음,이륜,남,50세,경상
2012112200100260,2012년 11월 22일 12시,목요일,대전광역시 서구 관저동,중상사고,0,1,0,0,차대사람 - 차도통행중,안전운전불이행,건조,맑음,교차로 - 교차로안,승용,여,57세,상해없음,보행자,남,14세,중상
2012112200100295,2012년 11월 22일 14시,목요일,대전광역시 대덕구 신대동,경상사고,0,0,2,0,차대차 - 기타,안전운전불이행,건조,맑음,단일로 - 기타,화물,기타불명,기타불명,기타불명,승용,남,32세,경상
2012112200100301,2012년 11월 22일 14시,목요일,대전광역시 서구 갈마동,경상사고,0,0,2,0,차대차 - 기타,안전운전불이행,건조,맑음,교차로 - 교차로안,승용,남,42세,상해없음,승용,남,58세,경상
2012112200100350,2012년 11월 22일 16시,목요일,대전광역시 서구 용문동,경상사고,0,0,1,0,차대차 - 추돌 - 진행중,안전거리미확보,건조,맑음,단일로 - 교량,원동기,남,19세,기타불명,승용,여,36세,경상
2012112200100393,2012년 11월 22일 17시,목요일,대전광역시 서구 도안동,경상사고,0,0,1,0,차대차 - 측면직각충돌,신호위반,건조,맑음,교차로 - 교차로안,승용,남,66세,상해없음,승용,남,24세,경상
2012112200100436,2012년 11월 22일 18시,목요일,대전광역시 대덕구 오정동,경상사고,0,0,1,0,차대차 - 측면직각충돌,안전운전불이행,건조,흐림,단일로 - 기타,승용,남,57세,상해없음,승용,남,50세,경상
2012112200100437,2012년 11월 22일 18시,목요일,대전광역시 유성구 봉명동,경상사고,0,0,1,0,차대차 - 기타,안전운전불이행,건조,맑음,교차로 - 교차로부근,승용,여,42세,상해없음,자전거,남,40세,경상
2012112200100535,2012년 11월 22일 21시,목요일,대전광역시 대덕구 신일동,경상사고,0,0,1,0,차대차 - 측면직각충돌,안전운전불이행,건조,맑음,교차로 - 교차로부근,승용,남,34세,상해없음,이륜,남,22세,경상
2012112200100574,2012년 11월 22일 22시,목요일,대전광역시 서구 용문동,경상사고,0,0,2,0,차대차 - 기타,안전운전불이행,건조,맑음,단일로 - 기타,승용,여,43세,상해없음,승용,남,29세,경상
2012112200100604,2012년 11월 22일 23시,목요일,대전광역시 서구 도마동,중상사고,0,1,0,0,차대차 - 측면직각충돌,신호위반,건조,맑음,교차로 - 교차로안,승용,남,39세,상해없음,이륜,남,27세,중상
2012112200100605,2012년 11월 22일 23시,목요일,대전광역시 서구 가장동,경상사고,0,0,1,0,차대차 - 추돌 - 진행중,안전운전불이행,건조,맑음,단일로 - 기타,승용,남,37세,상해없음,승용,남,49세,경상
2012112300100018,2012년 11월 23일 00시,금요일,대전광역시 대덕구 중리동,부상신고사고,0,0,0,1,차대사람 - 기타,안전운전불이행,건조,맑음,교차로 - 교차로안,승용,남,58세,상해없음,보행자,남,27세,부상신고
2012112300100068,2012년 11월 23일 04시,금요일,대전광역시 서구 흑석동,중상사고,0,1,0,0,차대사람 - 기타,안전운전불이행,건조,맑음,단일로 - 기타,특수,남,50세,상해없음,보행자,여,60세,중상
2012112300100069,2012년 11월 23일 04시,금요일,대전광역시 유성구 봉명동,경상사고,0,0,4,0,차대차 - 기타,안전운전불이행,건조,맑음,단일로 - 기타,승용,남,28세,경상,승용,남,36세,경상
2012112300100113,2012년 11월 23일 06시,금요일,대전광역시 서구 용문동,경상사고,0,0,1,0,차대차 - 정면충돌,중앙선침범,건조,맑음,교차로 - 교차로부근,승용,남,24세,상해없음,승용,여,43세,경상
2012112300100141,2012년 11월 23일 07시,금요일,대전광역시 서구 탄방동,경상사고,0,0,1,0,차대차 - 기타,신호위반,건조,맑음,교차로 - 교차로안,승용,남,58세,상해없음,자전거,남,49세,경상
2012112300100176,2012년 11월 23일 08시,금요일,대전광역시 동구 가양동,경상사고,0,0,1,0,차대사람 - 길가장자리구역통행중,안전운전불이행,건조,맑음,단일로 - 기타,승용,남,20세,상해없음,보행자,남,15세,경상
2012112300100177,2012년 11월 23일 08시,금요일,대전광역시 서구 괴정동,경상사고,0,0,1,0,차대차 - 측면직각충돌,신호위반,건조,맑음,교차로 - 교차로안,승용,남,42세,상해없음,승용,여,41세,경상
2012112300100178,2012년 11월 23일 08시,금요일,대전광역시 서구 월평동,경상사고,0,0,6,0,차대차 - 기타,안전운전불이행,건조,맑음,교차로 - 교차로안,승용,남,62세,상해없음,승합,남,54세,경상
2012112300100179,2012년 11월 23일 08시,금요일,대전광역시 서구 월평동,중상사고,0,1,0,0,차량단독 - 기타,안전운전불이행,건조,맑음,교차로 - 교차로안,승합,남,48세,상해없음,,,,
2012112300100247,2012년 11월 23일 11시,금요일,대전광역시 대덕구 와동,중상사고,0,1,1,0,차대차 - 측면직각충돌,중앙선침범,건조,맑음,단일로 - 기타,승용,남,45세,상해없음,승용,남,26세,중상
2012112300100399,2012년 11월 23일 16시,금요일,대전광역시 중구 태평동,사망사고,1,0,0,0,차대차 - 측면직각충돌,안전운전불이행,건조,맑음,교차로 - 교차로안,자전거,남,87세,사망,승용,여,43세,상해없음
2012112300100400,2012년 11월 23일 16시,금요일,대전광역시 서구 월평동,경상사고,0,0,1,0,차대차 - 측면직각충돌,안전운전불이행,건조,맑음,단일로 - 교량,승용,기타불명,기타불명,기타불명,이륜,남,21세,경상
2012112300100401,2012년 11월 23일 16시,금요일,대전광역시 유성구 장대동,경상사고,0,0,1,0,차대사람 - 횡단중,안전운전불이행,건조,맑음,단일로 - 기타,승용,남,53세,상해없음,보행자,여,44세,경상
2012112300100435,2012년 11월 23일 17시,금요일,대전광역시 동구 용운동,경상사고,0,0,1,0,차대차 - 측면직각충돌,신호위반,건조,맑음,교차로 - 교차로안,승용,남,46세,상해없음,원동기,남,63세,경상
2012112300100436,2012년 11월 23일 17시,금요일,대전광역시 대덕구 신일동,중상사고,0,1,0,0,차대차 - 정면충돌,중앙선침범,건조,맑음,교차로 - 교차로부근,승용,여,42세,상해없음,승용,남,44세,중상
2012112300100507,2012년 11월 23일 18시,금요일,대전광역시 동구 용전동,경상사고,0,0,5,0,차대차 - 추돌 - 진행중,안전운전불이행,건조,흐림,단일로 - 횡단보도부근,승용,남,53세,상해없음,승용,남,43세,경상
2012112300100508,2012년 11월 23일 18시,금요일,대전광역시 동구 가양동,경상사고,0,0,1,0,차대차 - 측면직각충돌,안전거리미확보,건조,맑음,단일로 - 기타,승용,남,63세,상해없음,승용,남,59세,경상
2012112300100509,2012년 11월 23일 18시,금요일,대전광역시 동구 소제동,경상사고,0,0,1,0,차대차 - 정면충돌,안전운전불이행,건조,맑음,단일로 - 기타,승용,남,51세,상해없음,승용,여,40세,경상
2012112300100510,2012년 11월 23일 18시,금요일,대전광역시 대덕구 법동,중상사고,0,1,0,0,차대사람 - 횡단중,보행자보호의무위반,건조,맑음,교차로 - 교차로부근,승용,여,42세,상해없음,보행자,남,42세,중상
2012112300100634,2012년 11월 23일 21시,금요일,대전광역시 중구 대흥동,경상사고,0,0,1,0,차대차 - 추돌 - 진행중,안전운전불이행,건조,맑음,교차로 - 교차로안,승용,남,17세,상해없음,승용,남,30세,기타불명
2012112300100635,2012년 11월 23일 21시,금요일,대전광역시 대덕구 오정동,경상사고,0,0,1,0,차대차 - 정면충돌,신호위반,건조,맑음,교차로 - 교차로안,승용,여,41세,상해없음,승용,남,31세,경상
2012112300100636,2012년 11월 23일 21시,금요일,대전광역시 대덕구 중리동,경상사고,0,0,2,0,차대차 - 추돌 - 주정차중,안전운전불이행,건조,맑음,단일로 - 기타,승용,남,52세,상해없음,승용,남,29세,경상
2012112300100637,2012년 11월 23일 21시,금요일,대전광역시 서구 탄방동,경상사고,0,0,2,0,차대차 - 추돌 - 진행중,안전운전불이행,건조,맑음,단일로 - 기타,승용,남,29세,상해없음,승용,남,30세,경상
2012112300100677,2012년 11월 23일 22시,금요일,대전광역시 대덕구 중리동,경상사고,0,0,2,0,차대차 - 추돌 - 진행중,안전운전불이행,건조,맑음,단일로 - 기타,승용,남,26세,상해없음,승용,여,32세,경상
2012112400100089,2012년 11월 24일 03시,토요일,대전광역시 중구 부사동,경상사고,0,0,2,0,차대차 - 측면직각충돌,신호위반,건조,맑음,교차로 - 교차로안,승용,남,24세,상해없음,승용,남,54세,경상
2012112400100106,2012년 11월 24일 04시,토요일,대전광역시 중구 중촌동,중상사고,0,1,0,0,차대사람 - 차도통행중,안전운전불이행,건조,맑음,단일로 - 기타,승용,남,58세,상해없음,보행자,남,48세,중상
2012112400100179,2012년 11월 24일 08시,토요일,대전광역시 서구 월평동,경상사고,0,0,1,0,차대차 - 추돌 - 주정차중,안전운전불이행,건조,맑음,단일로 - 기타,승용,남,44세,상해없음,승용,남,52세,상해없음
2012112400100207,2012년 11월 24일 09시,토요일,대전광역시 중구 용두동,중상사고,0,1,2,0,차대차 - 추돌 - 진행중,안전거리미확보,건조,맑음,교차로 - 교차로부근,승용,남,68세,경상,승용,여,30세,경상
2012112400100300,2012년 11월 24일 12시,토요일,대전광역시 대덕구 덕암동,사망사고,1,0,0,0,차대사람 - 횡단중,안전운전불이행,건조,맑음,단일로 - 기타,화물,남,37세,상해없음,보행자,여,70세,사망
2012112400100365,2012년 11월 24일 14시,토요일,대전광역시 서구 둔산동,중상사고,0,1,0,0,차대차 - 기타,신호위반,건조,맑음,교차로 - 교차로안,승용,여,39세,상해없음,이륜,남,48세,중상
2012112400100402,2012년 11월 24일 15시,토요일,대전광역시 동구 삼성동,중상사고,0,1,0,0,차대차 - 측면직각충돌,안전운전불이행,건조,맑음,단일로 - 기타,승용,남,28세,상해없음,승합,남,52세,상해없음
2012112400100403,2012년 11월 24일 15시,토요일,대전광역시 동구 용전동,경상사고,0,0,1,0,차대사람 - 횡단중,안전운전불이행,건조,맑음,단일로 - 기타,승용,남,44세,상해없음,보행자,여,65세,경상
2012112400100404,2012년 11월 24일 15시,토요일,대전광역시 대덕구 오정동,경상사고,0,0,2,0,차대차 - 측면직각충돌,안전운전불이행,건조,맑음,단일로 - 기타,승용,남,47세,상해없음,승용,여,34세,경상
2012112400100433,2012년 11월 24일 16시,토요일,대전광역시 중구 중촌동,중상사고,0,1,0,0,차대사람 - 기타,안전운전불이행,건조,맑음,교차로 - 교차로부근,승용,여,39세,상해없음,보행자,남,85세,중상
2012112400100434,2012년 11월 24일 16시,토요일,대전광역시 중구 용두동,경상사고,0,0,1,0,차대사람 - 횡단중,보행자보호의무위반,건조,맑음,교차로 - 교차로부근,승용,남,50세,상해없음,보행자,남,52세,경상
2012112400100435,2012년 11월 24일 16시,토요일,대전광역시 대덕구 와동,중상사고,0,1,0,0,차대사람 - 기타,안전운전불이행,건조,맑음,교차로 - 교차로안,승용,여,27세,상해없음,보행자,남,66세,중상
2012112400100436,2012년 11월 24일 16시,토요일,대전광역시 유성구 봉명동,중상사고,0,1,0,0,차량단독 - 기타,기타,건조,맑음,단일로 - 기타,승합,남,54세,상해없음,,,,
2012112400100465,2012년 11월 24일 17시,토요일,대전광역시 서구 만년동,경상사고,0,0,2,0,차대차 - 기타,중앙선침범,건조,맑음,단일로 - 기타,승용,남,25세,상해없음,승용,남,54세,경상
2012112400100575,2012년 11월 24일 20시,토요일,대전광역시 중구 오류동,경상사고,0,0,1,0,차대사람 - 보도통행중,보행자보호의무위반,건조,맑음,단일로 - 기타,승용,남,49세,상해없음,보행자,남,51세,경상
2012112400100676,2012년 11월 24일 23시,토요일,대전광역시 동구 대성동,경상사고,0,0,1,0,차대차 - 추돌 - 주정차중,안전운전불이행,건조,맑음,단일로 - 기타,화물,남,26세,상해없음,승용,남,44세,경상
2012112500100027,2012년 11월 25일 00시,일요일,대전광역시 서구 괴정동,중상사고,0,1,0,0,차대사람 - 기타,신호위반,건조,맑음,교차로 - 교차로안,승용,남,34세,상해없음,보행자,여,35세,중상
2012112500100028,2012년 11월 25일 00시,일요일,대전광역시 대덕구 오정동,경상사고,0,0,1,0,차량단독 - 기타,안전운전불이행,건조,맑음,단일로 - 기타,승용,남,52세,상해없음,,,,
2012112500100050,2012년 11월 25일 01시,일요일,대전광역시 서구 괴정동,중상사고,0,2,0,0,차대사람 - 횡단중,보행자보호의무위반,건조,맑음,교차로 - 교차로부근,승용,여,44세,상해없음,보행자,남,17세,중상
2012112500100110,2012년 11월 25일 06시,일요일,대전광역시 유성구 원내동,중상사고,0,2,0,0,차대차 - 측면직각충돌,안전운전불이행,건조,맑음,단일로 - 기타,이륜,남,64세,중상,승합,남,42세,상해없음
2012112500100134,2012년 11월 25일 08시,일요일,대전광역시 동구 정동,경상사고,0,0,1,0,차대사람 - 길가장자리구역통행중,안전운전불이행,건조,맑음,단일로 - 기타,승용,남,51세,상해없음,보행자,여,46세,경상
2012112500100246,2012년 11월 25일 13시,일요일,대전광역시 동구 용전동,경상사고,0,0,2,0,차대차 - 측면직각충돌,안전운전불이행,건조,맑음,단일로 - 기타,승용,남,27세,상해없음,승용,남,23세,경상
2012112500100460,2012년 11월 25일 20시,일요일,대전광역시 서구 도마동,중상사고,0,1,1,0,차대차 - 추돌 - 진행중,안전거리미확보,습기,비,단일로 - 기타,승용,남,26세,상해없음,승용,남,23세,경상
2012112500100461,2012년 11월 25일 20시,일요일,대전광역시 서구 월평동,경상사고,0,0,2,0,차대차 - 추돌 - 진행중,안전운전불이행,습기,비,교차로 - 교차로부근,승용,남,29세,상해없음,승용,남,53세,경상
2012112500100501,2012년 11월 25일 21시,일요일,대전광역시 서구 가수원동,중상사고,0,1,0,0,차대사람 - 기타,안전운전불이행,습기,비,단일로 - 기타,승용,여,30세,상해없음,보행자,여,21세,중상
2012112500100538,2012년 11월 25일 22시,일요일,대전광역시 동구 용전동,경상사고,0,0,1,0,차대사람 - 횡단중,보행자보호의무위반,습기,비,단일로 - 기타,승용,남,50세,상해없음,보행자,여,20세,경상
2012112500100567,2012년 11월 25일 23시,일요일,대전광역시 중구 문화동,경상사고,0,0,1,0,차대사람 - 횡단중,보행자보호의무위반,습기,비,교차로 - 교차로부근,승용,남,30세,상해없음,보행자,남,65세,경상
2012112600100039,2012년 11월 26일 02시,월요일,대전광역시 중구 부사동,중상사고,0,1,1,0,차대차 - 측면직각충돌,신호위반,습기,비,교차로 - 교차로안,승용,남,31세,상해없음,승용,남,51세,중상
2012112600100040,2012년 11월 26일 02시,월요일,대전광역시 동구 용전동,경상사고,0,0,3,0,차대차 - 추돌 - 주정차중,안전운전불이행,습기,비,단일로 - 기타,승용,남,49세,상해없음,승용,남,41세,경상
2012112600100182,2012년 11월 26일 09시,월요일,대전광역시 서구 가수원동,경상사고,0,0,1,0,차대사람 - 횡단중,보행자보호의무위반,건조,기타,교차로 - 교차로부근,승용,남,48세,상해없음,보행자,여,23세,경상
2012112600100380,2012년 11월 26일 16시,월요일,대전광역시 대덕구 송촌동,경상사고,0,0,1,0,차대차 - 추돌 - 주정차중,안전운전불이행,건조,맑음,단일로 - 기타,승용,남,54세,상해없음,승용,남,50세,경상
2012112600100396,2012년 11월 26일 16시,월요일,대전광역시 서구 둔산동,중상사고,0,1,0,0,차량단독 - 기타,안전운전불이행,건조,맑음,단일로 - 기타,승합,남,46세,상해없음,,,,
2012112600100435,2012년 11월 26일 17시,월요일,대전광역시 중구 문화동,중상사고,0,1,0,0,차대차 - 추돌 - 진행중,안전운전불이행,건조,맑음,단일로 - 기타,승용,남,48세,상해없음,승용,여,21세,중상
2012112600100493,2012년 11월 26일 18시,월요일,대전광역시 중구 용두동,중상사고,0,1,0,0,차대사람 - 길가장자리구역통행중,안전운전불이행,건조,흐림,단일로 - 기타,승용,남,53세,상해없음,보행자,여,20세,중상
2012112600100494,2012년 11월 26일 18시,월요일,대전광역시 중구 태평동,경상사고,0,0,1,0,차대차 - 추돌 - 주정차중,안전운전불이행,건조,맑음,단일로 - 기타,승용,남,35세,상해없음,승용,남,49세,경상
2012112600100495,2012년 11월 26일 18시,월요일,대전광역시 서구 둔산동,경상사고,0,0,1,0,차대사람 - 보도통행중,신호위반,건조,맑음,단일로 - 횡단보도상,승용,남,65세,상해없음,보행자,남,14세,경상
2012112600100496,2012년 11월 26일 18시,월요일,대전광역시 유성구 봉명동,경상사고,0,0,1,0,차대차 - 측면직각충돌,안전운전불이행,건조,맑음,교차로 - 교차로안,특수,남,45세,상해없음,승용,여,39세,경상
2012112600100592,2012년 11월 26일 21시,월요일,대전광역시 서구 용문동,경상사고,0,0,1,0,차대차 - 추돌 - 주정차중,안전운전불이행,건조,맑음,단일로 - 기타,승용,남,32세,상해없음,승용,여,29세,경상
2012112600100593,2012년 11월 26일 21시,월요일,대전광역시 유성구 노은동,경상사고,0,0,2,0,차대차 - 측면직각충돌,신호위반,건조,맑음,교차로 - 교차로안,승용,여,52세,상해없음,승용,남,40세,경상
2012112600100594,2012년 11월 26일 21시,월요일,대전광역시 유성구 노은동,경상사고,0,0,2,0,차대차 - 측면직각충돌,신호위반,건조,맑음,교차로 - 교차로안,승용,남,24세,상해없음,승용,남,49세,경상
2012112600100634,2012년 11월 26일 22시,월요일,대전광역시 대덕구 신탄진동,경상사고,0,0,2,0,차대차 - 측면직각충돌,중앙선침범,건조,맑음,단일로 - 기타,승용,여,32세,상해없음,승용,남,36세,경상
2012112600100635,2012년 11월 26일 22시,월요일,대전광역시 유성구 봉산동,경상사고,0,0,2,0,차대차 - 측면직각충돌,신호위반,건조,맑음,교차로 - 교차로안,승용,남,28세,상해없음,승용,남,44세,경상
2012112600100662,2012년 11월 26일 23시,월요일,대전광역시 서구 복수동,경상사고,0,0,1,0,차대사람 - 기타,안전운전불이행,건조,맑음,단일로 - 기타,승용,남,38세,상해없음,보행자,여,18세,경상
2012112600100663,2012년 11월 26일 23시,월요일,대전광역시 서구 둔산동,경상사고,0,0,2,0,차대차 - 측면직각충돌,신호위반,건조,맑음,교차로 - 교차로안,승용,남,23세,경상,승용,여,30세,경상
2012112700100023,2012년 11월 27일 00시,화요일,대전광역시 동구 대동,경상사고,0,0,1,0,차대차 - 추돌 - 주정차중,안전운전불이행,건조,맑음,교차로 - 교차로부근,승합,남,45세,상해없음,승용,남,52세,상해없음
2012112700100024,2012년 11월 27일 00시,화요일,대전광역시 유성구 장대동,경상사고,0,0,1,0,차대차 - 측면직각충돌,교차로운행방법위반,건조,맑음,교차로 - 교차로안,승용,남,39세,상해없음,승용,남,31세,경상
2012112700100039,2012년 11월 27일 02시,화요일,대전광역시 서구 가수원동,경상사고,0,0,2,0,차대차 - 측면직각충돌,중앙선침범,건조,맑음,교차로 - 교차로부근,승용,여,47세,상해없음,승용,남,57세,경상
2012112700100121,2012년 11월 27일 07시,화요일,대전광역시 유성구 덕명동,중상사고,0,1,0,0,차대사람 - 횡단중,보행자보호의무위반,건조,맑음,교차로 - 교차로안,승용,여,47세,상해없음,보행자,남,25세,중상
2012112700100169,2012년 11월 27일 08시,화요일,대전광역시 동구 낭월동,중상사고,0,1,0,0,차대차 - 측면직각충돌,신호위반,건조,맑음,교차로 - 교차로안,승합,남,46세,상해없음,승용,여,44세,중상
2012112700100170,2012년 11월 27일 08시,화요일,대전광역시 유성구 봉명동,중상사고,0,1,0,0,차대차 - 측면직각충돌,신호위반,건조,맑음,교차로 - 교차로안,승용,여,44세,상해없음,승용,남,33세,중상
2012112700100222,2012년 11월 27일 10시,화요일,대전광역시 중구 중촌동,경상사고,0,0,1,0,차량단독 - 공작물충돌,기타,건조,맑음,단일로 - 기타,승합,남,50세,상해없음,,,,
2012112700100342,2012년 11월 27일 14시,화요일,대전광역시 서구 관저동,사망사고,1,0,0,0,차대사람 - 횡단중,안전운전불이행,건조,맑음,단일로 - 기타,승용,남,52세,상해없음,보행자,남,77세,사망
2012112700100370,2012년 11월 27일 15시,화요일,대전광역시 유성구 용계동,경상사고,0,0,1,0,차대차 - 측면직각충돌,신호위반,건조,맑음,교차로 - 교차로안,원동기,남,31세,상해없음,승합,여,49세,경상
2012112700100397,2012년 11월 27일 16시,화요일,대전광역시 중구 태평동,중상사고,0,1,0,0,차대사람 - 횡단중,보행자보호의무위반,건조,맑음,교차로 - 교차로부근,승용,남,43세,상해없음,보행자,여,66세,중상
2012112700100491,2012년 11월 27일 18시,화요일,대전광역시 중구 부사동,경상사고,0,0,3,0,차대차 - 측면직각충돌,교차로운행방법위반,건조,맑음,단일로 - 기타,승용,여,29세,경상,승용,남,54세,경상
2012112700100492,2012년 11월 27일 18시,화요일,대전광역시 서구 가장동,중상사고,0,1,0,0,차대사람 - 기타,안전운전불이행,건조,맑음,교차로 - 교차로안,승용,남,50세,상해없음,보행자,여,61세,중상
2012112700100530,2012년 11월 27일 19시,화요일,대전광역시 중구 부사동,경상사고,0,0,2,0,차대차 - 추돌 - 진행중,안전운전불이행,건조,맑음,단일로 - 기타,승용,남,53세,상해없음,승용,남,40세,경상
2012112700100531,2012년 11월 27일 19시,화요일,대전광역시 유성구 관평동,경상사고,0,0,1,0,차대차 - 추돌 - 진행중,신호위반,건조,맑음,교차로 - 교차로안,승용,남,33세,상해없음,승용,남,32세,경상
2012112700100532,2012년 11월 27일 19시,화요일,대전광역시 서구 갈마동,경상사고,0,0,1,0,차대사람 - 기타,안전운전불이행,건조,맑음,단일로 - 기타,승합,기타불명,기타불명,기타불명,보행자,남,40세,경상
2012112700100624,2012년 11월 27일 22시,화요일,대전광역시 서구 월평동,경상사고,0,0,3,0,차대차 - 추돌 - 진행중,안전운전불이행,건조,맑음,교차로 - 교차로부근,승용,남,39세,상해없음,승용,남,44세,경상
2012112700100653,2012년 11월 27일 23시,화요일,대전광역시 서구 복수동,경상사고,0,0,1,0,차대사람 - 기타,안전운전불이행,건조,맑음,교차로 - 교차로부근,승용,여,42세,상해없음,보행자,여,41세,경상
2012112700100654,2012년 11월 27일 23시,화요일,대전광역시 유성구 장대동,경상사고,0,0,1,0,차대차 - 추돌 - 주정차중,안전운전불이행,건조,맑음,단일로 - 기타,승용,남,50세,상해없음,화물,남,49세,경상
2012112800100025,2012년 11월 28일 01시,수요일,대전광역시 중구 문화동,경상사고,0,0,2,0,차대차 - 측면직각충돌,교차로운행방법위반,결빙,흐림,교차로 - 교차로부근,승용,남,39세,상해없음,승용,남,46세,경상
2012112800100045,2012년 11월 28일 03시,수요일,대전광역시 동구 삼성동,중상사고,0,1,0,0,차량단독 - 공작물충돌,안전운전불이행,건조,맑음,단일로 - 교량,승용,남,25세,상해없음,,,,
2012112800100051,2012년 11월 28일 04시,수요일,대전광역시 서구 갈마동,경상사고,0,0,1,0,차대사람 - 횡단중,신호위반,건조,맑음,교차로 - 교차로부근,승합,남,32세,상해없음,보행자,남,49세,경상
2012112800100100,2012년 11월 28일 07시,수요일,대전광역시 동구 삼성동,경상사고,0,0,1,0,차대차 - 측면직각충돌,안전운전불이행,건조,맑음,교차로 - 교차로부근,승용,남,24세,상해없음,승용,남,57세,상해없음
2012112800100101,2012년 11월 28일 07시,수요일,대전광역시 동구 인동,경상사고,0,0,1,0,차대차 - 측면직각충돌,안전운전불이행,건조,맑음,단일로 - 기타,화물,남,59세,상해없음,승용,남,49세,경상
2012112800100142,2012년 11월 28일 08시,수요일,대전광역시 동구 판암동,중상사고,0,1,0,0,차량단독 - 기타,안전운전불이행,건조,맑음,교차로 - 교차로부근,승합,남,46세,상해없음,,,,
2012112800100143,2012년 11월 28일 08시,수요일,대전광역시 서구 도마동,중상사고,0,1,0,0,차대사람 - 횡단중,안전운전불이행,건조,맑음,단일로 - 기타,승합,남,50세,상해없음,보행자,여,13세,중상
2012112800100144,2012년 11월 28일 08시,수요일,대전광역시 대덕구 덕암동,경상사고,0,0,3,0,차대차 - 추돌 - 주정차중,안전운전불이행,건조,맑음,단일로 - 교량,화물,남,63세,상해없음,승용,남,43세,경상
2012112800100201,2012년 11월 28일 10시,수요일,대전광역시 동구 삼성동,경상사고,0,0,1,0,차대차 - 정면충돌,중앙선침범,건조,흐림,단일로 - 횡단보도상,승용,남,60세,상해없음,승용,남,41세,경상
2012112800100202,2012년 11월 28일 10시,수요일,대전광역시 유성구 봉명동,경상사고,0,0,1,0,차대차 - 기타,안전운전불이행,건조,맑음,단일로 - 기타,승용,남,39세,상해없음,이륜,남,27세,경상
2012112800100273,2012년 11월 28일 13시,수요일,대전광역시 서구 괴정동,경상사고,0,0,2,0,차대차 - 측면직각충돌,안전거리미확보,건조,맑음,단일로 - 기타,승용,여,52세,상해없음,승용,남,55세,경상
2012112800100300,2012년 11월 28일 14시,수요일,대전광역시 동구 중동,경상사고,0,0,1,0,차대사람 - 기타,기타,습기,비,단일로 - 기타,승합,남,56세,상해없음,보행자,남,44세,경상
2012112800100301,2012년 11월 28일 14시,수요일,대전광역시 유성구 봉명동,중상사고,0,1,0,0,차대차 - 기타,교차로운행방법위반,습기,비,교차로 - 교차로안,승용,남,35세,상해없음,이륜,남,27세,중상
2012112800100336,2012년 11월 28일 15시,수요일,대전광역시 유성구 용산동,중상사고,0,1,4,0,차대차 - 측면직각충돌,신호위반,습기,흐림,교차로 - 교차로안,승용,남,53세,상해없음,화물,남,33세,경상
2012112800100337,2012년 11월 28일 15시,수요일,대전광역시 서구 만년동,경상사고,0,0,1,0,차대차 - 추돌 - 진행중,안전거리미확보,습기,비,교차로 - 교차로안,승용,남,46세,경상,승용,남,64세,상해없음
2012112800100510,2012년 11월 28일 19시,수요일,대전광역시 서구 도안동,경상사고,0,0,1,0,차대차 - 측면직각충돌,신호위반,건조,맑음,교차로 - 교차로안,승용,여,33세,상해없음,이륜,남,40세,경상
2012112800100631,2012년 11월 28일 23시,수요일,대전광역시 서구 탄방동,경상사고,0,0,1,0,차대차 - 추돌 - 진행중,안전운전불이행,습기,비,단일로 - 기타,승용,남,48세,상해없음,승용,여,24세,경상
2012112900100025,2012년 11월 29일 00시,목요일,대전광역시 유성구 지족동,부상신고사고,0,0,0,1,차대차 - 측면직각충돌,신호위반,건조,흐림,단일로 - 기타,승용,남,58세,상해없음,승용,남,44세,부상신고
2012112900100066,2012년 11월 29일 04시,목요일,대전광역시 대덕구 오정동,중상사고,0,1,0,0,차대사람 - 횡단중,보행자보호의무위반,건조,맑음,단일로 - 기타,승용,남,34세,상해없음,보행자,남,53세,중상
2012112900100092,2012년 11월 29일 06시,목요일,대전광역시 동구 용전동,경상사고,0,0,2,0,차대차 - 추돌 - 주정차중,안전거리미확보,건조,맑음,교차로 - 교차로부근,승용,남,45세,상해없음,승용,남,26세,경상
2012112900100122,2012년 11월 29일 07시,목요일,대전광역시 유성구 장대동,사망사고,1,0,0,0,차대차 - 기타,안전운전불이행,건조,맑음,단일로 - 기타,승용,남,40세,상해없음,농기계,남,77세,사망
2012112900100123,2012년 11월 29일 07시,목요일,대전광역시 유성구 상대동,중상사고,0,1,0,0,차대사람 - 횡단중,안전운전불이행,건조,맑음,단일로 - 횡단보도상,기타불명,기타불명,기타불명,기타불명,보행자,여,37세,중상
2012112900100196,2012년 11월 29일 10시,목요일,대전광역시 동구 삼괴동,중상사고,0,1,0,0,차대차 - 측면직각충돌,안전운전불이행,건조,맑음,단일로 - 기타,승용,남,37세,상해없음,화물,남,39세,중상
2012112900100197,2012년 11월 29일 10시,목요일,대전광역시 서구 둔산동,경상사고,0,0,1,0,차대차 - 기타,안전운전불이행,건조,맑음,교차로 - 교차로부근,승용,기타불명,기타불명,기타불명,승합,여,53세,상해없음