사고번호,사고일시,요일,시군구,사고내용,사망자수,중상자수,경상자수,부상신고자수,사고유형,법규위반,노면상태,기상상태,도로형태,가해운전자 차종,가해운전자 성별,가해운전자 연령,가해운전자 상해정도,피해운전자 차종,피해운전자 성별,피해운전자 연령,피해운전자 상해정도
2012112900100224,2012년 11월 29일 11시,목요일,대전광역시 서구 가장동,경상사고,0,0,1,0,차대차 - 기타,교차로운행방법위반,건조,맑음,교차로 - 교차로안,승용,남,51세,상해없음,화물,여,37세,경상
2012112900100247,2012년 11월 29일 12시,목요일,대전광역시 동구 용전동,경상사고,0,0,1,0,차대사람 - 길가장자리구역통행중,안전운전불이행,건조,맑음,단일로 - 기타,승용,남,56세,상해없음,보행자,남,47세,경상
2012112900100248,2012년 11월 29일 12시,목요일,대전광역시 동구 용전동,경상사고,0,0,3,0,차대차 - 측면직각충돌,안전운전불이행,건조,맑음,단일로 - 기타,승용,여,59세,상해없음,승용,남,31세,경상
2012112900100249,2012년 11월 29일 12시,목요일,대전광역시 동구 가양동,경상사고,0,0,1,0,차대차 - 기타,안전운전불이행,건조,맑음,단일로 - 기타,승용,여,41세,상해없음,이륜,남,64세,경상
2012112900100279,2012년 11월 29일 13시,목요일,대전광역시 중구 문창동,경상사고,0,0,1,0,차대사람 - 횡단중,보행자보호의무위반,건조,맑음,교차로 - 교차로부근,이륜,남,35세,상해없음,보행자,여,55세,경상
2012112900100307,2012년 11월 29일 14시,목요일,대전광역시 동구 효동,경상사고,0,0,1,0,차대차 - 측면직각충돌,안전운전불이행,건조,맑음,단일로 - 기타,이륜,여,52세,상해없음,자전거,남,77세,경상
2012112900100340,2012년 11월 29일 15시,목요일,대전광역시 중구 산성동,중상사고,0,1,0,0,차대사람 - 횡단중,안전운전불이행,건조,맑음,교차로 - 교차로안,승용,남,73세,상해없음,보행자,여,7세,중상
2012112900100341,2012년 11월 29일 15시,목요일,대전광역시 동구 소제동,경상사고,0,0,3,1,차대차 - 정면충돌,신호위반,건조,맑음,교차로 - 교차로안,승용,남,64세,상해없음,승용,남,52세,부상신고
2012112900100342,2012년 11월 29일 15시,목요일,대전광역시 서구 관저동,중상사고,0,1,0,0,차대차 - 측면직각충돌,신호위반,건조,맑음,교차로 - 교차로안,화물,남,48세,상해없음,승용,남,24세,중상
2012112900100370,2012년 11월 29일 16시,목요일,대전광역시 동구 소제동,경상사고,0,0,1,0,차대차 - 측면직각충돌,안전운전불이행,건조,맑음,단일로 - 기타,기타불명,기타불명,기타불명,기타불명,자전거,남,10세,경상
2012112900100371,2012년 11월 29일 16시,목요일,대전광역시 동구 대성동,경상사고,0,0,1,0,차대사람 - 길가장자리구역통행중,안전운전불이행,건조,맑음,단일로 - 기타,승용,남,63세,상해없음,보행자,여,57세,경상
2012112900100406,2012년 11월 29일 17시,목요일,대전광역시 동구 가오동,경상사고,0,0,1,0,차대사람 - 횡단중,보행자보호의무위반,건조,맑음,교차로 - 교차로안,승용,기타불명,기타불명,기타불명,보행자,여,9세,경상
2012112900100407,2012년 11월 29일 17시,목요일,대전광역시 서구 변동,경상사고,0,0,1,0,차대차 - 측면직각충돌,안전운전불이행,건조,맑음,단일로 - 기타,승용,여,50세,상해없음,자전거,남,7세,경상
2012112900100518,2012년 11월 29일 20시,목요일,대전광역시 중구 유천동,중상사고,0,1,0,0,차대사람 - 기타,안전운전불이행,건조,맑음,교차로 - 교차로안,화물,남,37세,상해없음,보행자,남,53세,중상
2012112900100556,2012년 11월 29일 21시,목요일,대전광역시 동구 효동,중상사고,0,3,0,0,차대차 - 측면직각충돌,교차로운행방법위반,건조,흐림,교차로 - 교차로안,승용,남,50세,상해없음,승용,남,45세,중상
2012112900100557,2012년 11월 29일 21시,목요일,대전광역시 대덕구 중리동,경상사고,0,0,1,0,차대차 - 측면직각충돌,안전운전불이행,건조,맑음,단일로 - 기타,승용,여,48세,상해없음,승용,여,46세,경상
2012112900100590,2012년 11월 29일 22시,목요일,대전광역시 서구 관저동,경상사고,0,0,1,0,차대차 - 측면직각충돌,안전운전불이행,건조,맑음,단일로 - 기타,승용,남,27세,상해없음,승용,남,44세,경상
2012112900100622,2012년 11월 29일 23시,목요일,대전광역시 서구 갈마동,경상사고,0,0,1,0,차대사람 - 길가장자리구역통행중,안전운전불이행,건조,맑음,단일로 - 기타,승용,남,26세,상해없음,보행자,남,39세,경상
2012113000100017,2012년 11월 30일 00시,금요일,대전광역시 중구 용두동,사망사고,1,0,0,0,차대사람 - 차도통행중,신호위반,건조,맑음,교차로 - 교차로안,승용,남,26세,상해없음,보행자,남,37세,사망
2012113000100018,2012년 11월 30일 00시,금요일,대전광역시 서구 용문동,경상사고,0,0,1,0,차대사람 - 기타,안전운전불이행,건조,맑음,교차로 - 교차로부근,승용,남,30세,상해없음,보행자,남,29세,경상
2012113000100019,2012년 11월 30일 00시,금요일,대전광역시 유성구 신성동,경상사고,0,0,1,0,차대차 - 기타,안전운전불이행,건조,맑음,단일로 - 기타,이륜,남,30세,상해없음,승용,남,49세,경상
2012113000100036,2012년 11월 30일 01시,금요일,대전광역시 유성구 화암동,경상사고,0,0,1,0,차대차 - 측면직각충돌,안전거리미확보,건조,맑음,단일로 - 기타,승용,남,32세,상해없음,승용,남,33세,경상
2012113000100111,2012년 11월 30일 07시,금요일,대전광역시 유성구 어은동,경상사고,0,0,1,0,차대차 - 측면직각충돌,중앙선침범,건조,맑음,교차로 - 교차로안,승용,남,30세,상해없음,승용,남,60세,경상
2012113000100137,2012년 11월 30일 08시,금요일,대전광역시 유성구 봉명동,경상사고,0,0,1,0,차대사람 - 길가장자리구역통행중,안전운전불이행,건조,맑음,단일로 - 기타,승용,남,77세,상해없음,보행자,남,33세,경상
2012113000100138,2012년 11월 30일 08시,금요일,대전광역시 유성구 상대동,경상사고,0,0,1,0,차대차 - 기타,중앙선침범,건조,맑음,교차로 - 교차로부근,원동기,남,21세,상해없음,승용,여,42세,경상
2012113000100225,2012년 11월 30일 12시,금요일,대전광역시 중구 오류동,경상사고,0,0,1,0,차대차 - 측면직각충돌,안전거리미확보,건조,맑음,단일로 - 기타,승용,남,58세,상해없음,승용,남,33세,경상
2012113000100383,2012년 11월 30일 17시,금요일,대전광역시 유성구 송강동,중상사고,0,1,0,0,차대사람 - 기타,안전운전불이행,건조,맑음,단일로 - 기타,원동기,남,18세,상해없음,보행자,여,71세,중상
2012113000100477,2012년 11월 30일 19시,금요일,대전광역시 중구 대흥동,경상사고,0,0,2,0,차대차 - 추돌 - 진행중,안전운전불이행,건조,맑음,교차로 - 교차로부근,승용,남,49세,상해없음,승용,남,25세,경상
2012113000100553,2012년 11월 30일 21시,금요일,대전광역시 중구 오류동,중상사고,0,1,2,0,차대차 - 추돌 - 진행중,안전운전불이행,건조,맑음,단일로 - 기타,승용,남,33세,상해없음,승용,여,47세,경상
2012113000100554,2012년 11월 30일 21시,금요일,대전광역시 유성구 봉명동,경상사고,0,0,1,0,차대차 - 측면직각충돌,중앙선침범,건조,맑음,교차로 - 교차로안,승용,남,29세,상해없음,승용,남,58세,경상
2012113000100598,2012년 11월 30일 22시,금요일,대전광역시 서구 월평동,경상사고,0,0,1,0,차대차 - 추돌 - 주정차중,안전운전불이행,건조,맑음,교차로 - 교차로부근,승용,남,53세,상해없음,승용,남,25세,경상
2012120100100094,2012년 12월 1일 02시,토요일,대전광역시 서구 둔산동,경상사고,0,0,3,0,차대차 - 기타,교차로운행방법위반,건조,맑음,교차로 - 교차로안,승용,남,43세,경상,승용,남,43세,경상
2012120100100116,2012년 12월 1일 04시,토요일,대전광역시 중구 선화동,경상사고,0,0,2,0,차대사람 - 횡단중,보행자보호의무위반,건조,맑음,교차로 - 교차로부근,승용,남,26세,상해없음,보행자,여,23세,경상
2012120100100149,2012년 12월 1일 06시,토요일,대전광역시 유성구 복용동,경상사고,0,0,1,0,차대차 - 기타,신호위반,건조,맑음,단일로 - 기타,승용,남,27세,상해없음,화물,남,20세,경상
2012120100100184,2012년 12월 1일 08시,토요일,대전광역시 동구 소제동,경상사고,0,0,1,0,차대차 - 측면직각충돌,안전운전불이행,건조,맑음,교차로 - 교차로안,화물,남,67세,상해없음,원동기,남,31세,경상
2012120100100214,2012년 12월 1일 09시,토요일,대전광역시 서구 갈마동,경상사고,0,0,3,0,차대차 - 측면직각충돌,안전운전불이행,건조,맑음,교차로 - 교차로부근,승용,여,33세,상해없음,승용,남,33세,경상
2012120100100275,2012년 12월 1일 11시,토요일,대전광역시 서구 둔산동,경상사고,0,0,1,0,차대차 - 추돌 - 진행중,안전운전불이행,건조,맑음,교차로 - 교차로부근,승용,남,47세,상해없음,승용,남,56세,경상
2012120100100328,2012년 12월 1일 13시,토요일,대전광역시 서구 도마동,경상사고,0,0,1,0,차대차 - 기타,안전운전불이행,건조,맑음,단일로 - 기타,승용,남,77세,상해없음,승용,여,23세,경상
2012120100100399,2012년 12월 1일 15시,토요일,대전광역시 대덕구 읍내동,경상사고,0,0,2,0,차대차 - 추돌 - 주정차중,안전운전불이행,건조,맑음,단일로 - 기타,승용,여,52세,상해없음,승용,여,51세,경상
2012120100100400,2012년 12월 1일 15시,토요일,대전광역시 대덕구 중리동,경상사고,0,0,2,0,차대차 - 추돌 - 주정차중,안전운전불이행,건조,맑음,단일로 - 기타,승용,여,51세,상해없음,승용,남,45세,경상
2012120100100420,2012년 12월 1일 16시,토요일,대전광역시 대덕구 송촌동,중상사고,0,2,0,0,차대차 - 측면직각충돌,안전운전불이행,건조,맑음,단일로 - 기타,승용,여,51세,상해없음,승용,여,26세,중상
2012120100100480,2012년 12월 1일 17시,토요일,대전광역시 대덕구 문평동,경상사고,0,0,4,0,차대차 - 추돌 - 진행중,안전운전불이행,건조,맑음,교차로 - 교차로부근,승합,남,57세,상해없음,승용,남,32세,경상
2012120100100543,2012년 12월 1일 18시,토요일,대전광역시 서구 내동,경상사고,0,0,1,0,차대차 - 추돌 - 진행중,안전운전불이행,건조,맑음,기타 - 기타,승용,남,27세,상해없음,승용,여,28세,경상
2012120100100605,2012년 12월 1일 20시,토요일,대전광역시 중구 유천동,경상사고,0,0,1,0,차대차 - 측면직각충돌,안전운전불이행,건조,맑음,교차로 - 교차로안,화물,남,57세,상해없음,화물,남,44세,경상
2012120100100690,2012년 12월 1일 23시,토요일,대전광역시 동구 대동,경상사고,0,0,1,0,차대차 - 측면직각충돌,안전운전불이행,건조,맑음,단일로 - 기타,승용,기타불명,기타불명,기타불명,원동기,남,54세,경상
2012120100100691,2012년 12월 1일 23시,토요일,대전광역시 대덕구 비래동,경상사고,0,0,2,0,차대차 - 추돌 - 주정차중,안전운전불이행,건조,맑음,단일로 - 기타,승용,남,36세,상해없음,승용,남,31세,경상
2012120100100692,2012년 12월 1일 23시,토요일,대전광역시 대덕구 송촌동,경상사고,0,0,2,0,차대차 - 추돌 - 주정차중,안전운전불이행,건조,맑음,교차로 - 교차로부근,승용,기타불명,기타불명,기타불명,승용,남,48세,경상
2012120200100025,2012년 12월 2일 00시,일요일,대전광역시 중구 유천동,중상사고,0,4,0,0,차대차 - 측면직각충돌,신호위반,건조,맑음,교차로 - 교차로안,승용,남,24세,상해없음,승용,남,70세,상해없음
2012120200100123,2012년 12월 2일 06시,일요일,대전광역시 서구 둔산동,중상사고,0,1,0,0,차대사람 - 횡단중,신호위반,건조,맑음,교차로 - 교차로부근,승합,남,64세,상해없음,보행자,남,47세,중상
2012120200100235,2012년 12월 2일 13시,일요일,대전광역시 대덕구 비래동,경상사고,0,0,1,0,차대차 - 측면직각충돌,교차로운행방법위반,건조,맑음,교차로 - 교차로안,승용,여,26세,상해없음,승용,남,44세,경상
2012120200100277,2012년 12월 2일 15시,일요일,대전광역시 동구 천동,경상사고,0,0,1,0,차대사람 - 기타,안전운전불이행,건조,맑음,단일로 - 기타,원동기,남,72세,상해없음,보행자,남,33세,경상
2012120200100395,2012년 12월 2일 19시,일요일,대전광역시 동구 가오동,중상사고,0,1,0,0,차대사람 - 횡단중,안전운전불이행,건조,맑음,교차로 - 교차로안,승용,남,28세,상해없음,보행자,여,80세,중상
2012120200100396,2012년 12월 2일 19시,일요일,대전광역시 서구 변동,경상사고,0,0,1,0,차대사람 - 기타,안전거리미확보,건조,맑음,단일로 - 기타,승용,남,55세,상해없음,보행자,남,52세,경상
2012120200100397,2012년 12월 2일 19시,일요일,대전광역시 대덕구 중리동,중상사고,0,1,0,0,차량단독 - 기타,안전운전불이행,건조,맑음,단일로 - 기타,승합,남,50세,상해없음,,,,
2012120200100428,2012년 12월 2일 20시,일요일,대전광역시 대덕구 법동,사망사고,1,1,0,0,차대차 - 측면직각충돌,신호위반,건조,맑음,교차로 - 교차로안,이륜,남,34세,사망,승합,여,54세,중상
2012120200100429,2012년 12월 2일 20시,일요일,대전광역시 유성구 지족동,경상사고,0,0,1,0,차대차 - 측면직각충돌,신호위반,건조,맑음,교차로 - 교차로부근,승용,남,57세,상해없음,승용,여,40세,경상
2012120200100452,2012년 12월 2일 21시,일요일,대전광역시 서구 가수원동,경상사고,0,0,1,0,차대차 - 기타,안전운전불이행,건조,맑음,교차로 - 교차로안,승용,남,45세,상해없음,승용,남,46세,경상
2012120200100490,2012년 12월 2일 23시,일요일,대전광역시 중구 석교동,중상사고,0,1,0,0,차대사람 - 횡단중,안전운전불이행,건조,맑음,교차로 - 교차로안,승용,여,47세,상해없음,보행자,남,43세,중상
2012120300100034,2012년 12월 3일 04시,월요일,대전광역시 동구 세천동,사망사고,1,0,0,0,차량단독 - 공작물충돌,안전운전불이행,습기,맑음,단일로 - 기타,승합,여,55세,사망,,,,
2012120300100035,2012년 12월 3일 04시,월요일,대전광역시 동구 중동,중상사고,0,1,0,0,차대차 - 기타,신호위반,건조,맑음,교차로 - 교차로안,이륜,남,21세,중상,승용,남,41세,상해없음
2012120300100071,2012년 12월 3일 06시,월요일,대전광역시 서구 둔산동,경상사고,0,0,2,0,차대차 - 추돌 - 진행중,안전운전불이행,건조,맑음,교차로 - 교차로부근,승용,남,24세,상해없음,승용,남,46세,경상
2012120300100096,2012년 12월 3일 07시,월요일,대전광역시 유성구 봉명동,중상사고,0,1,0,0,차대사람 - 기타,안전운전불이행,건조,맑음,단일로 - 기타,승합,남,51세,상해없음,보행자,여,70세,중상
2012120300100224,2012년 12월 3일 12시,월요일,대전광역시 중구 대흥동,중상사고,0,1,4,0,차대차 - 추돌 - 주정차중,안전운전불이행,건조,맑음,단일로 - 기타,승합,남,33세,상해없음,승용,여,35세,경상
2012120300100225,2012년 12월 3일 12시,월요일,대전광역시 동구 신흥동,중상사고,0,1,0,0,차대차 - 기타,안전운전불이행,건조,맑음,교차로 - 교차로안,승용,여,37세,상해없음,이륜,남,42세,중상
2012120300100282,2012년 12월 3일 14시,월요일,대전광역시 유성구 반석동,중상사고,0,3,0,0,차대차 - 기타,중앙선침범,습기,비,단일로 - 기타,승용,남,55세,상해없음,승용,여,36세,중상
2012120300100356,2012년 12월 3일 16시,월요일,대전광역시 유성구 구암동,중상사고,0,1,0,0,차대사람 - 기타,신호위반,건조,흐림,교차로 - 교차로안,승용,남,75세,상해없음,보행자,남,69세,중상
2012120300100392,2012년 12월 3일 17시,월요일,대전광역시 서구 월평동,중상사고,0,1,0,0,차대사람 - 기타,보행자보호의무위반,습기,비,교차로 - 교차로안,승용,남,71세,상해없음,보행자,여,55세,중상
2012120300100393,2012년 12월 3일 17시,월요일,대전광역시 서구 둔산동,중상사고,0,1,0,0,차대차 - 측면직각충돌,신호위반,습기,비,교차로 - 교차로안,승용,여,60세,상해없음,승용,남,68세,중상
2012120300100475,2012년 12월 3일 19시,월요일,대전광역시 동구 효동,경상사고,0,0,3,0,차대차 - 추돌 - 주정차중,안전거리미확보,습기,비,교차로 - 교차로부근,승용,남,46세,상해없음,승용,남,36세,경상
2012120300100476,2012년 12월 3일 19시,월요일,대전광역시 동구 삼성동,사망사고,1,0,0,0,차대사람 - 횡단중,안전운전불이행,습기,비,단일로 - 기타,승용,남,63세,상해없음,보행자,남,75세,사망
2012120300100477,2012년 12월 3일 19시,월요일,대전광역시 서구 내동,경상사고,0,0,1,0,차대차 - 측면직각충돌,신호위반,습기,비,교차로 - 교차로안,승용,남,59세,상해없음,원동기,남,19세,경상
2012120300100478,2012년 12월 3일 19시,월요일,대전광역시 대덕구 대화동,경상사고,0,0,1,0,차대차 - 측면직각충돌,안전운전불이행,습기,눈,단일로 - 기타,승용,남,31세,상해없음,이륜,남,41세,경상
2012120300100514,2012년 12월 3일 20시,월요일,대전광역시 중구 목동,중상사고,0,1,0,0,차대차 - 기타,안전운전불이행,습기,비,교차로 - 교차로부근,승용,남,14세,상해없음,자전거,남,46세,중상
2012120300100515,2012년 12월 3일 20시,월요일,대전광역시 서구 월평동,경상사고,0,0,1,0,차대차 - 측면직각충돌,안전운전불이행,습기,비,교차로 - 교차로안,승용,남,50세,상해없음,이륜,남,45세,경상
2012120300100555,2012년 12월 3일 21시,월요일,대전광역시 동구 삼성동,경상사고,0,0,1,0,차대사람 - 횡단중,안전운전불이행,습기,비,교차로 - 교차로안,승용,남,48세,상해없음,보행자,남,57세,경상
2012120300100556,2012년 12월 3일 21시,월요일,대전광역시 대덕구 오정동,경상사고,0,0,2,0,차대차 - 측면직각충돌,중앙선침범,습기,비,단일로 - 기타,승용,남,34세,상해없음,승용,남,32세,경상
2012120300100590,2012년 12월 3일 22시,월요일,대전광역시 유성구 구암동,중상사고,0,1,0,0,차대사람 - 횡단중,보행자보호의무위반,습기,흐림,교차로 - 교차로부근,화물,남,37세,상해없음,보행자,여,48세,중상
2012120400100020,2012년 12월 4일 00시,화요일,대전광역시 대덕구 오정동,중상사고,0,1,0,0,차대사람 - 횡단중,안전운전불이행,습기,흐림,교차로 - 교차로안,승용,남,34세,상해없음,보행자,남,55세,중상
2012120400100038,2012년 12월 4일 01시,화요일,대전광역시 서구 도마동,경상사고,0,0,1,0,차대사람 - 기타,안전운전불이행,습기,흐림,단일로 - 기타,승용,남,30세,상해없음,보행자,남,25세,경상
2012120400100048,2012년 12월 4일 02시,화요일,대전광역시 중구 오류동,경상사고,0,0,2,0,차대차 - 추돌 - 주정차중,안전운전불이행,습기,흐림,단일로 - 기타,승용,남,36세,상해없음,승용,남,65세,경상
2012120400100055,2012년 12월 4일 04시,화요일,대전광역시 동구 대동,경상사고,0,0,4,0,차대차 - 측면직각충돌,신호위반,건조,흐림,교차로 - 교차로안,화물,남,40세,상해없음,승용,남,27세,경상
2012120400100056,2012년 12월 4일 04시,화요일,대전광역시 대덕구 신탄진동,중상사고,0,1,0,0,차대사람 - 횡단중,신호위반,건조,맑음,교차로 - 교차로안,화물,남,40세,상해없음,보행자,여,70세,중상
2012120400100089,2012년 12월 4일 06시,화요일,대전광역시 대덕구 문평동,경상사고,0,0,1,0,차대차 - 정면충돌,안전운전불이행,건조,맑음,교차로 - 교차로안,화물,기타불명,기타불명,기타불명,승용,남,42세,경상
2012120400100113,2012년 12월 4일 07시,화요일,대전광역시 중구 유천동,경상사고,0,0,1,0,차대차 - 측면직각충돌,안전거리미확보,건조,맑음,교차로 - 교차로안,화물,남,27세,상해없음,승용,남,68세,상해없음
2012120400100163,2012년 12월 4일 08시,화요일,대전광역시 중구 대사동,중상사고,0,1,0,0,차대사람 - 기타,안전운전불이행,건조,맑음,단일로 - 기타,승합,남,58세,상해없음,보행자,남,95세,중상
2012120400100192,2012년 12월 4일 09시,화요일,대전광역시 대덕구 오정동,경상사고,0,0,4,0,차대차 - 추돌 - 진행중,안전운전불이행,건조,맑음,단일로 - 기타,승용,여,57세,상해없음,승용,남,24세,경상
2012120400100286,2012년 12월 4일 12시,화요일,대전광역시 서구 정림동,경상사고,0,0,1,0,차량단독 - 기타,기타,기타,기타,단일로 - 기타,승합,남,56세,상해없음,,,,
2012120400100374,2012년 12월 4일 15시,화요일,대전광역시 서구 가장동,부상신고사고,0,0,0,1,차대사람 - 보도통행중,안전운전불이행,건조,흐림,단일로 - 기타,승용,남,70세,상해없음,보행자,여,36세,부상신고
2012120400100402,2012년 12월 4일 16시,화요일,대전광역시 동구 가오동,경상사고,0,0,2,1,차대사람 - 횡단중,신호위반,건조,맑음,단일로 - 횡단보도상,승용,여,47세,상해없음,보행자,여,8세,부상신고
2012120400100454,2012년 12월 4일 17시,화요일,대전광역시 중구 부사동,중상사고,0,1,0,0,차대차 - 기타,교차로운행방법위반,건조,맑음,교차로 - 교차로안,승용,남,54세,상해없음,원동기,남,73세,중상
2012120400100599,2012년 12월 4일 21시,화요일,대전광역시 유성구 장대동,경상사고,0,0,1,0,차대차 - 추돌 - 주정차중,안전운전불이행,건조,맑음,교차로 - 교차로부근,승용,남,57세,상해없음,승용,남,52세,경상
2012120400100665,2012년 12월 4일 23시,화요일,대전광역시 서구 도마동,경상사고,0,0,1,0,차대차 - 측면직각충돌,안전운전불이행,건조,맑음,단일로 - 기타,승용,남,54세,상해없음,승합,남,48세,기타불명
2012120500100019,2012년 12월 5일 00시,수요일,대전광역시 서구 용문동,경상사고,0,0,1,0,차대차 - 추돌 - 주정차중,안전운전불이행,건조,맑음,교차로 - 교차로부근,승용,남,30세,상해없음,승용,남,33세,경상
2012120500100020,2012년 12월 5일 00시,수요일,대전광역시 대덕구 중리동,경상사고,0,0,1,0,차대차 - 정면충돌,중앙선침범,건조,맑음,단일로 - 기타,승용,남,36세,상해없음,승용,남,66세,경상
2012120500100117,2012년 12월 5일 08시,수요일,대전광역시 서구 정림동,경상사고,0,0,1,0,차대사람 - 횡단중,안전운전불이행,건조,맑음,교차로 - 교차로부근,승합,남,64세,상해없음,보행자,여,18세,경상
2012120500100181,2012년 12월 5일 11시,수요일,대전광역시 동구 용전동,경상사고,0,0,1,0,차대사람 - 기타,안전운전불이행,습기,비,단일로 - 기타,승용,남,25세,상해없음,보행자,남,51세,경상
2012120500100182,2012년 12월 5일 11시,수요일,대전광역시 대덕구 읍내동,경상사고,0,0,1,0,차대차 - 추돌 - 진행중,안전운전불이행,건조,맑음,교차로 - 교차로부근,건설기계,남,44세,상해없음,승용,여,52세,경상
2012120500100183,2012년 12월 5일 11시,수요일,대전광역시 유성구 관평동,중상사고,0,2,0,0,차대차 - 측면직각충돌,신호위반,건조,맑음,교차로 - 교차로안,승용,남,59세,상해없음,승용,여,56세,중상
2012120500100438,2012년 12월 5일 17시,수요일,대전광역시 동구 자양동,경상사고,0,0,2,0,차대사람 - 횡단중,안전운전불이행,건조,맑음,교차로 - 교차로안,승용,기타불명,기타불명,기타불명,보행자,여,17세,경상
2012120500100455,2012년 12월 5일 18시,수요일,대전광역시 동구 비룡동,중상사고,0,1,2,0,차대차 - 추돌 - 진행중,안전운전불이행,적설,눈,단일로 - 기타,승용,남,36세,상해없음,승용,여,45세,경상
2012120500100456,2012년 12월 5일 18시,수요일,대전광역시 동구 신상동,경상사고,0,0,1,0,차대차 - 측면직각충돌,안전운전불이행,결빙,눈,단일로 - 기타,승용,남,64세,상해없음,화물,남,50세,경상
2012120500100489,2012년 12월 5일 18시,수요일,대전광역시 동구 신흥동,중상사고,0,1,0,0,차대사람 - 횡단중,보행자보호의무위반,습기,눈,교차로 - 교차로부근,화물,남,56세,상해없음,보행자,여,54세,중상
2012120500100533,2012년 12월 5일 19시,수요일,대전광역시 서구 관저동,경상사고,0,0,1,0,차대차 - 정면충돌,신호위반,습기,눈,교차로 - 교차로안,승용,남,41세,상해없음,승합,남,25세,경상
2012120500100534,2012년 12월 5일 19시,수요일,대전광역시 대덕구 중리동,중상사고,0,1,0,0,차대사람 - 횡단중,보행자보호의무위반,습기,눈,교차로 - 교차로안,승용,남,48세,상해없음,보행자,남,52세,중상
2012120500100561,2012년 12월 5일 20시,수요일,대전광역시 서구 갈마동,경상사고,0,0,3,0,차대차 - 측면직각충돌,안전운전불이행,결빙,눈,단일로 - 기타,승용,남,54세,상해없음,승용,남,40세,기타불명
2012120500100588,2012년 12월 5일 21시,수요일,대전광역시 유성구 관평동,경상사고,0,0,1,0,차대차 - 정면충돌,안전운전불이행,건조,맑음,교차로 - 교차로안,승용,남,45세,상해없음,승용,여,39세,경상
2012120500100627,2012년 12월 5일 22시,수요일,대전광역시 동구 용전동,경상사고,0,0,2,0,차대차 - 측면직각충돌,안전거리미확보,결빙,눈,단일로 - 기타,승합,남,54세,상해없음,승용,남,31세,경상
2012120500100628,2012년 12월 5일 22시,수요일,대전광역시 서구 둔산동,중상사고,0,1,1,0,차대차 - 측면직각충돌,신호위반,적설,눈,교차로 - 교차로안,승용,남,27세,상해없음,승용,남,42세,경상
2012120600100019,2012년 12월 6일 00시,목요일,대전광역시 서구 용문동,경상사고,0,0,1,0,차대차 - 추돌 - 진행중,안전운전불이행,결빙,눈,단일로 - 기타,승용,기타불명,기타불명,기타불명,승용,남,56세,경상
2012120600100020,2012년 12월 6일 00시,목요일,대전광역시 서구 갈마동,경상사고,0,0,1,0,차대차 - 측면직각충돌,안전운전불이행,적설,눈,단일로 - 기타,화물,남,55세,상해없음,승용,남,54세,경상
2012120600100021,2012년 12월 6일 00시,목요일,대전광역시 서구 월평동,경상사고,0,0,1,0,차대사람 - 보도통행중,안전운전불이행,결빙,눈,단일로 - 기타,승용,남,27세,상해없음,보행자,남,42세,경상
2012120600100022,2012년 12월 6일 00시,목요일,대전광역시 유성구 구성동,경상사고,0,0,2,0,차량단독 - 공작물충돌,안전운전불이행,결빙,눈,단일로 - 기타,승용,남,48세,상해없음,,,,
2012120600100036,2012년 12월 6일 01시,목요일,대전광역시 중구 선화동,경상사고,0,0,1,0,차대차 - 기타,안전운전불이행,적설,눈,교차로 - 교차로부근,승용,남,47세,상해없음,승용,남,27세,경상
2012120600100037,2012년 12월 6일 01시,목요일,대전광역시 동구 용전동,경상사고,0,0,1,0,차대차 - 측면직각충돌,안전운전불이행,결빙,눈,단일로 - 기타,승용,남,32세,상해없음,승용,남,22세,경상
2012120600100038,2012년 12월 6일 01시,목요일,대전광역시 서구 괴정동,경상사고,0,0,1,0,차대차 - 측면직각충돌,안전운전불이행,결빙,눈,단일로 - 기타,승용,남,32세,상해없음,승용,남,22세,경상
2012120600100039,2012년 12월 6일 01시,목요일,대전광역시 서구 갈마동,경상사고,0,0,1,0,차대차 - 측면직각충돌,안전운전불이행,적설,눈,교차로 - 교차로안,승용,남,23세,상해없음,승용,남,51세,경상
2012120600100059,2012년 12월 6일 02시,목요일,대전광역시 서구 변동,경상사고,0,0,1,0,차대차 - 측면직각충돌,안전운전불이행,결빙,눈,교차로 - 교차로부근,승용,기타불명,기타불명,기타불명,승용,남,38세,경상
2012120600100060,2012년 12월 6일 02시,목요일,대전광역시 서구 탄방동,중상사고,0,1,1,0,차대사람 - 기타,안전운전불이행,적설,눈,단일로 - 기타,승용,남,38세,상해없음,보행자,남,40세,중상
2012120600100066,2012년 12월 6일 03시,목요일,대전광역시 동구 용전동,경상사고,0,0,3,0,차대차 - 추돌 - 주정차중,안전운전불이행,결빙,눈,단일로 - 기타,승용,남,40세,상해없음,승용,남,54세,경상
2012120600100101,2012년 12월 6일 06시,목요일,대전광역시 서구 괴정동,경상사고,0,0,1,0,차대차 - 추돌 - 진행중,안전운전불이행,결빙,눈,단일로 - 기타,승용,남,57세,상해없음,승용,남,38세,경상
2012120600100217,2012년 12월 6일 09시,목요일,대전광역시 중구 오류동,중상사고,0,1,1,0,차대차 - 측면직각충돌,신호위반,적설,눈,교차로 - 교차로안,승합,남,52세,상해없음,승용,여,38세,중상
2012120600100250,2012년 12월 6일 10시,목요일,대전광역시 중구 선화동,중상사고,0,1,0,0,차대차 - 측면직각충돌,안전운전불이행,적설,눈,단일로 - 기타,승용,남,27세,상해없음,승용,남,33세,중상