사고번호,사고일시,요일,시군구,사고내용,사망자수,중상자수,경상자수,부상신고자수,사고유형,법규위반,노면상태,기상상태,도로형태,가해운전자 차종,가해운전자 성별,가해운전자 연령,가해운전자 상해정도,피해운전자 차종,피해운전자 성별,피해운전자 연령,피해운전자 상해정도
2012121400100821,2012년 12월 14일 21시,금요일,대전광역시 동구 신흥동,경상사고,0,0,2,0,차대차 - 추돌 - 진행중,안전운전불이행,습기,비,교차로 - 교차로안,승용,남,36세,상해없음,승용,남,29세,경상
2012121400100822,2012년 12월 14일 21시,금요일,대전광역시 서구 괴정동,중상사고,0,1,0,0,차대사람 - 횡단중,신호위반,습기,비,단일로 - 기타,이륜,남,50세,상해없음,보행자,여,51세,중상
2012121400100858,2012년 12월 14일 22시,금요일,대전광역시 서구 관저동,중상사고,0,1,0,0,차대사람 - 횡단중,안전운전불이행,습기,비,단일로 - 기타,승용,남,32세,상해없음,보행자,여,19세,중상
2012121400100893,2012년 12월 14일 23시,금요일,대전광역시 중구 옥계동,경상사고,0,0,2,0,차대차 - 기타,안전운전불이행,습기,흐림,교차로 - 교차로안,승용,남,46세,상해없음,화물,남,30세,경상
2012121400100894,2012년 12월 14일 23시,금요일,대전광역시 대덕구 대화동,경상사고,0,0,1,0,차대차 - 측면직각충돌,안전거리미확보,습기,눈,단일로 - 기타,승용,남,27세,상해없음,승용,남,22세,상해없음
2012121400100895,2012년 12월 14일 23시,금요일,대전광역시 유성구 화암동,중상사고,0,1,0,0,차대차 - 측면직각충돌,신호위반,습기,흐림,교차로 - 교차로안,승용,남,33세,상해없음,승용,남,51세,중상
2012121500100083,2012년 12월 15일 01시,토요일,대전광역시 중구 대흥동,중상사고,0,1,0,0,차대사람 - 횡단중,안전운전불이행,건조,맑음,단일로 - 기타,승용,남,31세,상해없음,보행자,남,33세,중상
2012121500100084,2012년 12월 15일 01시,토요일,대전광역시 중구 용두동,경상사고,0,0,2,0,차대사람 - 기타,신호위반,건조,맑음,단일로 - 횡단보도상,승용,남,32세,상해없음,보행자,남,23세,경상
2012121500100104,2012년 12월 15일 02시,토요일,대전광역시 서구 탄방동,경상사고,0,0,2,0,차대차 - 추돌 - 주정차중,안전운전불이행,습기,흐림,단일로 - 기타,승용,남,22세,상해없음,승용,여,47세,경상
2012121500100123,2012년 12월 15일 03시,토요일,대전광역시 중구 은행동,경상사고,0,0,2,0,차대차 - 기타,신호위반,습기,비,교차로 - 교차로안,승용,남,29세,상해없음,승용,남,42세,경상
2012121500100354,2012년 12월 15일 15시,토요일,대전광역시 동구 중동,경상사고,0,0,1,0,차대차 - 측면직각충돌,안전운전불이행,건조,맑음,단일로 - 기타,화물,남,55세,상해없음,승용,여,52세,경상
2012121500100355,2012년 12월 15일 15시,토요일,대전광역시 유성구 봉명동,경상사고,0,0,1,0,차대사람 - 기타,안전운전불이행,건조,맑음,교차로 - 교차로안,화물,여,51세,상해없음,보행자,남,29세,경상
2012121500100471,2012년 12월 15일 19시,토요일,대전광역시 서구 도마동,경상사고,0,0,1,0,차량단독 - 기타,안전운전불이행,건조,맑음,단일로 - 기타,승용,남,56세,상해없음,,,,
2012121500100472,2012년 12월 15일 19시,토요일,대전광역시 대덕구 오정동,중상사고,0,1,1,0,차대사람 - 기타,안전운전불이행,건조,맑음,교차로 - 교차로부근,승용,남,45세,상해없음,보행자,남,55세,중상
2012121500100566,2012년 12월 15일 22시,토요일,대전광역시 동구 성남동,경상사고,0,0,2,0,차대차 - 추돌 - 진행중,안전운전불이행,건조,맑음,단일로 - 기타,승용,남,45세,상해없음,승용,여,55세,경상
2012121500100567,2012년 12월 15일 22시,토요일,대전광역시 대덕구 오정동,중상사고,0,1,1,0,차대차 - 측면직각충돌,안전거리미확보,건조,맑음,단일로 - 기타,화물,남,55세,상해없음,승용,남,35세,경상
2012121500100568,2012년 12월 15일 22시,토요일,대전광역시 유성구 장대동,중상사고,0,1,0,0,차대차 - 정면충돌,교차로운행방법위반,건조,맑음,교차로 - 교차로부근,승용,남,39세,상해없음,승용,남,42세,중상
2012121500100569,2012년 12월 15일 22시,토요일,대전광역시 서구 둔산동,중상사고,0,1,0,0,차대사람 - 기타,안전운전불이행,건조,맑음,단일로 - 기타,승용,남,26세,상해없음,보행자,남,27세,중상
2012121500100615,2012년 12월 15일 23시,토요일,대전광역시 대덕구 오정동,경상사고,0,0,1,0,차대차 - 추돌 - 주정차중,안전운전불이행,건조,맑음,단일로 - 기타,승합,남,50세,상해없음,승용,남,37세,경상
2012121600100160,2012년 12월 16일 06시,일요일,대전광역시 동구 용전동,경상사고,0,0,2,0,차대차 - 측면직각충돌,중앙선침범,건조,맑음,단일로 - 기타,승용,남,54세,상해없음,승용,남,32세,경상
2012121600100161,2012년 12월 16일 06시,일요일,대전광역시 유성구 신성동,사망사고,1,1,0,0,차량단독 - 공작물충돌,안전운전불이행,결빙,안개,단일로 - 기타,승용,남,51세,중상,,,,
2012121600100196,2012년 12월 16일 07시,일요일,대전광역시 중구 옥계동,중상사고,0,1,0,0,차대사람 - 기타,안전운전불이행,건조,맑음,단일로 - 기타,승용,남,32세,상해없음,보행자,여,43세,중상
2012121600100409,2012년 12월 16일 17시,일요일,대전광역시 대덕구 신탄진동,경상사고,0,0,4,0,차대차 - 측면직각충돌,중앙선침범,결빙,흐림,단일로 - 기타,승용,남,23세,상해없음,승용,남,53세,경상
2012121600100436,2012년 12월 16일 18시,일요일,대전광역시 동구 용운동,사망사고,1,0,0,0,차량단독 - 공작물충돌,안전운전불이행,건조,맑음,단일로 - 기타,승용,남,69세,사망,,,,
2012121600100437,2012년 12월 16일 18시,일요일,대전광역시 동구 대성동,경상사고,0,0,1,0,차대차 - 측면직각충돌,신호위반,건조,맑음,교차로 - 교차로부근,승용,남,49세,상해없음,자전거,여,43세,경상
2012121600100517,2012년 12월 16일 22시,일요일,대전광역시 서구 갈마동,경상사고,0,0,1,0,차대사람 - 길가장자리구역통행중,안전운전불이행,건조,맑음,단일로 - 기타,원동기,남,56세,상해없음,보행자,남,37세,경상
2012121700100069,2012년 12월 17일 06시,월요일,대전광역시 유성구 봉명동,경상사고,0,0,1,0,차대차 - 기타,안전운전불이행,건조,맑음,단일로 - 기타,승용,남,51세,상해없음,승용,여,65세,경상
2012121700100096,2012년 12월 17일 07시,월요일,대전광역시 중구 중촌동,중상사고,0,1,1,0,차대차 - 정면충돌,중앙선침범,건조,맑음,단일로 - 기타,승합,여,45세,상해없음,승용,남,63세,경상
2012121700100097,2012년 12월 17일 07시,월요일,대전광역시 동구 삼성동,중상사고,0,1,1,0,차대사람 - 횡단중,보행자보호의무위반,건조,맑음,단일로 - 횡단보도상,화물,남,40세,상해없음,보행자,여,60세,중상
2012121700100192,2012년 12월 17일 11시,월요일,대전광역시 동구 원동,중상사고,0,1,0,0,차대사람 - 횡단중,안전운전불이행,건조,맑음,단일로 - 기타,승용,여,47세,상해없음,보행자,여,50세,중상
2012121700100298,2012년 12월 17일 16시,월요일,대전광역시 동구 가양동,중상사고,0,1,0,0,차대사람 - 차도통행중,안전운전불이행,건조,맑음,단일로 - 기타,승합,남,58세,상해없음,보행자,여,81세,중상
2012121700100387,2012년 12월 17일 19시,월요일,대전광역시 유성구 덕명동,중상사고,0,1,0,0,차대차 - 측면직각충돌,신호위반,건조,맑음,교차로 - 교차로안,이륜,남,54세,중상,승용,여,54세,상해없음
2012121700100469,2012년 12월 17일 22시,월요일,대전광역시 중구 대흥동,중상사고,0,1,0,0,차대사람 - 횡단중,안전운전불이행,건조,맑음,단일로 - 기타,승용,남,64세,상해없음,보행자,남,24세,중상
2012121700100470,2012년 12월 17일 22시,월요일,대전광역시 대덕구 오정동,중상사고,0,1,3,0,차대차 - 추돌 - 주정차중,안전운전불이행,건조,흐림,단일로 - 기타,승용,남,39세,상해없음,승용,남,50세,중상
2012121700100471,2012년 12월 17일 22시,월요일,대전광역시 유성구 송강동,경상사고,0,0,1,0,차대사람 - 길가장자리구역통행중,안전운전불이행,건조,맑음,단일로 - 기타,승용,여,42세,상해없음,보행자,남,39세,경상
2012121700100472,2012년 12월 17일 22시,월요일,대전광역시 유성구 봉명동,중상사고,0,1,1,0,차대차 - 측면직각충돌,안전운전불이행,건조,맑음,교차로 - 교차로안,승용,여,49세,상해없음,승용,남,35세,중상
2012121700100500,2012년 12월 17일 23시,월요일,대전광역시 유성구 노은동,경상사고,0,0,1,0,차대차 - 측면직각충돌,신호위반,건조,맑음,교차로 - 교차로안,승용,남,56세,상해없음,승용,여,43세,경상
2012121800100015,2012년 12월 18일 00시,화요일,대전광역시 대덕구 덕암동,경상사고,0,0,1,0,차대차 - 기타,안전운전불이행,건조,맑음,단일로 - 기타,승용,남,44세,상해없음,화물,남,39세,상해없음
2012121800100033,2012년 12월 18일 01시,화요일,대전광역시 대덕구 중리동,경상사고,0,0,1,0,차대차 - 측면직각충돌,안전운전불이행,건조,흐림,단일로 - 기타,원동기,남,31세,상해없음,화물,남,61세,경상
2012121800100074,2012년 12월 18일 06시,화요일,대전광역시 유성구 관평동,경상사고,0,0,1,0,차대차 - 추돌 - 주정차중,안전운전불이행,건조,맑음,단일로 - 기타,승용,남,65세,상해없음,승용,남,65세,경상
2012121800100134,2012년 12월 18일 09시,화요일,대전광역시 서구 괴정동,중상사고,0,1,0,0,차대차 - 정면충돌,안전운전불이행,건조,맑음,교차로 - 교차로안,승용,남,49세,상해없음,자전거,남,78세,중상
2012121800100246,2012년 12월 18일 14시,화요일,대전광역시 유성구 구암동,경상사고,0,0,2,0,차대차 - 기타,교차로운행방법위반,건조,맑음,교차로 - 교차로안,승합,남,28세,경상,승용,남,52세,경상
2012121800100328,2012년 12월 18일 17시,화요일,대전광역시 서구 도마동,경상사고,0,0,1,0,차대사람 - 횡단중,보행자보호의무위반,건조,맑음,교차로 - 교차로부근,승용,여,47세,상해없음,보행자,여,54세,경상
2012121800100371,2012년 12월 18일 18시,화요일,대전광역시 동구 정동,중상사고,0,1,0,0,차대차 - 측면직각충돌,신호위반,건조,맑음,교차로 - 교차로안,승용,남,48세,상해없음,원동기,남,64세,중상
2012121800100372,2012년 12월 18일 18시,화요일,대전광역시 동구 삼성동,중상사고,0,1,0,0,차대차 - 측면직각충돌,신호위반,건조,맑음,단일로 - 기타,화물,남,72세,상해없음,승용,여,30세,중상
2012121800100373,2012년 12월 18일 18시,화요일,대전광역시 서구 도마동,중상사고,0,1,0,0,차대사람 - 횡단중,안전운전불이행,건조,맑음,단일로 - 기타,승용,남,33세,상해없음,보행자,남,49세,중상
2012121800100404,2012년 12월 18일 19시,화요일,대전광역시 동구 낭월동,경상사고,0,0,1,0,차대차 - 기타,안전운전불이행,건조,맑음,교차로 - 교차로안,화물,남,56세,상해없음,승합,남,42세,상해없음
2012121800100425,2012년 12월 18일 20시,화요일,대전광역시 서구 변동,중상사고,0,1,0,0,차대차 - 기타,신호위반,건조,맑음,교차로 - 교차로안,승용,남,68세,상해없음,이륜,남,51세,중상
2012121800100426,2012년 12월 18일 20시,화요일,대전광역시 서구 정림동,경상사고,0,0,1,1,차대사람 - 횡단중,안전운전불이행,건조,맑음,교차로 - 교차로부근,화물,남,44세,상해없음,보행자,남,51세,경상
2012121800100497,2012년 12월 18일 22시,화요일,대전광역시 대덕구 석봉동,경상사고,0,0,1,0,차대차 - 추돌 - 진행중,안전운전불이행,건조,맑음,단일로 - 기타,승용,여,41세,상해없음,승용,남,25세,경상
2012121800100526,2012년 12월 18일 23시,화요일,대전광역시 대덕구 오정동,중상사고,0,1,0,0,차대사람 - 차도통행중,안전운전불이행,건조,맑음,단일로 - 횡단보도부근,승용,남,47세,상해없음,보행자,남,53세,중상
2012121900100021,2012년 12월 19일 00시,수요일,대전광역시 서구 정림동,중상사고,0,1,2,0,차대차 - 측면직각충돌,신호위반,건조,맑음,교차로 - 교차로안,승용,남,29세,상해없음,승합,남,33세,경상
2012121900100022,2012년 12월 19일 00시,수요일,대전광역시 대덕구 중리동,경상사고,0,0,2,0,차대차 - 측면직각충돌,신호위반,건조,맑음,교차로 - 교차로안,승용,남,31세,상해없음,승용,남,60세,경상
2012121900100082,2012년 12월 19일 04시,수요일,대전광역시 서구 용문동,중상사고,0,1,1,0,차대차 - 추돌 - 진행중,안전운전불이행,건조,맑음,단일로 - 교량,승용,남,23세,상해없음,승용,남,50세,경상
2012121900100166,2012년 12월 19일 10시,수요일,대전광역시 유성구 관평동,경상사고,0,0,1,0,차대사람 - 횡단중,신호위반,건조,맑음,단일로 - 횡단보도상,승용,남,32세,상해없음,보행자,남,10세,경상
2012121900100167,2012년 12월 19일 10시,수요일,대전광역시 유성구 구암동,중상사고,0,1,0,0,차대사람 - 횡단중,보행자보호의무위반,건조,맑음,단일로 - 횡단보도상,승용,남,54세,상해없음,보행자,여,83세,중상
2012121900100181,2012년 12월 19일 11시,수요일,대전광역시 중구 석교동,경상사고,0,0,1,0,차대차 - 측면직각충돌,안전거리미확보,건조,맑음,단일로 - 기타,승용,남,56세,상해없음,원동기,남,70세,경상
2012121900100231,2012년 12월 19일 13시,수요일,대전광역시 서구 둔산동,경상사고,0,0,2,0,차대차 - 추돌 - 주정차중,안전거리미확보,건조,맑음,교차로 - 교차로안,승용,남,49세,상해없음,승용,남,30세,경상
2012121900100263,2012년 12월 19일 14시,수요일,대전광역시 중구 태평동,중상사고,0,1,0,0,차대사람 - 횡단중,안전운전불이행,건조,맑음,기타 - 기타,승용,남,57세,상해없음,보행자,여,28세,중상
2012121900100264,2012년 12월 19일 14시,수요일,대전광역시 동구 용전동,중상사고,0,1,0,0,차대사람 - 차도통행중,안전운전불이행,건조,맑음,교차로 - 교차로부근,승용,여,33세,상해없음,보행자,남,50세,중상
2012121900100265,2012년 12월 19일 14시,수요일,대전광역시 유성구 원내동,경상사고,0,0,3,0,차대차 - 측면직각충돌,안전거리미확보,건조,맑음,단일로 - 기타,승용,남,30세,상해없음,화물,남,52세,경상
2012121900100283,2012년 12월 19일 15시,수요일,대전광역시 대덕구 목상동,경상사고,0,0,1,0,차량단독 - 기타,안전운전불이행,건조,맑음,단일로 - 기타,승합,남,54세,상해없음,,,,
2012121900100310,2012년 12월 19일 16시,수요일,대전광역시 동구 성남동,경상사고,0,0,1,0,차대사람 - 기타,안전운전불이행,건조,맑음,단일로 - 기타,승용,남,54세,상해없음,보행자,남,32세,경상
2012121900100337,2012년 12월 19일 17시,수요일,대전광역시 중구 유천동,중상사고,0,1,0,0,차대차 - 측면직각충돌,안전거리미확보,결빙,맑음,단일로 - 기타,승용,여,38세,상해없음,원동기,남,59세,중상
2012121900100338,2012년 12월 19일 17시,수요일,대전광역시 동구 용전동,경상사고,0,0,5,0,차대차 - 측면직각충돌,중앙선침범,건조,맑음,교차로 - 교차로부근,승용,남,43세,상해없음,승용,남,37세,경상
2012121900100367,2012년 12월 19일 18시,수요일,대전광역시 중구 안영동,경상사고,0,0,2,0,차대차 - 기타,안전운전불이행,건조,맑음,교차로 - 교차로부근,화물,남,59세,상해없음,승용,남,25세,경상
2012121900100426,2012년 12월 19일 20시,수요일,대전광역시 중구 대흥동,경상사고,0,0,3,0,차대차 - 추돌 - 주정차중,안전운전불이행,건조,맑음,단일로 - 기타,승용,여,46세,상해없음,승용,여,45세,경상
2012122000100050,2012년 12월 20일 04시,목요일,대전광역시 서구 도마동,사망사고,1,0,0,0,차대사람 - 횡단중,안전운전불이행,건조,맑음,단일로 - 횡단보도부근,화물,남,35세,상해없음,보행자,여,80세,사망
2012122000100051,2012년 12월 20일 04시,목요일,대전광역시 서구 탄방동,사망사고,1,9,1,0,차대차 - 기타,중앙선침범,건조,맑음,단일로 - 기타,승용,남,39세,사망,승합,남,32세,중상
2012122000100052,2012년 12월 20일 04시,목요일,대전광역시 유성구 탑립동,사망사고,1,2,1,0,차량단독 - 기타,과속,건조,맑음,단일로 - 기타,승용,남,21세,중상,,,,
2012122000100097,2012년 12월 20일 07시,목요일,대전광역시 대덕구 비래동,중상사고,0,1,0,0,차대차 - 측면직각충돌,신호위반,건조,맑음,교차로 - 교차로안,승용,남,56세,상해없음,승용,남,32세,중상
2012122000100098,2012년 12월 20일 07시,목요일,대전광역시 유성구 관평동,중상사고,0,2,0,0,차대차 - 기타,신호위반,건조,맑음,교차로 - 교차로안,화물,남,54세,상해없음,승용,여,43세,중상
2012122000100122,2012년 12월 20일 08시,목요일,대전광역시 서구 월평동,경상사고,0,0,1,0,차대차 - 측면직각충돌,중앙선침범,건조,맑음,단일로 - 기타,승용,남,19세,상해없음,승용,남,43세,경상
2012122000100146,2012년 12월 20일 09시,목요일,대전광역시 서구 탄방동,경상사고,0,0,2,0,차대차 - 추돌 - 진행중,안전운전불이행,결빙,맑음,교차로 - 교차로안,화물,남,29세,상해없음,승용,여,39세,경상
2012122000100221,2012년 12월 20일 13시,목요일,대전광역시 유성구 노은동,중상사고,0,1,0,0,차대차 - 추돌 - 진행중,신호위반,건조,맑음,교차로 - 교차로안,승용,여,38세,상해없음,승용,여,33세,중상
2012122000100244,2012년 12월 20일 14시,목요일,대전광역시 서구 도마동,중상사고,0,1,0,0,차량단독 - 기타,기타,건조,기타,단일로 - 기타,승합,남,51세,상해없음,,,,
2012122000100263,2012년 12월 20일 15시,목요일,대전광역시 대덕구 송촌동,중상사고,0,1,0,0,차대사람 - 횡단중,보행자보호의무위반,건조,맑음,교차로 - 교차로안,승합,남,50세,상해없음,보행자,남,88세,중상
2012122000100264,2012년 12월 20일 15시,목요일,대전광역시 대덕구 중리동,경상사고,0,0,1,0,차대차 - 기타,안전운전불이행,건조,맑음,교차로 - 교차로안,승용,남,44세,상해없음,승용,남,50세,경상
2012122000100291,2012년 12월 20일 16시,목요일,대전광역시 동구 신흥동,경상사고,0,0,4,0,차대차 - 측면직각충돌,안전운전불이행,건조,맑음,교차로 - 교차로부근,승용,여,70세,상해없음,승용,여,33세,경상
2012122000100292,2012년 12월 20일 16시,목요일,대전광역시 대덕구 오정동,경상사고,0,0,1,0,차대차 - 측면직각충돌,안전운전불이행,건조,맑음,교차로 - 교차로부근,승용,남,31세,상해없음,이륜,남,35세,경상
2012122000100321,2012년 12월 20일 17시,목요일,대전광역시 대덕구 오정동,경상사고,0,0,1,0,차대차 - 기타,차로위반,건조,맑음,단일로 - 기타,승용,남,59세,상해없음,승용,남,56세,경상
2012122000100366,2012년 12월 20일 18시,목요일,대전광역시 중구 목동,경상사고,0,0,1,0,차대차 - 측면직각충돌,신호위반,건조,맑음,단일로 - 기타,화물,남,44세,상해없음,승합,남,26세,경상
2012122000100367,2012년 12월 20일 18시,목요일,대전광역시 서구 월평동,경상사고,0,0,1,0,차대차 - 측면직각충돌,안전거리미확보,건조,맑음,단일로 - 기타,승용,여,55세,상해없음,승용,남,55세,경상
2012122000100417,2012년 12월 20일 20시,목요일,대전광역시 서구 복수동,경상사고,0,0,1,0,차대사람 - 횡단중,신호위반,건조,흐림,교차로 - 교차로안,승용,남,60세,상해없음,보행자,여,10세,경상
2012122000100418,2012년 12월 20일 20시,목요일,대전광역시 서구 월평동,경상사고,0,0,1,0,차대차 - 측면직각충돌,안전운전불이행,건조,맑음,단일로 - 기타,승용,남,59세,상해없음,승용,남,39세,경상
2012122000100419,2012년 12월 20일 20시,목요일,대전광역시 서구 탄방동,경상사고,0,0,2,0,차대차 - 추돌 - 주정차중,안전운전불이행,건조,맑음,교차로 - 교차로부근,승용,남,36세,상해없음,승용,여,41세,경상
2012122000100475,2012년 12월 20일 22시,목요일,대전광역시 동구 홍도동,경상사고,0,0,1,0,차대차 - 기타,안전운전불이행,습기,흐림,미분류 - 미분류,승용,남,33세,상해없음,승합,남,50세,경상
2012122000100500,2012년 12월 20일 23시,목요일,대전광역시 서구 변동,경상사고,0,0,2,0,차대차 - 측면직각충돌,신호위반,건조,맑음,교차로 - 교차로안,승용,남,28세,상해없음,화물,남,41세,경상
2012122000100501,2012년 12월 20일 23시,목요일,대전광역시 유성구 관평동,중상사고,0,1,0,0,차대사람 - 횡단중,보행자보호의무위반,건조,맑음,단일로 - 횡단보도상,승용,여,52세,상해없음,보행자,남,43세,중상
2012122100100018,2012년 12월 21일 00시,금요일,대전광역시 중구 태평동,경상사고,0,0,4,0,차대차 - 추돌 - 주정차중,안전운전불이행,건조,맑음,단일로 - 기타,승용,남,30세,상해없음,화물,남,55세,경상
2012122100100019,2012년 12월 21일 00시,금요일,대전광역시 서구 용문동,중상사고,0,1,1,0,차대차 - 측면직각충돌,신호위반,건조,맑음,교차로 - 교차로안,승용,남,41세,상해없음,승용,남,54세,중상
2012122100100020,2012년 12월 21일 00시,금요일,대전광역시 유성구 궁동,중상사고,0,1,0,0,차대차 - 추돌 - 진행중,안전거리미확보,건조,맑음,단일로 - 기타,승용,남,39세,상해없음,이륜,남,52세,중상
2012122100100056,2012년 12월 21일 03시,금요일,대전광역시 중구 용두동,경상사고,0,0,2,0,차대차 - 추돌 - 주정차중,안전운전불이행,건조,맑음,단일로 - 기타,승용,남,32세,상해없음,승용,남,31세,경상
2012122100100094,2012년 12월 21일 06시,금요일,대전광역시 유성구 신성동,중상사고,0,1,0,0,차대차 - 추돌 - 주정차중,안전거리미확보,건조,맑음,미분류 - 미분류,승용,기타불명,기타불명,기타불명,자전거,남,66세,중상
2012122100100295,2012년 12월 21일 11시,금요일,대전광역시 유성구 구성동,중상사고,0,1,0,0,차대차 - 추돌 - 주정차중,안전운전불이행,결빙,눈,단일로 - 기타,승용,남,29세,상해없음,원동기,남,29세,중상
2012122100100296,2012년 12월 21일 11시,금요일,대전광역시 서구 갈마동,경상사고,0,0,1,0,차대차 - 측면직각충돌,안전운전불이행,결빙,눈,단일로 - 기타,승용,남,29세,상해없음,승용,남,52세,경상
2012122100100297,2012년 12월 21일 11시,금요일,대전광역시 유성구 원신흥동,중상사고,0,1,1,0,차대차 - 측면직각충돌,신호위반,결빙,눈,교차로 - 교차로안,승용,남,52세,상해없음,승용,남,37세,중상
2012122100100346,2012년 12월 21일 12시,금요일,대전광역시 대덕구 비래동,중상사고,0,1,1,0,차대사람 - 기타,중앙선침범,결빙,눈,단일로 - 기타,승용,남,28세,상해없음,보행자,남,49세,중상
2012122100100392,2012년 12월 21일 14시,금요일,대전광역시 유성구 둔곡동,경상사고,0,0,1,0,차대차 - 측면직각충돌,안전운전불이행,결빙,눈,단일로 - 기타,승합,남,58세,상해없음,승용,여,43세,경상
2012122100100600,2012년 12월 21일 21시,금요일,대전광역시 유성구 구암동,경상사고,0,0,1,0,차대차 - 추돌 - 진행중,안전운전불이행,결빙,흐림,단일로 - 기타,승용,남,44세,상해없음,승용,남,39세,경상
2012122100100674,2012년 12월 21일 23시,금요일,대전광역시 대덕구 중리동,경상사고,0,0,2,0,차대차 - 추돌 - 주정차중,안전운전불이행,건조,맑음,교차로 - 교차로안,승용,남,53세,상해없음,승용,남,56세,경상
2012122100100675,2012년 12월 21일 23시,금요일,대전광역시 유성구 화암동,경상사고,0,0,2,0,차대차 - 추돌 - 진행중,신호위반,결빙,흐림,교차로 - 교차로안,승용,남,32세,상해없음,승용,여,53세,경상
2012122100100676,2012년 12월 21일 23시,금요일,대전광역시 유성구 노은동,경상사고,0,0,2,0,차대차 - 추돌 - 진행중,안전운전불이행,결빙,흐림,교차로 - 교차로부근,승용,남,50세,상해없음,승용,여,30세,경상
2012122200100028,2012년 12월 22일 00시,토요일,대전광역시 서구 둔산동,경상사고,0,0,2,0,차대차 - 추돌 - 진행중,안전운전불이행,결빙,흐림,미분류 - 미분류,승용,남,30세,상해없음,승용,여,41세,경상
2012122200100099,2012년 12월 22일 03시,토요일,대전광역시 서구 탄방동,중상사고,0,1,0,0,차량단독 - 기타,기타,결빙,눈,단일로 - 기타,승용,남,61세,상해없음,,,,
2012122200100122,2012년 12월 22일 05시,토요일,대전광역시 동구 중동,중상사고,0,1,0,0,차대차 - 측면직각충돌,신호위반,건조,맑음,교차로 - 교차로안,승용,남,27세,상해없음,승합,남,55세,중상
2012122200100136,2012년 12월 22일 06시,토요일,대전광역시 대덕구 와동,경상사고,0,0,1,0,차대차 - 추돌 - 주정차중,안전운전불이행,건조,맑음,단일로 - 기타,승용,남,54세,상해없음,승용,남,67세,경상
2012122200100137,2012년 12월 22일 06시,토요일,대전광역시 서구 둔산동,경상사고,0,0,2,0,차대사람 - 횡단중,신호위반,건조,맑음,교차로 - 교차로안,승용,남,48세,상해없음,보행자,남,15세,경상
2012122200100156,2012년 12월 22일 07시,토요일,대전광역시 중구 중촌동,경상사고,0,0,2,0,차대차 - 추돌 - 진행중,안전거리미확보,습기,맑음,단일로 - 기타,승용,남,53세,상해없음,승용,여,38세,경상
2012122200100157,2012년 12월 22일 07시,토요일,대전광역시 대덕구 오정동,경상사고,0,0,3,0,차대차 - 측면직각충돌,교차로운행방법위반,건조,맑음,교차로 - 교차로안,승용,기타불명,기타불명,기타불명,승용,남,50세,경상
2012122200100247,2012년 12월 22일 12시,토요일,대전광역시 동구 가양동,경상사고,0,0,2,0,차대차 - 추돌 - 주정차중,안전운전불이행,건조,맑음,교차로 - 교차로부근,승용,남,30세,상해없음,승용,여,39세,경상
2012122200100274,2012년 12월 22일 13시,토요일,대전광역시 유성구 도룡동,경상사고,0,0,1,0,차대차 - 기타,교차로운행방법위반,건조,맑음,교차로 - 교차로안,승용,여,34세,상해없음,승용,남,53세,경상
2012122200100289,2012년 12월 22일 14시,토요일,대전광역시 유성구 봉명동,경상사고,0,0,1,0,차대사람 - 횡단중,보행자보호의무위반,습기,맑음,교차로 - 교차로부근,승용,여,36세,상해없음,보행자,여,30세,경상
2012122200100341,2012년 12월 22일 16시,토요일,대전광역시 유성구 송강동,중상사고,0,1,0,0,차대사람 - 횡단중,보행자보호의무위반,건조,맑음,단일로 - 횡단보도상,화물,남,37세,상해없음,보행자,여,62세,중상
2012122200100352,2012년 12월 22일 17시,토요일,대전광역시 중구 부사동,경상사고,0,0,3,0,차대차 - 추돌 - 진행중,안전거리미확보,건조,맑음,단일로 - 기타,승용,남,53세,상해없음,승용,남,33세,경상
2012122200100381,2012년 12월 22일 18시,토요일,대전광역시 서구 월평동,경상사고,0,0,1,0,차대차 - 기타,안전거리미확보,건조,맑음,단일로 - 기타,승용,남,43세,상해없음,원동기,남,42세,경상
2012122200100440,2012년 12월 22일 20시,토요일,대전광역시 중구 선화동,중상사고,0,1,0,0,차대차 - 기타,안전운전불이행,적설,맑음,단일로 - 기타,승합,여,38세,상해없음,이륜,남,49세,중상
2012122200100441,2012년 12월 22일 20시,토요일,대전광역시 대덕구 송촌동,경상사고,0,0,1,0,차대사람 - 횡단중,안전운전불이행,건조,맑음,교차로 - 교차로부근,승용,남,45세,상해없음,보행자,남,70세,경상
2012122200100472,2012년 12월 22일 21시,토요일,대전광역시 대덕구 오정동,경상사고,0,0,2,0,차대차 - 추돌 - 주정차중,안전운전불이행,건조,맑음,단일로 - 기타,화물,남,32세,상해없음,승합,남,40세,경상
2012122200100498,2012년 12월 22일 22시,토요일,대전광역시 동구 홍도동,경상사고,0,0,4,0,차대차 - 측면직각충돌,안전운전불이행,건조,맑음,단일로 - 기타,승용,여,43세,상해없음,승용,남,32세,경상
2012122200100499,2012년 12월 22일 22시,토요일,대전광역시 서구 도마동,경상사고,0,0,7,0,차대차 - 추돌 - 주정차중,안전운전불이행,건조,흐림,교차로 - 교차로부근,승용,남,32세,상해없음,승용,남,50세,경상